08:48:18,2.5849
08:48:19,3.1954
08:48:20,3.199
08:48:21,3.199
08:48:22,3.2882
08:48:23,3.2979
08:48:24,3.3089
08:48:25,3.3028
08:48:26,3.304
08:48:27,3.2882
08:48:28,3.2906
08:48:29,3.2991
08:48:30,2.6606
08:48:31,2.4029
08:48:32,3.2918
08:48:33,3.3028
08:48:34,3.2967
08:48:35,3.2918
08:48:36,3.3053
08:48:37,3.3016
08:48:38,3.2991
08:48:40,3.2979
08:48:41,3.2943
08:48:42,2.4737
08:48:43,3.3028
08:48:44,3.304
08:48:45,3.3089
08:48:46,3.304
08:48:47,3.3028
08:48:48,3.3089
08:48:49,3.3089
08:48:50,2.5201
08:48:51,3.2991
08:48:52,3.3126
08:48:53,3.3089
08:48:54,3.3016
08:48:55,3.3065
08:48:56,3.3211
08:48:57,3.3175
08:48:58,2.4518
08:48:59,3.3175
08:49:00,3.3211
08:49:01,2.6618
08:49:02,3.3211
08:49:03,3.315
08:49:04,3.3236
08:49:05,3.3211
08:49:06,2.5751
08:49:07,3.3138
08:49:08,3.3175
08:49:09,3.3223
08:49:10,3.2796
08:49:11,3.3211
08:49:12,3.3114
08:49:13,3.3175
08:49:14,3.3236
08:49:15,3.199
08:49:16,3.1966
08:49:17,3.1905
08:49:18,3.1929
08:49:19,2.3504
08:49:20,3.1966
08:49:21,3.2015
08:49:22,3.199
08:49:23,2.4078
08:49:24,3.2088
08:49:25,3.2088
08:49:26,3.2039
08:49:27,3.2149
08:49:28,3.2381
08:49:29,3.2186
08:49:30,3.2369
08:49:31,2.4652
08:49:32,2.5568
08:49:33,3.2039
08:49:34,3.21
08:49:35,3.243
08:49:36,3.243
08:49:37,3.2454
08:49:38,3.2491
08:49:40,3.2369
08:49:41,3.2137
08:49:42,3.2173
08:49:43,2.2784
08:49:44,2.2882
08:49:45,3.254
08:49:46,3.2552
08:49:47,3.2601
08:49:48,2.5531
08:49:49,3.2589
08:49:50,3.2625
08:49:51,3.2625
08:49:52,2.3468
08:49:53,3.265
08:49:54,3.2601
08:49:55,3.2576
08:49:56,2.3431
08:49:57,3.2601
08:49:58,3.2564
08:49:59,3.2613
08:50:00,3.2625
08:50:01,3.2613
08:50:02,3.2564
08:50:03,3.2589
08:50:04,3.2625
08:50:05,3.2686
08:50:06,3.2613
08:50:07,3.2576
08:50:08,3.2576
08:50:09,3.2613
08:50:10,3.2576
08:50:11,3.2613
08:50:12,3.265
08:50:13,3.2625
08:50:14,3.2625
08:50:15,3.1966
08:50:16,2.2381
08:50:17,3.2332
08:50:18,3.2369
08:50:19,3.2418
08:50:20,3.3162
08:50:21,3.199
08:50:22,3.1929
08:50:23,3.1917
08:50:24,3.1978
08:50:25,3.1978
08:50:26,3.1954
08:50:27,3.1954
08:50:28,3.1966
08:50:29,3.199
08:50:30,3.199
08:50:31,3.1954
08:50:32,3.2015
08:50:33,3.199
08:50:34,3.1941
08:50:35,3.1941
08:50:36,2.4567
08:50:37,3.1978
08:50:38,3.2027
08:50:39,3.2125
08:50:40,3.2051
08:50:42,3.2027
08:50:43,3.2027
08:50:44,3.2063
08:50:45,3.199
08:50:46,3.1966
08:50:47,3.1978
08:50:48,3.2027
08:50:49,3.2039
08:50:50,3.199
08:50:51,3.2002
08:50:52,2.5116
08:50:53,2.2515
08:50:54,2.2454
08:50:55,3.1966
08:50:56,3.2063
08:50:57,3.2051
08:50:58,3.2039
08:50:59,3.2051
08:51:00,3.1978
08:51:01,3.2088
08:51:02,3.2137
08:51:03,3.2869
08:51:04,3.2369
08:51:05,3.2308
08:51:06,2.4335
08:51:07,2.442
08:51:08,3.2759
08:51:09,3.2686
08:51:10,3.2747
08:51:11,3.2686
08:51:12,3.2747
08:51:13,3.2747
08:51:14,3.2747
08:51:15,3.2735
08:51:16,2.5324
08:51:17,3.2894
08:51:18,3.2589
08:51:19,3.2894
08:51:20,3.2479
08:51:21,2.3529
08:51:22,3.2466
08:51:23,3.2479
08:51:24,3.2466
08:51:25,3.2454
08:51:26,3.2405
08:51:27,3.2369
08:51:28,3.2466
08:51:29,3.2564
08:51:30,3.265
08:51:31,2.3846
08:51:32,2.3907
08:51:33,3.2772
08:51:34,3.2759
08:51:35,3.2723
08:51:36,3.2723
08:51:37,3.2735
08:51:38,3.2747
08:51:39,3.2759
08:51:40,3.2967
08:51:41,3.2906
08:51:42,2.6325
08:51:44,2.3284
08:51:45,3.2759
08:51:46,3.2821
08:51:47,2.663
08:51:48,2.3126
08:51:49,3.2503
08:51:50,2.3858
08:51:51,3.1929
08:51:52,3.1941
08:51:53,3.1978
08:51:54,3.1954
08:51:55,3.1941
08:51:56,3.1966
08:51:57,3.199
08:51:58,3.199
08:51:59,3.2051
08:52:00,3.2039
08:52:01,3.1966
08:52:02,3.1978
08:52:03,3.2015
08:52:04,3.2039
08:52:05,3.2015
08:52:06,3.199
08:52:07,3.1929
08:52:08,3.1978
08:52:09,3.2027
08:52:10,3.2002
08:52:11,3.2039
08:52:12,3.1978
08:52:13,3.2015
08:52:14,3.2002
08:52:15,3.2039
08:52:16,3.2027
08:52:17,3.2002
08:52:18,3.2015
08:52:19,3.2002
08:52:20,3.2002
08:52:21,3.2076
08:52:22,3.2088
08:52:23,3.2063
08:52:24,3.2088
08:52:25,3.2039
08:52:26,3.21
08:52:27,3.2088
08:52:28,3.2027
08:52:29,3.2039
08:52:30,3.2039
08:52:31,3.2063
08:52:32,3.2051
08:52:33,3.2051
08:52:34,3.2039
08:52:35,3.21
08:52:36,3.2088
08:52:37,3.2015
08:52:38,3.2039
08:52:39,3.2112
08:52:40,3.2039
08:52:41,3.2039
08:52:42,3.2063
08:52:43,3.2039
08:52:45,3.2039
08:52:46,3.2051
08:52:47,3.2063
08:52:48,3.2039
08:52:49,3.2112
08:52:50,3.2051
08:52:51,3.2039
08:52:52,3.2112
08:52:53,3.2063
08:52:54,3.2039
08:52:55,3.2063
08:52:56,3.2063
08:52:57,3.2051
08:52:58,3.2063
08:52:59,3.2076
08:53:00,3.2051
08:53:01,3.2063
08:53:02,3.21
08:53:03,3.21
08:53:04,3.2088
08:53:05,3.2088
08:53:06,3.2088
08:53:07,3.21
08:53:08,3.2088
08:53:09,3.2076
08:53:10,3.2063
08:53:11,3.21
08:53:12,3.2039
08:53:13,3.2088
08:53:14,3.2063
08:53:15,3.2039
08:53:16,3.21
08:53:17,3.21
08:53:18,3.2063
08:53:19,3.2051
08:53:20,3.2125
08:53:21,3.21
08:53:22,3.2088
08:53:23,3.2039
08:53:24,3.2112
08:53:25,3.2137
08:53:26,3.2051
08:53:27,3.2112
08:53:28,3.2076
08:53:29,3.2088
08:53:30,3.2112
08:53:31,3.2112
08:53:32,3.2137
08:53:33,3.2112
08:53:34,3.2063
08:53:35,3.2149
08:53:36,3.2088
08:53:37,3.2088
08:53:38,3.2039
08:53:39,3.21
08:53:40,3.2088
08:53:41,3.2063
08:53:42,3.2088
08:53:43,3.2088
08:53:44,3.2063
08:53:45,3.2076
08:53:46,3.2125
08:53:48,3.2088
08:53:49,3.2137
08:53:50,3.2161
08:53:51,3.2112
08:53:52,3.2125
08:53:53,3.2088
08:53:54,3.2112
08:53:55,3.2112
08:53:56,3.21
08:53:57,3.2112
08:53:58,3.2112
08:53:59,3.2112
08:54:00,3.2088
08:54:01,3.2125
08:54:02,3.2112
08:54:03,3.2088
08:54:04,3.2137
08:54:05,3.2149
08:54:06,3.2112
08:54:07,3.2112
08:54:08,3.2125
08:54:09,3.2137
08:54:10,3.2076
08:54:11,3.2112
08:55:27,2.7033
08:55:28,2.6142
08:55:29,3.21
08:55:30,2.5812
08:55:31,3.2051
08:55:32,3.2088
08:55:33,3.2222
08:55:34,3.2088
08:55:35,3.2173
08:55:36,3.2161
08:55:37,3.2161
08:55:38,3.21
08:55:39,3.2125
08:55:40,3.2137
08:55:41,3.2112
08:55:42,3.2063
08:55:43,3.2369
08:55:44,3.2332
08:55:45,3.2405
08:55:46,3.2747
08:55:47,3.2332
08:55:48,3.2198
08:55:50,3.2125
08:55:51,3.2137
08:55:52,3.2088
08:55:53,3.2112
08:55:54,3.2137
08:55:55,3.2051
08:55:56,3.2137
08:55:57,2.5824
08:55:58,2.5861
08:55:59,3.2063
08:56:00,3.21
08:56:01,3.2076
08:56:02,3.2039
08:56:03,2.5971
08:56:04,3.2027
08:56:05,3.2076
08:56:06,3.2112
08:56:07,3.2039
08:56:08,3.2088
08:56:09,3.2039
08:56:10,3.2039
08:56:11,2.63
08:56:12,2.6496
08:56:13,3.2039
08:56:14,3.2076
08:56:15,2.6777
08:56:16,3.2063
08:56:17,3.2063
08:56:18,3.2039
08:56:19,3.2051
08:56:20,3.2088
08:56:21,3.2027
08:56:22,3.2088
08:56:23,3.2076
08:56:24,3.2039
08:56:25,3.2051
08:56:26,3.2039
08:56:27,3.2039
08:56:28,3.2039
08:56:29,3.2039
08:56:30,3.2039
08:56:31,3.199
08:56:32,3.2027
08:56:33,3.2027
08:56:34,3.2015
08:56:35,3.1978
08:56:36,3.2039
08:56:37,3.2039
08:56:38,3.2027
08:56:39,3.2039
08:56:40,3.1624
08:56:41,3.2039
08:56:42,3.2039
08:56:43,3.199
08:56:44,3.2015
08:56:45,3.1966
08:56:46,3.2051
08:56:47,3.2015
08:56:48,3.199
08:56:49,3.2076
08:56:50,3.2039
08:56:52,3.199
08:56:53,3.2002
08:56:54,3.2002
08:56:55,3.2015
08:56:56,3.2002
08:56:57,3.1941
08:56:58,2.6764
08:56:59,3.199
08:57:00,3.199
08:57:01,3.2002
08:57:02,2.5641
08:57:03,2.7241
08:57:04,3.1954
08:57:05,2.6178
08:57:06,2.641
08:57:07,3.1941
08:57:08,3.2002
08:57:09,2.7692
08:57:10,2.7216
08:57:11,3.1978
08:57:12,3.199
08:57:13,3.1954
08:57:14,3.1978
08:57:15,2.6032
08:57:16,3.1954
08:57:17,3.199
08:57:18,3.2039
08:57:19,3.1966
08:57:20,3.1966
08:57:21,3.1954
08:57:22,3.1978
08:57:23,3.1941
08:57:24,3.1954
08:57:25,3.1978
08:57:26,3.2002
08:57:27,3.1941
08:57:28,3.1941
08:57:29,2.63
08:57:30,3.1941
08:57:31,3.1941
08:57:32,3.1905
08:57:33,3.1966
08:57:34,3.1954
08:57:35,3.1978
08:57:36,3.1941
08:57:37,3.1941
08:57:38,3.1929
08:57:39,3.199
08:57:40,3.1966
08:57:41,2.5702
08:57:42,3.1893
08:57:43,3.1905
08:57:44,2.5031
08:57:45,2.5421
08:57:46,3.1941
08:57:47,3.1905
08:57:48,3.1966
08:57:49,3.1893
08:57:50,3.1844
08:57:51,2.5311
08:57:52,3.1905
08:57:54,3.1893
08:57:55,3.1893
08:57:56,3.188
08:57:57,3.1917
08:57:58,3.1844
08:57:59,3.1868
08:58:00,3.188
08:58:01,3.1868
08:58:02,2.5971
08:58:03,3.1868
08:58:04,3.1868
08:58:05,3.1868
08:58:06,3.1844
08:58:07,3.1856
08:58:08,3.0574
08:58:09,3.1844
08:58:10,3.1868
08:58:11,3.1844
08:58:12,3.1844
08:58:13,3.1893
08:58:14,3.1819
08:58:15,3.1844
08:58:16,3.1868
08:58:17,3.1832
08:58:18,2.5324
08:58:19,3.1844
08:58:20,2.4713
08:58:21,3.1893
08:58:22,3.1844
08:58:23,3.1844
08:58:24,3.1832
08:58:25,3.188
08:58:26,3.1868
08:58:27,3.1868
08:58:28,2.5043
08:58:29,3.1844
08:58:30,3.1856
08:58:31,3.1844
08:58:32,3.1832
08:58:33,3.1844
08:58:34,2.3968
08:58:35,3.188
08:58:36,2.3748
08:58:37,3.1844
08:58:38,3.1783
08:58:39,3.1832
08:58:40,2.4921
08:58:41,2.4078
08:58:42,3.1783
08:58:43,3.1844
08:58:44,3.1819
08:58:45,3.177
08:58:46,3.1844
08:58:47,3.1844
08:58:48,3.1832
08:58:49,2.917
08:58:50,3.1844
08:58:51,3.1807
08:58:52,3.1844
08:58:53,2.3993
08:58:55,3.1832
08:58:56,3.1844
08:58:57,3.1832
08:58:58,3.1795
08:58:59,3.1734
08:59:00,3.1819
08:59:01,2.4872
08:59:02,3.177
08:59:03,3.1795
08:59:04,3.1331
08:59:05,2.4567
08:59:06,3.1807
08:59:07,3.1819
08:59:08,3.1807
08:59:09,3.1783
08:59:10,3.1807
08:59:11,3.188
08:59:12,3.1807
08:59:13,3.1819
08:59:14,3.1832
08:59:15,3.1856
08:59:16,3.1856
08:59:17,3.1807
08:59:18,3.188
08:59:19,3.1844
08:59:20,3.1807
08:59:21,3.1819
08:59:22,3.1795
08:59:23,3.1868
08:59:24,3.1832
08:59:25,3.1819
08:59:26,3.1832
08:59:27,3.1807
08:59:28,3.1832
08:59:29,3.1807
08:59:30,3.1856
08:59:31,3.1856
08:59:32,3.1819
08:59:33,3.1856
08:59:34,3.1795
08:59:35,3.1844
08:59:36,3.1856
08:59:37,3.1832
08:59:38,3.1832
08:59:39,3.1807
08:59:40,3.1844
08:59:41,3.1856
08:59:42,3.1832
08:59:43,3.1893
08:59:44,3.1844
08:59:45,3.1832
08:59:46,3.1941
08:59:47,3.1868
08:59:48,3.1844
08:59:49,3.1917
08:59:50,3.1844
08:59:51,3.1905
08:59:52,3.1844
08:59:53,3.1868
08:59:54,3.1844
08:59:55,3.1868
08:59:56,3.1844
08:59:58,3.1893
08:59:59,3.1917
09:00:00,3.1856
09:00:01,3.1893
09:00:02,3.188
09:00:03,3.1929
09:00:04,3.1868
09:00:05,3.188
09:00:06,3.1856
09:00:07,3.1917
09:00:08,3.1844
09:00:09,3.1929
09:00:10,3.1856
09:00:11,3.1868
09:00:12,3.1905
09:00:13,3.1893
09:00:14,3.1893
09:00:15,3.188
09:00:16,3.1917
09:00:17,3.1868
09:00:18,3.1905
09:00:19,3.1868
09:00:20,3.1893
09:00:21,3.1917
09:00:22,3.1893
09:00:23,3.1905
09:00:24,3.1856
09:00:25,3.1929
09:00:26,3.1905
09:00:27,3.1954
09:00:28,3.188
09:00:29,3.1905
09:00:30,3.1868
09:00:31,3.188
09:00:32,3.1844
09:00:33,3.188
09:00:34,3.1856
09:00:35,3.1905
09:00:36,3.1844
09:00:37,3.1893
09:00:38,3.1856
09:00:39,3.188
09:00:40,3.1844
09:00:41,3.1868
09:00:42,3.1868
09:00:43,3.188
09:00:44,3.1844
09:00:45,3.1893
09:00:46,3.1868
09:00:47,3.1893
09:00:48,3.1832
09:00:49,3.1893
09:00:50,3.1819
09:00:51,3.1905
09:00:52,3.188
09:00:53,3.1905
09:00:54,3.1856
09:00:55,3.1917
09:00:56,3.1844
09:00:57,3.1856
09:00:58,3.1893
09:00:59,3.1905
09:01:01,3.1844
09:01:02,3.1893
09:01:03,3.1868
09:01:04,3.1893
09:01:05,3.1844
09:01:06,3.188
09:01:07,3.1905
09:01:08,3.1844
09:01:09,3.1893
09:01:10,3.1844
09:01:11,3.188
09:01:12,3.1868
09:01:13,3.1868
09:01:14,3.1917
09:01:15,3.1868
09:01:16,3.1917
09:01:17,3.1844
09:01:18,3.1917
09:01:19,3.188
09:01:20,3.188
09:01:21,3.1856
09:01:22,3.1929
09:01:23,3.1905
09:01:24,3.1905
09:01:25,3.1893
09:01:26,3.1917
09:01:27,3.1868
09:01:28,3.1893
09:01:29,3.1893
09:01:30,3.1868
09:01:31,3.1856
09:01:32,3.188
09:01:33,3.1905
09:01:34,3.1856
09:01:35,3.1893
09:03:19,3.0085
09:03:20,3.1917
09:03:21,3.1929
09:03:22,3.1856
09:03:23,3.1917
09:03:24,2.6606
09:03:26,3.1893
09:03:27,3.1929
09:03:28,3.1954
09:03:29,2.6313
09:03:30,3.1941
09:03:31,3.1929
09:03:32,2.6374
09:03:33,3.1978
09:03:34,3.1941
09:03:35,3.1954
09:03:36,3.1966
09:03:37,3.1905
09:03:38,3.199
09:03:39,2.6642
09:03:40,2.6361
09:03:41,3.1941
09:03:42,3.1954
09:03:43,3.1954
09:03:44,3.1966
09:03:45,3.199
09:03:46,3.1917
09:03:47,2.6679
09:03:48,3.2002
09:03:49,3.1954
09:03:50,2.5726
09:03:51,3.1966
09:03:52,3.1941
09:03:53,3.1954
09:03:54,3.1978
09:03:55,3.1966
09:03:56,3.1941
09:03:57,3.1966
09:03:58,2.6276
09:03:59,3.199
09:04:00,2.5983
09:04:01,3.2002
09:04:02,3.1978
09:04:03,3.2039
09:04:04,3.1978
09:04:05,3.199
09:04:06,3.1941
09:04:07,3.2002
09:04:08,3.1954
09:04:09,3.1941
09:04:10,3.2002
09:04:11,3.2002
09:04:12,3.1954
09:04:13,3.2027
09:04:14,3.2002
09:04:15,2.6459
09:04:16,3.2015
09:04:17,3.2015
09:04:18,2.7314
09:04:19,2.5177
09:04:20,2.6081
09:04:21,3.1929
09:04:22,3.1954
09:04:23,3.1978
09:04:24,3.1978
09:04:25,3.2015
09:04:26,3.1941
09:04:28,3.2002
09:04:29,3.199
09:04:30,2.5641
09:04:31,3.2015
09:04:32,3.199
09:04:33,3.2002
09:04:34,3.2027
09:04:35,2.6105
09:04:36,2.5812
09:04:37,3.2039
09:04:38,3.2002
09:04:39,3.1978
09:04:40,3.2039
09:04:41,3.2027
09:04:42,2.6386
09:04:43,2.6313
09:04:44,3.2039
09:04:45,2.6044
09:04:46,3.199
09:04:47,3.199
09:04:48,3.2039
09:04:49,2.5934
09:04:50,3.2027
09:04:51,3.2027
09:04:52,3.2027
09:04:53,3.2015
09:04:54,3.2002
09:04:55,3.199
09:04:56,3.2015
09:04:57,2.652
09:04:58,3.2039
09:04:59,3.2039
09:05:00,3.2015
09:05:01,3.2039
09:05:02,3.199
09:05:03,3.2039
09:05:04,3.2002
09:05:05,3.2027
09:05:06,3.1954
09:05:07,3.2039
09:05:08,3.199
09:05:09,3.2063
09:05:10,3.2002
09:05:11,2.6166
09:05:12,3.2027
09:05:13,3.2002
09:05:14,3.2039
09:05:15,3.2015
09:05:16,3.2015
09:05:17,2.6166
09:05:18,3.1941
09:05:19,3.2039
09:05:20,3.199
09:05:21,3.2039
09:05:22,3.199
09:05:23,2.6032
09:05:24,3.1954
09:05:25,3.199
09:05:26,3.2002
09:05:27,3.1978
09:05:29,3.2015
09:05:30,3.1966
09:05:31,3.1978
09:05:32,2.6435
09:05:33,3.1954
09:05:34,3.199
09:05:35,3.1966
09:05:36,2.6032
09:05:37,3.1954
09:05:38,3.1954
09:05:39,3.2015
09:05:40,3.1954
09:05:41,3.1941
09:05:42,3.199
09:05:43,3.1966
09:05:44,3.2002
09:05:45,2.6227
09:05:46,3.2015
09:05:47,2.5922
09:05:48,2.6044
09:05:49,2.6142
09:05:50,2.6398
09:05:51,3.1978
09:05:52,3.1941
09:05:53,3.2039
09:05:54,3.1966
09:05:55,3.2039
09:05:56,3.1954
09:05:57,3.199
09:05:58,3.2002
09:05:59,2.5788
09:06:00,3.2027
09:06:01,3.1941
09:06:02,3.199
09:06:03,2.7314
09:06:04,2.5348
09:06:05,3.1954
09:06:06,3.1966
09:06:07,3.199
09:06:08,3.199
09:06:09,2.5983
09:06:10,3.199
09:06:11,3.199
09:06:12,3.1941
09:06:13,2.6313
09:06:14,3.1954
09:06:15,3.1966
09:06:16,3.199
09:06:17,3.1941
09:06:18,2.5824
09:06:19,3.1966
09:06:20,3.1941
09:06:21,3.1868
09:06:22,2.6276
09:06:23,3.1941
09:06:24,3.1966
09:06:25,3.199
09:06:26,3.1929
09:06:27,3.1917
09:06:28,2.5702
09:06:29,3.1929
09:06:30,3.199
09:06:32,3.1917
09:06:33,3.1966
09:06:34,3.1941
09:06:35,3.1941
09:06:36,2.569
09:06:37,3.1917
09:06:38,3.1929
09:06:39,3.1893
09:06:40,3.1941
09:06:41,3.1893
09:06:42,3.1941
09:06:43,3.1893
09:06:44,3.1917
09:06:45,2.6337
09:06:46,3.1893
09:06:47,3.1905
09:06:48,3.1893
09:06:49,3.1917
09:06:50,3.1893
09:06:51,3.1868
09:06:52,3.1868
09:06:53,3.1868
09:06:54,3.1856
09:06:55,3.1893
09:06:56,2.5617
09:06:57,2.2674
09:06:58,3.1868
09:06:59,3.1905
09:07:00,3.1905
09:07:01,3.1917
09:07:02,3.1893
09:07:03,3.1905
09:07:04,3.188
09:07:05,3.188
09:07:06,3.188
09:07:07,3.1893
09:07:08,3.1893
09:07:09,3.188
09:08:49,2.558
09:08:50,3.1807
09:08:51,3.1783
09:08:52,3.1844
09:08:53,3.1746
09:08:55,2.7424
09:08:56,2.2442
09:08:57,3.1807
09:08:58,3.1819
09:08:59,3.1795
09:09:00,3.1844
09:09:01,3.1783
09:09:02,2.6093
09:09:03,3.1807
09:09:04,3.1832
09:09:05,3.1832
09:09:06,3.1758
09:09:07,2.5946
09:09:08,3.1819
09:09:09,3.1844
09:09:10,3.1795
09:09:11,2.6569
09:09:12,2.6557
09:09:13,3.1856
09:09:14,3.177
09:09:15,3.1819
09:09:16,2.58
09:09:17,3.1807
09:09:18,3.1807
09:09:19,3.1819
09:09:20,3.1795
09:09:21,3.1844
09:09:22,3.1783
09:09:23,3.1844
09:09:24,3.177
09:09:25,3.1868
09:09:26,2.6691
09:09:27,2.6679
09:09:28,2.6691
09:09:29,3.1868
09:09:30,3.1844
09:09:31,2.6825
09:09:32,3.1819
09:09:33,3.1844
09:09:34,3.1844
09:09:35,3.1844
09:09:36,3.177
09:09:37,3.1783
09:09:38,2.641
09:09:39,3.1868
09:09:40,3.1807
09:09:41,3.1819
09:09:42,3.1832
09:09:43,3.1844
09:09:44,3.1856
09:09:45,3.1844
09:09:46,3.1807
09:09:47,3.1832
09:09:48,2.6618
09:09:49,3.1844
09:09:50,3.1844
09:09:51,3.1856
09:09:52,3.1844
09:09:53,2.6459
09:09:54,2.674
09:09:55,3.1832
09:09:57,3.1844
09:09:58,3.1868
09:09:59,3.1868
09:10:00,3.1856
09:10:01,2.6593
09:10:02,3.1832
09:10:03,3.1893
09:10:04,3.1844
09:10:05,3.188
09:10:06,3.1844
09:10:07,3.1844
09:10:08,2.7033
09:10:09,2.6398
09:10:10,3.1905
09:10:11,3.1893
09:10:12,3.188
09:10:13,2.6166
09:10:14,2.6545
09:10:15,2.7131
09:10:16,3.1929
09:10:17,2.674
09:10:18,3.1917
09:10:19,3.1868
09:10:20,3.1929
09:10:21,3.188
09:10:22,3.1929
09:10:23,3.1905
09:10:24,3.1893
09:10:25,3.1905
09:10:26,2.591
09:10:27,3.1929
09:10:28,3.1905
09:10:29,3.1941
09:10:30,3.1905
09:10:31,3.1929
09:10:32,2.5763
09:10:33,2.6252
09:10:34,3.1954
09:10:35,3.1954
09:10:36,3.1893
09:10:37,2.5836
09:10:38,3.1917
09:10:39,3.1966
09:10:40,3.1941
09:10:41,3.1954
09:10:42,3.1941
09:10:43,3.1941
09:10:44,2.6496
09:10:45,3.1978
09:10:46,3.1966
09:10:47,3.1954
09:10:48,3.1893
09:10:49,3.1966
09:10:50,3.1978
09:10:51,3.1929
09:10:52,3.2002
09:10:53,3.1929
09:10:54,3.1966
09:10:55,3.1954
09:10:56,3.2015
09:10:57,3.1941
09:10:59,3.2002
09:11:00,3.1941
09:11:01,3.1929
09:11:02,3.1954
09:11:03,3.1966
09:11:04,3.2039
09:11:05,3.1941
09:11:06,3.1978
09:11:07,3.1954
09:11:08,3.2002
09:11:09,3.2027
09:11:10,3.1966
09:11:11,3.1978
09:11:12,3.2002
09:11:13,3.2027
09:11:14,3.1978
09:11:15,3.199
09:11:16,3.2002
09:11:17,3.2027
09:11:18,3.1978
09:11:19,3.2015
09:11:20,3.199
09:11:21,3.2039
09:11:22,3.199
09:11:23,3.2039
09:11:24,3.2002
09:11:25,3.2063
09:11:26,3.199
09:11:27,3.2063
09:11:28,3.2002
09:11:29,3.2039
09:11:30,3.2015
09:11:31,3.199
09:11:32,3.2076
09:11:33,3.2027
09:11:34,3.2088
09:11:35,3.2039
09:11:36,3.2063
09:11:37,3.2039
09:11:38,3.199
09:11:39,3.2039
09:11:40,3.2027
09:11:41,3.2088
09:11:42,3.199
09:11:43,3.2076
09:11:44,3.2027
09:11:45,3.2027
09:11:46,3.2076
09:11:47,3.2027
09:11:48,3.2039
09:11:49,3.2039
09:11:50,3.2088
09:11:51,3.2063
09:11:52,3.2063
09:11:53,3.2039
09:11:54,3.2076
09:11:55,3.2027
09:11:56,3.2063
09:11:57,3.2039
09:11:58,3.2051
09:11:59,3.2039
09:12:00,3.2027
09:12:02,3.2039
09:12:03,3.2015
09:12:04,3.2039
09:12:05,3.2063
09:12:06,3.2063
09:12:07,3.2039
09:12:08,3.2063
09:12:09,3.2039
09:12:10,3.2051
09:12:11,3.2015
09:12:12,3.2051
09:12:13,3.2039
09:12:14,3.2063
09:12:15,3.2027
09:12:16,3.2076
09:12:17,3.2039
09:12:18,3.2076
09:12:19,3.2039
09:12:20,3.2051
09:12:21,3.2039
09:12:22,3.2063
09:12:23,3.2063
09:12:24,3.2051
09:12:25,3.2088
09:12:26,3.2063
09:12:27,3.2088
09:12:28,3.2063
09:12:29,3.2039
09:12:30,3.2076
09:12:31,3.2039
09:12:32,3.2039
09:12:33,3.2027
09:12:34,3.2076
09:12:35,3.2027
09:12:36,3.2076
09:12:37,3.2027
09:12:38,3.2088
09:12:39,3.2027
09:12:40,3.2076
09:12:41,3.2063
09:12:42,3.2051
09:12:43,3.2063
09:12:44,3.2027
09:12:45,3.2051
09:12:46,3.2039
09:12:47,3.2076
09:12:48,3.2027
09:12:49,3.2039
09:12:50,3.2039
09:12:51,3.2039
09:12:52,3.2076
09:12:53,3.2039
09:12:54,3.2076
09:12:55,3.2039
09:12:56,3.2063
09:12:57,3.2039
09:12:58,3.2039
09:12:59,3.2015
09:13:00,3.2063
09:13:01,3.2039
09:13:02,3.2051
09:13:03,3.2063
09:13:05,3.2039
09:13:06,3.199
09:13:07,3.2039
09:13:08,3.2039
09:13:09,3.2039
09:13:10,3.2002
09:13:11,3.2027
09:13:12,3.2039
09:13:13,3.199
09:13:14,3.2051
09:13:15,3.1978
09:13:16,3.2051
09:13:17,3.1954
09:13:18,3.2039
09:13:19,3.199
09:13:20,3.2039
09:13:21,3.199
09:13:22,3.2039
09:13:23,3.199
09:13:24,3.2063
09:13:25,3.2015
09:13:26,3.2039
09:13:27,3.199
09:13:28,3.2027
09:13:29,3.199
09:13:30,3.2039
09:13:31,3.199
09:13:32,3.1978
09:13:33,3.1978
09:13:34,3.199
09:13:35,3.2002
09:13:36,3.2002
09:13:37,3.199
09:13:38,3.1954
09:13:39,3.2015
09:13:40,3.1978
09:13:41,3.1966
09:13:42,3.2002
09:13:43,3.1978
09:13:44,3.1978
09:13:45,3.199
09:13:46,3.1954
09:13:47,3.2015
09:13:48,3.1941
09:13:49,3.1978
09:13:50,3.1954
09:13:51,3.1954
09:13:52,3.1978
09:13:53,3.1954
09:13:54,3.1941
09:13:55,3.1966
09:13:56,3.1941
09:13:57,3.1929
09:13:58,3.199
09:13:59,3.1941
09:14:00,3.1966
09:14:01,3.1954
09:14:02,3.1954
09:14:03,3.1954
09:14:04,3.1941
09:14:05,3.1941
09:14:06,3.2002
09:14:08,3.1941
09:14:09,3.2002
09:14:10,3.1954
09:14:11,3.1978
09:14:12,3.1941
09:14:13,3.1929
09:14:14,3.1893
09:14:15,3.1954
09:14:16,3.1954
09:14:17,3.1941
09:14:18,3.1941
09:14:19,3.1941
09:14:20,3.1905
09:14:21,3.1941
09:14:22,3.1905
09:14:23,3.1905
09:14:24,3.1905
09:14:25,3.1978
09:14:26,3.1893
09:14:27,3.1905
09:14:28,3.188
09:14:29,3.1941
09:14:30,3.1893
09:14:31,3.1929
09:14:32,3.1929
09:14:33,3.1917
09:14:34,3.1917
09:14:35,3.1917
09:14:36,3.1905
09:14:37,3.1893
09:14:38,3.1917
09:14:39,3.188
09:14:40,3.1893
09:14:41,3.1917
09:14:42,3.1868
09:14:43,3.1929
09:14:44,3.1868
09:14:45,3.1941
09:14:46,3.1868
09:14:47,3.1929
09:14:48,3.1856
09:14:49,3.1868
09:14:50,3.188
09:14:51,3.1905
09:14:52,3.1917
09:14:53,3.1868
09:14:54,3.1893
09:14:55,3.1844
09:14:56,3.1941
09:14:57,3.1868
09:14:58,3.1917
09:14:59,3.1844
09:15:00,3.188
09:15:01,3.188
09:15:02,3.1917
09:15:03,3.1856
09:15:04,3.1856
09:15:05,3.1893
09:15:06,3.1844
09:15:07,3.188
09:15:08,3.1844
09:15:10,3.1893
09:15:11,3.1844
09:15:12,3.1893
09:15:13,3.1844
09:15:14,3.1917
09:15:15,3.1844
09:15:16,3.1893
09:15:17,3.1844
09:15:18,3.1868
09:15:19,3.1844
09:15:20,3.1844
09:15:21,3.188
09:15:22,3.1832
09:15:23,3.1868
09:15:24,3.1844
09:15:25,3.1844
09:15:26,3.1844
09:15:27,3.1844
09:15:28,3.1844
09:15:29,3.1868
09:15:30,3.1844
09:15:31,3.1844
09:15:32,3.1832
09:15:33,3.1856
09:15:34,3.1832
09:15:35,3.1844
09:15:36,3.1832
09:15:37,3.1844
09:15:38,3.1807
09:15:39,3.1819
09:15:40,3.1807
09:15:41,3.1795
09:15:42,3.1832
09:15:43,3.1819
09:15:44,3.1868
09:15:45,3.1807
09:15:46,3.1844
09:15:47,3.1819
09:15:48,3.1844
09:15:49,3.1819
09:15:50,3.1819
09:15:51,3.1795
09:15:52,3.1832
09:15:53,3.177
09:15:54,3.1807
09:15:55,3.1795
09:15:56,3.1807
09:15:57,3.1807
09:15:58,3.1746
09:15:59,3.177
09:16:00,3.177
09:16:01,3.1807
09:16:02,3.177
09:16:03,3.1807
09:16:04,3.1758
09:16:05,3.1783
09:16:06,3.1807
09:16:07,3.177
09:16:08,3.1722
09:16:09,3.1795
09:16:10,3.1758
09:16:11,3.1783
09:16:13,3.1746
09:16:14,3.1783
09:16:15,3.177
09:16:16,3.1758
09:16:17,3.1746
09:16:18,3.1746
09:16:19,3.1758
09:16:20,3.177
09:16:21,3.1746
09:16:22,3.1758
09:16:23,3.177
09:16:24,3.1746
09:16:25,3.1734
09:16:26,3.177
09:16:27,3.1734
09:16:28,3.177
09:16:29,3.1734
09:16:30,3.1758
09:16:31,3.1746
09:16:32,3.1783
09:16:33,3.1722
09:16:34,3.177
09:16:35,3.1746
09:16:36,3.1746
09:16:37,3.1697
09:16:38,3.1734
09:16:39,3.1746
09:16:40,3.1697
09:16:41,3.1746
09:16:42,3.1697
09:16:43,3.1722
09:16:44,3.1709
09:16:45,3.1746
09:16:46,3.1697
09:16:47,3.1734
09:16:48,3.1709
09:16:49,3.1685
09:16:50,3.1722
09:16:51,3.1722
09:16:52,3.1722
09:16:53,3.1722
09:16:54,3.1709
09:16:55,3.1709
09:16:56,3.1722
09:16:57,3.1709
09:16:58,3.1722
09:16:59,3.1697
09:17:00,3.1685
09:17:01,3.1636
09:17:02,3.1697
09:17:03,3.1685
09:17:04,3.1685
09:17:05,3.1673
09:17:06,3.1685
09:17:07,3.1673
09:17:08,3.1709
09:17:09,3.1697
09:17:10,3.1673
09:17:11,3.1673
09:17:12,3.1673
09:17:13,3.1661
09:17:15,3.1685
09:17:16,3.1661
09:17:17,3.1697
09:17:18,3.1648
09:17:19,3.1673
09:17:20,3.1673
09:17:21,3.1709
09:17:22,3.1673
09:17:23,3.1673
09:17:24,3.1697
09:17:25,3.1673
09:17:26,3.1648
09:17:27,3.1697
09:17:28,3.1661
09:17:29,3.1661
09:17:30,3.1661
09:17:31,3.1673
09:17:32,3.1661
09:17:33,3.1661
09:17:34,3.1648
09:17:35,3.1661
09:17:36,3.1685
09:17:37,3.1685
09:17:38,3.1636
09:17:39,3.1648
09:17:40,3.1661
09:17:41,3.1624
09:17:42,3.1636
09:17:43,3.1661
09:17:44,3.1648
09:17:45,3.1648
09:17:46,3.1673
09:17:47,3.1636
09:17:48,3.1697
09:17:49,3.1697
09:17:50,3.1648
09:17:51,3.1709
09:17:52,3.1648
09:17:53,3.1661
09:17:54,3.1648
09:17:55,3.1648
09:17:56,3.1685
09:17:57,3.1648
09:17:58,3.1709
09:17:59,3.1673
09:18:00,3.1685
09:18:01,3.1673
09:18:02,3.1648
09:18:03,3.1697
09:18:04,3.1648
09:18:05,3.1636
09:18:06,3.1648
09:18:07,3.1648
09:18:08,3.1685
09:18:09,3.1758
09:18:10,3.1673
09:18:11,3.1685
09:18:12,3.1685
09:18:13,3.1648
09:18:14,3.1722
09:18:16,3.1673
09:18:17,3.1746
09:18:18,3.1673
09:18:19,3.1746
09:18:20,3.1697
09:18:21,3.1709
09:18:22,3.1697
09:18:23,3.1697
09:18:24,3.1697
09:18:25,3.1709
09:18:26,3.1709
09:18:27,3.1697
09:18:28,3.1722
09:18:29,3.1709
09:18:30,3.1734
09:18:31,3.1685
09:18:32,3.1722
09:18:33,3.1709
09:18:34,3.1685
09:18:35,3.1685
09:18:36,3.1685
09:18:37,3.177
09:18:38,3.177
09:18:39,3.1758
09:18:40,3.1734
09:18:41,3.1734
09:18:42,3.1746
09:18:43,3.1746
09:18:44,3.177
09:18:45,3.1722
09:18:46,3.1722
09:18:47,3.1783
09:18:48,3.1758
09:18:49,3.1783
09:18:50,3.177
09:18:51,3.177
09:18:52,3.1758
09:18:53,3.1783
09:18:54,3.1795
09:18:55,3.1783
09:18:56,3.1807
09:18:57,3.1819
09:18:58,3.177
09:18:59,3.177
09:19:00,3.1807
09:19:01,3.1783
09:19:02,3.1807
09:19:03,3.1795
09:19:05,3.1795
09:19:06,3.1844
09:19:07,3.1856
09:19:08,3.1795
09:19:09,3.1819
09:19:10,3.1807
09:19:11,3.1832
09:19:12,3.1819
09:19:13,3.1844
09:19:14,3.1807
09:19:15,3.1856
09:19:16,3.1844
09:19:17,3.1832
09:19:18,3.1819
09:19:19,3.1844
09:19:20,3.1844
09:19:21,3.188
09:19:22,3.1856
09:19:23,3.188
09:19:24,3.1868
09:19:25,3.1893
09:19:26,3.1893
09:19:27,3.1893
09:19:28,3.1868
09:19:29,3.1868
09:19:30,3.1941
09:19:31,3.1905
09:19:32,3.1917
09:19:33,3.1893
09:19:34,3.1905
09:19:35,3.1929
09:19:36,3.1893
09:19:37,3.1929
09:19:38,3.1868
09:19:39,3.1941
09:19:40,3.1893
09:19:41,3.1966
09:19:42,3.1893
09:19:43,3.1954
09:19:44,3.1917
09:19:45,3.1978
09:19:46,3.1954
09:19:47,3.1966
09:19:48,3.1954
09:19:49,3.1941
09:19:50,3.1954
09:19:51,3.1978
09:19:52,3.1929
09:19:53,3.1966
09:19:54,3.1966
09:19:55,3.1978
09:19:56,3.1978
09:19:57,3.199
09:19:58,3.1978
09:19:59,3.2039
09:20:00,3.2027
09:20:01,3.2027
09:20:02,3.2002
09:20:03,3.199
09:20:04,3.2027
09:20:05,3.2027
09:20:07,3.2027
09:20:08,3.2002
09:20:09,3.2015
09:20:10,3.2027
09:20:11,3.2063
09:20:12,3.2039
09:20:13,3.2039
09:20:14,3.2039
09:20:15,3.2039
09:20:16,3.2088
09:20:17,3.2027
09:20:18,3.2088
09:20:19,3.2051
09:20:20,3.21
09:20:21,3.21
09:20:22,3.2088
09:20:23,3.2051
09:20:24,3.2088
09:20:25,3.2076
09:20:26,3.2076
09:20:27,3.2137
09:20:28,3.2076
09:20:29,3.2063
09:20:30,3.2088
09:20:31,3.2137
09:20:32,3.2137
09:20:33,3.21
09:20:34,3.2076
09:20:35,3.2125
09:20:36,3.2088
09:20:37,3.2149
09:20:38,3.2137
09:20:39,3.2161
09:20:40,3.2149
09:20:41,3.2112
09:20:42,3.2161
09:20:43,3.2137
09:20:44,3.2173
09:20:45,3.2186
09:20:46,3.2161
09:20:47,3.2173
09:20:48,3.2137
09:20:49,3.2198
09:20:50,3.2186
09:20:51,3.221
09:20:52,3.221
09:20:53,3.2222
09:20:54,3.2222
09:20:55,3.2234
09:20:56,3.2222
09:20:57,3.2198
09:20:58,3.2259
09:20:59,3.2222
09:21:00,3.2247
09:21:01,3.2247
09:21:02,3.2247
09:21:03,3.2259
09:21:04,3.2271
09:21:05,3.2271
09:21:06,3.2332
09:21:07,3.2271
09:21:09,3.2332
09:21:10,3.2295
09:21:11,3.2332
09:21:12,3.2332
09:21:13,3.2332
09:21:14,3.2295
09:21:15,3.232
09:21:16,3.2332
09:21:17,3.2357
09:21:18,3.2369
09:21:19,3.2393
09:21:20,3.2357
09:21:21,3.2369
09:21:22,3.2393
09:21:23,3.2393
09:21:24,3.2405
09:21:25,3.2418
09:21:26,3.243
09:21:27,3.243
09:21:28,3.2418
09:21:29,3.243
09:21:30,3.2405
09:21:31,3.2466
09:21:32,3.2418
09:21:33,3.2466
09:21:34,3.2442
09:21:35,3.243
09:21:36,3.2442
09:21:37,3.2466
09:21:38,3.2479
09:21:39,3.2454
09:21:40,3.2479
09:21:41,3.2479
09:21:42,3.2515
09:21:43,3.2466
09:21:44,3.2576
09:21:45,3.2503
09:21:46,3.254
09:21:47,3.2491
09:21:48,3.2527
09:21:49,3.2527
09:21:50,3.2527
09:21:51,3.2515
09:21:52,3.2552
09:21:53,3.2564
09:21:54,3.254
09:21:55,3.2576
09:21:56,3.2552
09:21:57,3.2564
09:21:58,3.2576
09:21:59,3.265
09:22:00,3.2576
09:22:01,3.2625
09:22:02,3.2589
09:22:03,3.2662
09:22:04,3.2601
09:22:05,3.2637
09:22:06,3.2613
09:22:07,3.2625
09:22:08,3.2613
09:22:09,3.2674
09:22:10,3.2613
09:22:12,3.2698
09:22:13,3.2662
09:22:14,3.2698
09:22:15,3.2662
09:22:16,3.2698
09:22:17,3.2637
09:22:18,3.2711
09:22:19,3.2674
09:22:20,3.2723
09:22:21,3.2674
09:22:22,3.2711
09:22:23,3.2674
09:22:24,3.2698
09:22:25,3.2723
09:22:26,3.2759
09:22:27,3.2723
09:22:28,3.2772
09:22:29,3.2723
09:22:30,3.2759
09:22:31,3.2723
09:22:32,3.2772
09:22:33,3.2772
09:22:34,3.2796
09:22:35,3.2772
09:22:36,3.2796
09:22:37,3.2796
09:22:38,3.2821
09:22:39,3.2735
09:22:40,3.2821
09:22:41,3.2808
09:22:42,3.2772
09:22:43,3.2808
09:22:44,3.2808
09:22:45,3.2869
09:22:46,3.2808
09:22:47,3.2882
09:22:48,3.2821
09:22:49,3.2882
09:22:50,3.2808
09:22:51,3.2869
09:22:52,3.2857
09:22:53,3.2882
09:22:54,3.2857
09:22:55,3.2833
09:22:56,3.2845
09:22:57,3.2918
09:22:58,3.2869
09:22:59,3.293
09:23:00,3.2918
09:23:01,3.2869
09:23:02,3.2943
09:23:03,3.2943
09:23:04,3.2967
09:23:05,3.293
09:23:06,3.293
09:23:07,3.2906
09:23:08,3.2955
09:23:09,3.293
09:23:10,3.2967
09:23:11,3.2967
09:23:12,3.2991
09:23:13,3.2943
09:23:15,3.2979
09:23:16,3.2967
09:23:17,3.2967
09:23:18,3.3004
09:23:19,3.2955
09:23:20,3.2967
09:23:21,3.2955
09:23:22,3.3016
09:23:23,3.2967
09:23:24,3.3004
09:23:25,3.2967
09:23:26,3.3016
09:23:27,3.2955
09:23:28,3.304
09:23:29,3.3004
09:23:30,3.3065
09:23:31,3.2991
09:23:32,3.3077
09:23:33,3.3053
09:23:34,3.3028
09:23:35,3.3028
09:23:36,3.3053
09:23:37,3.3089
09:23:38,3.3028
09:23:39,3.304
09:23:40,3.3028
09:23:41,3.3053
09:23:42,3.3016
09:23:43,3.304
09:23:44,3.3089
09:23:45,3.3065
09:23:46,3.3065
09:23:47,3.3089
09:23:48,3.3077
09:23:49,3.3126
09:23:50,3.3053
09:23:51,3.3126
09:23:52,3.3077
09:23:53,3.3114
09:23:54,3.3065
09:23:55,3.3089
09:23:56,3.3126
09:23:57,3.3126
09:23:58,3.3126
09:23:59,3.3126
09:24:00,3.3089
09:24:01,3.3138
09:24:02,3.3126
09:24:03,3.3114
09:24:04,3.3126
09:24:05,3.3162
09:24:06,3.3114
09:24:07,3.315
09:24:08,3.3138
09:24:09,3.3138
09:24:10,3.3187
09:24:11,3.3126
09:24:12,3.315
09:24:13,3.3114
09:24:14,3.3162
09:24:15,3.3162
09:24:16,3.3175
09:24:18,3.3175
09:24:19,3.3187
09:24:20,3.3211
09:24:21,3.315
09:24:22,3.3175
09:24:23,3.3223
09:24:24,3.3199
09:24:25,3.3199
09:24:26,3.3187
09:24:27,3.3199
09:24:28,3.3187
09:24:29,3.3211
09:24:30,3.3187
09:24:31,3.3211
09:24:32,3.3211
09:24:33,3.3223
09:24:34,3.3211
09:24:35,3.326
09:24:36,3.3199
09:24:37,3.3211
09:24:38,3.3211
09:24:39,3.3223
09:24:40,3.3211
09:24:41,3.3223
09:24:42,3.3272
09:24:43,3.326
09:24:44,3.326
09:24:45,3.3211
09:24:46,3.3248
09:24:47,3.326
09:24:48,3.326
09:24:49,3.326
09:24:50,3.326
09:24:51,3.3297
09:24:52,3.3284
09:24:53,3.3272
09:24:54,3.3284
09:24:55,3.3284
09:24:56,3.3309
09:24:57,3.3297
09:24:58,3.3321
09:24:59,3.3297
09:25:00,3.3333
09:25:01,3.3346
09:25:02,3.3321
09:25:03,3.3333
09:25:04,3.3297
09:25:05,3.3333
09:25:06,3.3333
09:25:07,3.3309
09:25:08,3.3333
09:25:09,3.3333
09:25:10,3.3346
09:25:11,3.3358
09:25:12,3.3382
09:25:13,3.3321
09:25:14,3.3358
09:25:15,3.3321
09:25:16,3.3333
09:25:17,3.337
09:25:18,3.3358
09:25:19,3.3394
09:25:21,3.3346
09:25:22,3.3394
09:25:23,3.3431
09:25:24,3.337
09:25:25,3.3407
09:25:26,3.3419
09:25:27,3.3431
09:25:28,3.3394
09:25:29,3.3443
09:25:30,3.3455
09:26:45,3.315
09:26:46,3.3101
09:26:47,2.8486
09:26:48,3.3114
09:26:49,3.3236
09:26:50,3.3358
09:26:51,3.3529
09:26:52,2.9695
09:26:53,2.5263
09:26:54,3.3675
09:26:55,3.3736
09:26:56,3.37
09:26:57,3.37
09:26:58,3.3687
09:26:59,2.8144
09:27:00,2.8657
09:27:01,3.3675
09:27:02,3.3687
09:27:03,3.37
09:27:04,3.37
09:27:05,3.37
09:27:06,3.3712
09:27:07,3.3687
09:27:08,3.3675
09:27:09,3.37
09:27:10,3.3748
09:27:11,3.3675
09:27:12,3.3712
09:27:13,2.8303
09:27:14,2.8352
09:27:15,3.3724
09:27:16,3.3712
09:27:17,3.3748
09:27:18,2.7729
09:27:19,3.3687
09:27:20,3.3736
09:27:21,3.37
09:27:23,3.3712
09:27:24,3.3785
09:27:25,3.3785
09:27:26,3.3773
09:27:27,3.381
09:27:28,3.3846
09:27:29,3.3871
09:27:30,3.3858
09:27:31,3.3834
09:27:32,3.381
09:27:33,3.3846
09:27:34,3.3785
09:27:35,3.3797
09:27:36,3.37
09:27:37,2.8584
09:27:38,3.3748
09:27:39,3.3651
09:27:40,3.3687
09:27:41,3.3651
09:27:42,3.3687
09:27:43,3.3614
09:27:44,3.3639
09:27:45,3.3578
09:27:46,3.359
09:27:47,2.8156
09:27:48,3.359
09:27:49,3.3553
09:27:50,3.3553
09:27:51,3.3602
09:27:52,3.3553
09:27:53,2.8303
09:27:54,2.8352
09:27:55,3.3626
09:27:56,3.359
09:27:57,3.3602
09:27:58,3.3614
09:27:59,3.3578
09:28:00,3.359
09:28:01,3.359
09:28:02,3.3602
09:28:03,3.3529
09:28:04,2.8315
09:28:05,2.8046
09:28:06,3.3565
09:28:07,3.3565
09:28:08,3.3553
09:28:09,3.3553
09:28:10,3.3565
09:28:11,2.8376
09:28:12,3.3565
09:28:13,3.359
09:28:14,3.3516
09:28:15,3.3529
09:28:16,3.3553
09:28:17,3.3516
09:28:18,3.3565
09:28:19,3.3553
09:28:20,3.3541
09:28:21,3.3553
09:28:22,3.3504
09:28:23,3.3565
09:28:25,3.3504
09:28:26,3.3565
09:28:27,3.3492
09:28:28,3.3553
09:28:29,3.3529
09:28:30,2.8962
09:28:31,3.3553
09:28:32,3.3504
09:28:33,3.3553
09:28:34,2.9683
09:28:35,3.3541
09:28:36,3.3504
09:28:37,3.3529
09:28:38,3.3553
09:28:39,3.3578
09:28:40,2.8034
09:28:41,2.8339
09:28:42,3.3516
09:28:43,3.1941
09:28:44,3.3541
09:28:45,3.3565
09:28:46,3.3492
09:28:47,3.3602
09:28:48,3.3541
09:28:49,3.3602
09:28:50,3.3578
09:28:51,3.3553
09:28:52,3.3541
09:28:53,3.3553
09:28:54,3.3578
09:28:55,3.3541
09:28:56,3.3578
09:28:57,3.3553
09:28:58,3.359
09:28:59,3.359
09:29:00,3.3602
09:29:01,3.3602
09:29:02,3.3602
09:29:03,3.3675
09:29:04,3.3602
09:29:05,3.3651
09:29:06,3.3626
09:29:07,3.3639
09:29:08,3.3626
09:29:09,3.3663
09:29:10,3.3626
09:29:11,3.3639
09:29:12,3.3626
09:29:13,3.3626
09:29:14,3.3687
09:29:15,3.3614
09:29:16,3.3675
09:29:17,3.3602
09:29:18,3.3639
09:29:19,3.3626
09:29:20,3.3614
09:29:21,3.3639
09:29:22,3.3626
09:29:23,3.3602
09:29:24,3.3639
09:29:25,3.3578
09:29:26,3.3541
09:29:28,3.3614
09:29:29,3.3541
09:29:30,3.3602
09:29:31,3.3516
09:29:32,3.3578
09:29:33,3.3529
09:29:34,3.3602
09:29:35,3.3492
09:29:36,3.3553
09:29:37,3.3504
09:29:38,3.3504
09:29:39,3.3529
09:29:40,3.3504
09:29:41,3.3516
09:29:42,3.3504
09:29:43,3.3516
09:29:44,3.3529
09:29:45,3.3504
09:29:46,3.3529
09:29:47,3.3504
09:29:48,3.3529
09:29:49,3.3541
09:29:50,3.3492
09:29:51,3.3541
09:29:52,3.3468
09:29:53,3.3516
09:29:54,3.3504
09:29:55,3.348
09:29:56,3.3492
09:29:57,3.3541
09:29:58,3.3492
09:29:59,3.3529
09:30:00,3.348
09:30:01,3.3553
09:30:02,3.3541
09:30:03,3.3516
09:30:04,3.3578
09:30:05,3.3529
09:30:06,3.359
09:30:07,3.3529
09:30:08,3.3529
09:30:09,3.3541
09:30:10,3.3504
09:30:11,3.3602
09:30:12,3.3541
09:30:13,3.3602
09:30:14,3.3504
09:30:15,3.3602
09:30:16,3.3578
09:30:17,3.3553
09:30:18,3.3541
09:30:19,3.3541
09:30:20,3.3529
09:30:21,3.3529
09:30:22,3.3614
09:30:23,3.3516
09:30:24,3.3602
09:30:25,3.3529
09:30:26,3.3553
09:30:27,3.3516
09:30:28,3.3565
09:30:29,3.3529
09:30:31,3.359
09:30:32,3.3541
09:30:33,3.3516
09:30:34,3.3614
09:30:35,3.3553
09:30:36,3.3553
09:30:37,3.3602
09:30:38,3.3578
09:30:39,3.3675
09:30:40,3.3602
09:30:41,3.3663
09:30:42,3.359
09:30:43,3.3614
09:30:44,3.3626
09:30:45,3.3602
09:30:46,3.359
09:30:47,3.3602
09:30:48,3.3602
09:30:49,3.3553
09:30:50,3.3602
09:30:51,3.359
09:30:52,3.3651
09:30:53,3.3578
09:30:54,3.3639
09:30:55,3.3529
09:30:56,3.3565
09:30:57,3.3553
09:30:58,3.3541
09:30:59,3.359
09:31:00,3.3614
09:31:01,3.3626
09:31:02,3.3626
09:31:03,3.3675
09:31:04,3.3651
09:31:05,3.3736
09:31:06,3.3614
09:31:07,3.3687
09:31:08,3.3675
09:31:09,3.3663
09:31:10,3.3736
09:31:11,3.3651
09:31:12,3.37
09:31:13,3.3639
09:31:14,3.3687
09:31:15,3.3663
09:31:16,3.3663
09:31:17,3.3651
09:31:18,3.3626
09:31:19,3.3712
09:31:20,3.3626
09:31:21,3.3602
09:31:22,3.3651
09:31:23,3.3578
09:31:24,3.359
09:31:25,3.359
09:31:26,3.3614
09:31:27,3.3602
09:31:28,3.3602
09:31:29,3.3602
09:31:30,3.3578
09:31:31,3.3578
09:31:32,3.3578
09:31:34,3.3578
09:31:35,3.359
09:31:36,3.3602
09:31:37,3.3553
09:31:38,3.359
09:31:39,3.3578
09:31:40,3.3553
09:31:41,3.3565
09:31:42,3.3578
09:31:43,3.3578
09:31:44,3.359
09:31:45,3.3565
09:31:46,3.3553
09:31:47,3.359
09:31:48,3.3565
09:31:49,3.359
09:31:50,3.3541
09:31:51,3.3578
09:31:52,3.3578
09:31:53,3.359
09:31:54,3.3541
09:31:55,3.3541
09:31:56,3.3565
09:31:57,3.3553
09:31:58,3.3602
09:31:59,3.3553
09:32:00,3.3565
09:32:01,3.3541
09:32:02,3.3578
09:32:03,3.3578
09:32:04,3.3553
09:32:05,3.359
09:32:06,3.3541
09:32:07,3.3565
09:32:08,3.3553
09:32:09,3.3602
09:32:10,3.3541
09:32:11,3.3626
09:32:12,3.3565
09:32:13,3.359
09:32:14,3.3602
09:32:15,3.3565
09:32:16,3.359
09:32:17,3.359
09:32:18,3.3578
09:32:19,3.359
09:32:20,3.3565
09:32:21,3.359
09:32:22,3.359
09:32:23,3.359
09:32:24,3.3602
09:32:25,3.3614
09:32:26,3.3529
09:32:27,3.3578
09:32:28,3.359
09:32:29,3.359
09:32:30,3.3553
09:32:31,3.359
09:32:32,3.3541
09:32:33,3.3553
09:32:34,3.3578
09:32:35,3.3578
09:32:37,3.3553
09:32:38,3.3578
09:32:39,3.3602
09:32:40,3.3565
09:32:41,3.359
09:32:42,3.3529
09:32:43,3.3602
09:32:44,3.3578
09:32:45,3.3602
09:32:46,3.3578
09:32:47,3.359
09:32:48,3.3578
09:32:49,3.359
09:32:50,3.359
09:32:51,3.359
09:32:52,3.3578
09:32:53,3.359
09:32:54,3.359
09:32:55,3.359
09:32:56,3.3602
09:32:57,3.3553
09:32:58,3.3602
09:32:59,3.3565
09:33:00,3.359
09:33:01,3.3651
09:33:02,3.3602
09:33:03,3.3614
09:33:04,3.3602
09:33:05,3.3651
09:33:06,3.3626
09:33:07,3.3675
09:33:08,3.359
09:33:09,3.3602
09:33:10,3.3626
09:33:11,3.3626
09:33:12,3.3626
09:33:13,3.3626
09:33:14,3.3651
09:33:15,3.3602
09:33:16,3.3651
09:33:17,3.3602
09:33:18,3.3614
09:33:19,3.3663
09:33:20,3.3602
09:33:21,3.3602
09:33:22,3.3639
09:33:23,3.3651
09:33:24,3.3651
09:33:25,3.3663
09:33:26,3.3651
09:33:27,3.3639
09:33:28,3.3626
09:33:29,3.3602
09:33:30,3.3663
09:33:31,3.37
09:33:32,3.3651
09:33:33,3.3663
09:33:34,3.3651
09:33:35,3.3602
09:33:36,3.3639
09:33:37,3.37
09:33:38,3.3663
09:33:40,3.3651
09:33:41,3.3663
09:33:42,3.3626
09:33:43,3.3651
09:33:44,3.3675
09:33:45,3.3651
09:33:46,3.3675
09:33:47,3.3651
09:33:48,3.3639
09:33:49,3.3675
09:33:50,3.3639
09:33:51,3.3675
09:33:52,3.3639
09:33:53,3.3639
09:33:54,3.3602
09:33:55,3.3614
09:33:56,3.3639
09:33:57,3.359
09:33:58,3.3614
09:33:59,3.359
09:34:00,3.359
09:34:01,3.3626
09:34:02,3.3602
09:34:03,3.3614
09:34:04,3.3602
09:34:05,3.3614
09:34:06,3.359
09:34:07,3.3614
09:34:08,3.3626
09:34:09,3.3602
09:34:10,3.359
09:34:11,3.3651
09:34:12,3.3578
09:34:13,3.3565
09:34:14,3.3553
09:34:15,3.3602
09:34:16,3.3553
09:34:17,3.3553
09:34:18,3.3602
09:34:19,3.359
09:34:20,3.3553
09:34:21,3.3602
09:34:22,3.3602
09:34:23,3.359
09:34:24,3.3602
09:34:25,3.359
09:34:26,3.359
09:34:27,3.359
09:34:28,3.3541
09:34:29,3.3626
09:34:30,3.3553
09:34:31,3.3602
09:34:32,3.359
09:34:33,3.3626
09:34:34,3.3602
09:34:35,3.3602
09:34:36,3.3602
09:34:37,3.3614
09:34:38,3.3626
09:34:39,3.3614
09:34:41,3.3651
09:34:42,3.3639
09:34:43,3.3651
09:34:44,3.3651
09:34:45,3.3614
09:34:46,3.3626
09:34:47,3.3663
09:34:48,3.3639
09:34:49,3.3639
09:34:50,3.3663
09:34:51,3.3626
09:34:52,3.3614
09:34:53,3.3639
09:34:54,3.3651
09:34:55,3.3675
09:34:56,3.3663
09:34:57,3.3651
09:34:58,3.3687
09:34:59,3.3651
09:35:00,3.3651
09:35:01,3.3651
09:35:02,3.3663
09:35:03,3.3614
09:35:04,3.3687
09:35:05,3.3651
09:35:06,3.3626
09:35:07,3.3639
09:35:08,3.3614
09:35:09,3.3614
09:35:10,3.359
09:35:11,3.3602
09:35:12,3.3614
09:35:13,3.3553
09:35:14,3.3553
09:35:15,3.3565
09:35:16,3.3529
09:35:17,3.3504
09:35:18,3.3602
09:35:19,3.3504
09:35:20,3.3455
09:35:21,3.348
09:35:22,3.3455
09:35:23,3.3492
09:35:24,3.348
09:35:25,3.3419
09:35:26,3.3455
09:35:27,3.3431
09:35:28,3.3407
09:35:29,3.3431
09:35:30,3.3382
09:35:31,3.3394
09:35:32,3.3443
09:35:33,3.3382
09:35:34,3.3394
09:35:35,3.3407
09:35:36,3.3382
09:35:37,3.337
09:35:38,3.3419
09:35:39,3.3407
09:35:40,3.3382
09:35:41,3.3333
09:35:42,3.3394
09:35:44,3.3407
09:35:45,3.337
09:35:46,3.337
09:35:47,3.3394
09:35:48,3.3346
09:35:49,3.337
09:35:50,3.3346
09:35:51,3.3358
09:35:52,3.3346
09:35:53,3.3333
09:35:54,3.3321
09:35:55,3.3321
09:35:56,3.3309
09:35:57,3.3236
09:35:58,3.3284
09:35:59,3.3321
09:36:00,3.3297
09:36:01,3.326
09:36:02,3.3272
09:36:03,3.326
09:36:04,3.3284
09:36:05,3.3236
09:36:06,3.3248
09:36:07,3.3272
09:36:08,3.3272
09:36:09,3.3248
09:36:10,3.3223
09:36:11,3.3199
09:36:12,3.315
09:36:13,3.326
09:36:14,3.3236
09:36:15,3.3175
09:36:16,3.3187
09:36:17,3.3199
09:36:18,3.3162
09:36:19,3.3175
09:36:20,3.3162
09:36:21,3.315
09:36:22,3.3162
09:36:23,3.3175
09:36:24,3.3138
09:36:25,3.3138
09:36:26,3.315
09:36:27,3.3089
09:36:28,3.3114
09:36:29,3.3126
09:36:30,3.3089
09:36:31,3.315
09:36:32,3.3138
09:36:33,3.3162
09:36:34,3.3138
09:36:35,3.3114
09:36:36,3.3162
09:36:37,3.315
09:36:38,3.3114
09:36:39,3.3126
09:36:40,3.3114
09:36:41,3.3101
09:36:42,3.3114
09:36:43,3.3065
09:36:44,3.3053
09:36:45,3.3065
09:36:47,3.3077
09:36:48,3.3077
09:36:49,3.3089
09:36:50,3.3053
09:36:51,3.304
09:36:52,3.3065
09:36:53,3.3101
09:36:54,3.3138
09:36:55,3.3089
09:36:56,3.3065
09:36:57,3.3053
09:36:58,3.3016
09:36:59,3.304
09:37:00,3.3053
09:37:01,3.304
09:37:02,3.3089
09:37:03,3.3089
09:37:04,3.3101
09:37:05,3.3089
09:37:06,3.3065
09:37:07,3.3016
09:37:08,3.3053
09:37:09,3.3016
09:37:10,3.3016
09:37:11,3.3016
09:37:12,3.3016
09:37:13,3.3053
09:37:14,3.3028
09:37:15,3.3065
09:37:16,3.304
09:37:17,3.3004
09:37:18,3.3053
09:37:19,3.3028
09:37:20,3.3089
09:37:21,3.3065
09:37:22,3.3053
09:37:23,3.3077
09:37:24,3.3114
09:37:25,3.3089
09:37:26,3.3065
09:37:27,3.3077
09:37:28,3.3101
09:37:29,3.3065
09:37:30,3.3077
09:37:31,3.3053
09:37:32,3.3089
09:37:33,3.3065
09:37:34,3.3065
09:37:35,3.304
09:37:36,3.3016
09:37:37,3.3028
09:37:38,3.304
09:37:39,3.3028
09:37:40,3.3016
09:37:41,3.304
09:37:42,3.3016
09:37:43,3.3004
09:37:45,3.3004
09:37:46,3.2991
09:37:47,3.2979
09:37:48,3.2967
09:37:49,3.3004
09:37:50,3.2979
09:37:51,3.2979
09:37:52,3.3004
09:37:53,3.2955
09:37:54,3.3004
09:37:55,3.3028
09:37:56,3.2991
09:37:57,3.2943
09:37:58,3.2979
09:37:59,3.2979
09:38:00,3.2979
09:38:01,3.3016
09:38:02,3.2991
09:38:03,3.2943
09:38:04,3.3004
09:38:05,3.2979
09:38:06,3.2967
09:38:07,3.2967
09:38:08,3.2967
09:38:09,3.2906
09:38:10,3.2943
09:38:11,3.2918
09:38:12,3.2918
09:38:13,3.2955
09:38:14,3.2991
09:38:15,3.2943
09:38:16,3.2918
09:38:17,3.3004
09:38:18,3.2979
09:38:19,3.2955
09:38:20,3.2979
09:38:21,3.2979
09:38:22,3.2991
09:38:23,3.2979
09:38:24,3.2967
09:38:25,3.2991
09:38:26,3.2967
09:38:27,3.293
09:38:28,3.2918
09:38:29,3.293
09:38:30,3.2943
09:38:31,3.2979
09:38:32,3.2955
09:38:33,3.2943
09:38:34,3.2967
09:38:35,3.2943
09:38:36,3.2955
09:38:37,3.2967
09:38:38,3.2967
09:38:39,3.2918
09:38:40,3.293
09:38:41,3.2967
09:38:42,3.2979
09:38:43,3.2967
09:38:44,3.2967
09:38:45,3.293
09:38:47,3.2955
09:38:48,3.2955
09:38:49,3.293
09:38:50,3.2967
09:38:51,3.2943
09:38:52,3.2967
09:38:53,3.2967
09:38:54,3.2967
09:38:55,3.2918
09:38:56,3.2918
09:38:57,3.2906
09:38:58,3.2955
09:38:59,3.2918
09:39:00,3.293
09:39:01,3.2943
09:39:02,3.2943
09:39:03,3.293
09:39:04,3.2943
09:39:05,3.2943
09:39:06,3.2955
09:39:07,3.2967
09:39:08,3.2955
09:39:09,3.2943
09:39:10,3.2894
09:39:11,3.293
09:39:12,3.2918
09:39:13,3.293
09:39:14,3.2967
09:39:15,3.2955
09:39:16,3.2955
09:39:17,3.2967
09:39:18,3.2943
09:39:19,3.2979
09:39:20,3.2991
09:39:21,3.2979
09:39:22,3.293
09:39:23,3.293
09:39:24,3.2943
09:39:25,3.2979
09:39:26,3.2967
09:39:27,3.2979
09:39:28,3.2955
09:39:29,3.2955
09:39:30,3.2918
09:39:31,3.2967
09:39:32,3.2991
09:39:33,3.2991
09:39:34,3.2991
09:39:35,3.2967
09:39:36,3.2967
09:39:37,3.2979
09:39:38,3.2967
09:39:39,3.2967
09:39:40,3.2991
09:39:41,3.2967
09:39:42,3.3004
09:39:43,3.3016
09:39:44,3.3028
09:39:45,3.2955
09:39:46,3.2991
09:39:47,3.3004
09:39:48,3.2991
09:39:50,3.3004
09:39:51,3.3016
09:39:52,3.3016
09:39:53,3.3016
09:39:54,3.3016
09:39:55,3.304
09:39:56,3.3028
09:39:57,3.304
09:39:58,3.304
09:39:59,3.3016
09:40:00,3.3016
09:40:01,3.3053
09:40:02,3.3028
09:40:03,3.3053
09:40:04,3.304
09:40:05,3.3077
09:40:06,3.304
09:40:07,3.3028
09:40:08,3.3053
09:40:09,3.3077
09:40:10,3.3089
09:40:11,3.3101
09:40:12,3.304
09:40:13,3.3065
09:40:14,3.3077
09:40:15,3.3101
09:40:16,3.3065
09:40:17,3.304
09:40:18,3.3089
09:40:19,3.3065
09:40:20,3.3089
09:40:21,3.3077
09:40:22,3.3101
09:40:23,3.3126
09:40:24,3.3077
09:40:25,3.3114
09:40:26,3.3089
09:40:27,3.3077
09:40:28,3.3089
09:40:29,3.3114
09:40:30,3.3114
09:40:31,3.3114
09:40:32,3.3089
09:40:33,3.3126
09:40:34,3.3126
09:40:35,3.3089
09:40:36,3.3175
09:40:37,3.3175
09:40:38,3.315
09:40:39,3.3114
09:40:40,3.315
09:40:41,3.3162
09:40:42,3.3138
09:40:43,3.3162
09:40:44,3.3126
09:40:45,3.3162
09:40:46,3.3114
09:40:47,3.3199
09:40:48,3.3126
09:40:50,3.3138
09:40:51,3.3175
09:40:52,3.3126
09:40:53,3.3211
09:40:54,3.3126
09:40:55,3.3126
09:40:56,3.3187
09:40:57,3.3211
09:40:58,3.3211
09:40:59,3.315
09:41:00,3.3187
09:41:01,3.3211
09:41:02,3.3211
09:41:03,3.3162
09:41:04,3.3199
09:41:05,3.3175
09:41:06,3.3211
09:41:07,3.3211
09:41:08,3.3211
09:41:09,3.3223
09:41:10,3.3211
09:41:11,3.3211
09:41:12,3.3223
09:41:13,3.3211
09:41:14,3.3211
09:41:15,3.3211
09:41:16,3.3223
09:41:17,3.3248
09:41:18,3.3248
09:41:19,3.3248
09:41:20,3.326
09:41:21,3.3223
09:41:22,3.3297
09:41:23,3.3272
09:41:24,3.3211
09:41:25,3.3223
09:41:26,3.3211
09:41:27,3.3211
09:41:28,3.3248
09:41:29,3.3297
09:41:30,3.3297
09:41:31,3.3284
09:41:32,3.326
09:41:33,3.3211
09:41:34,3.326
09:41:35,3.326
09:41:36,3.3309
09:41:37,3.3297
09:41:38,3.3297
09:41:39,3.3272
09:41:40,3.3272
09:41:41,3.3284
09:41:42,3.3284
09:41:43,3.3309
09:41:44,3.3297
09:41:45,3.3248
09:41:46,3.3333
09:41:47,3.3309
09:41:48,3.326
09:41:49,3.3309
09:41:50,3.3333
09:41:52,3.3333
09:41:53,3.3309
09:41:54,3.3346
09:41:55,3.3333
09:41:56,3.3333
09:41:57,3.3346
09:41:58,3.3358
09:41:59,3.337
09:42:00,3.3333
09:42:01,3.3333
09:42:02,3.3333
09:42:03,3.3333
09:42:04,3.3297
09:42:05,3.3333
09:42:06,3.3358
09:42:07,3.3346
09:42:08,3.3333
09:42:09,3.3346
09:42:10,3.3358
09:42:11,3.3358
09:42:12,3.3394
09:42:13,3.3358
09:42:14,3.3382
09:42:15,3.3407
09:42:16,3.3407
09:42:17,3.3394
09:42:18,3.3394
09:42:19,3.3407
09:42:20,3.3394
09:42:21,3.3394
09:42:22,3.337
09:42:23,3.3382
09:42:24,3.3394
09:42:25,3.3407
09:42:26,3.3407
09:42:27,3.3443
09:42:28,3.3443
09:42:29,3.3407
09:42:30,3.3407
09:42:31,3.3407
09:42:32,3.3407
09:42:33,3.3407
09:42:34,3.3394
09:42:35,3.3407
09:42:36,3.3431
09:42:37,3.3431
09:42:38,3.3468
09:42:39,3.3419
09:42:40,3.3443
09:42:41,3.3431
09:42:42,3.3443
09:42:43,3.3455
09:42:44,3.3431
09:42:45,3.3455
09:42:46,3.3468
09:42:47,3.3431
09:42:48,3.3455
09:42:49,3.3455
09:42:50,3.3419
09:42:51,3.348
09:42:52,3.3443
09:42:53,3.3443
09:42:55,3.3468
09:42:56,3.3492
09:42:57,3.3468
09:42:58,3.3468
09:42:59,3.3504
09:43:00,3.3455
09:43:01,3.3455
09:43:02,3.3504
09:43:03,3.348
09:43:04,3.348
09:43:05,3.348
09:43:06,3.3443
09:43:07,3.3455
09:43:08,3.3492
09:43:09,3.348
09:43:10,3.3492
09:43:11,3.3504
09:43:12,3.348
09:43:13,3.3468
09:43:14,3.3468
09:43:15,3.3504
09:43:16,3.3529
09:43:17,3.3516
09:43:18,3.3492
09:43:19,3.348
09:43:20,3.3492
09:43:21,3.3492
09:43:22,3.3455
09:43:23,3.3504
09:43:24,3.3516
09:43:25,3.348
09:43:26,3.3504
09:43:27,3.3516
09:43:28,3.3529
09:43:29,3.3492
09:43:30,3.3529
09:43:31,3.3516
09:43:32,3.3529
09:43:33,3.3504
09:43:34,3.3529
09:43:35,3.3541
09:43:36,3.3516
09:43:37,3.3565
09:43:38,3.3578
09:43:39,3.3578
09:43:40,3.3565
09:43:41,3.3553
09:43:42,3.3614
09:43:43,3.3529
09:43:44,3.3565
09:43:45,3.3565
09:43:46,3.359
09:43:47,3.3553
09:43:48,3.3541
09:43:49,3.359
09:43:50,3.359
09:43:51,3.3602
09:43:52,3.359
09:43:53,3.3602
09:43:54,3.3614
09:43:55,3.3614
09:43:56,3.3626
09:43:58,3.359
09:43:59,3.3614
09:44:00,3.3651
09:44:01,3.3651
09:44:02,3.3602
09:44:03,3.3639
09:44:04,3.3639
09:44:05,3.3651
09:44:06,3.3614
09:44:07,3.3626
09:44:08,3.3639
09:44:09,3.3639
09:44:10,3.3614
09:44:11,3.3651
09:44:12,3.3651
09:44:13,3.3651
09:44:14,3.3663
09:44:15,3.3663
09:44:16,3.3663
09:44:17,3.3675
09:44:18,3.37
09:44:19,3.3687
09:44:20,3.3736
09:44:21,3.37
09:44:22,3.3712
09:44:23,3.37
09:44:24,3.3724
09:44:25,3.3675
09:44:26,3.3736
09:44:27,3.3712
09:44:28,3.3724
09:44:29,3.37
09:44:30,3.3712
09:44:31,3.37
09:44:32,3.3724
09:44:33,3.3736
09:44:34,3.37
09:44:35,3.3687
09:44:36,3.3675
09:44:37,3.3687
09:44:38,3.3687
09:44:39,3.3663
09:44:40,3.37
09:44:41,3.3724
09:44:42,3.3687
09:44:43,3.3687
09:44:44,3.3712
09:44:45,3.3687
09:44:46,3.37
09:44:47,3.3724
09:44:48,3.3687
09:44:49,3.3687
09:44:50,3.3675
09:44:51,3.3687
09:44:52,3.3724
09:44:53,3.37
09:44:54,3.3675
09:44:55,3.3736
09:44:56,3.37
09:44:57,3.3736
09:44:58,3.3712
09:44:59,3.3736
09:45:01,3.37
09:45:02,3.37
09:45:03,3.37
09:45:04,3.3724
09:45:05,3.3736
09:45:06,3.3773
09:45:07,3.37
09:45:08,3.3724
09:45:09,3.3761
09:45:10,3.37
09:45:11,3.3736
09:45:12,3.3712
09:45:13,3.37
09:45:14,3.3761
09:45:15,3.3773
09:45:16,3.3712
09:45:17,3.3736
09:45:18,3.3761
09:45:19,3.3748
09:45:20,3.3761
09:45:21,3.3736
09:45:22,3.3761
09:45:23,3.3736
09:45:24,3.3748
09:45:25,3.3748
09:45:26,3.3712
09:45:27,3.3736
09:45:28,3.3748
09:45:29,3.3712
09:45:30,3.3748
09:45:31,3.3724
09:45:32,3.3712
09:45:33,3.3712
09:45:34,3.3761
09:45:35,3.3724
09:45:36,3.3736
09:45:37,3.3736
09:45:38,3.37
09:45:39,3.37
09:45:40,3.3748
09:45:41,3.3712
09:45:42,3.3761
09:45:43,3.3712
09:45:44,3.3712
09:45:45,3.3724
09:45:46,3.3724
09:45:47,3.3687
09:45:48,3.37
09:45:49,3.3675
09:45:50,3.3687
09:45:51,3.3687
09:45:52,3.3651
09:45:53,3.37
09:45:54,3.3687
09:45:55,3.3675
09:45:56,3.3639
09:45:57,3.3663
09:45:58,3.3651
09:45:59,3.3651
09:46:00,3.3651
09:46:01,3.3675
09:46:03,3.3663
09:46:04,3.3663
09:46:05,3.3663
09:46:06,3.3663
09:46:07,3.3626
09:46:08,3.3675
09:46:09,3.3639
09:46:10,3.3614
09:46:11,3.3602
09:46:12,3.3639
09:46:13,3.3651
09:46:14,3.3614
09:46:15,3.3602
09:46:16,3.3626
09:46:17,3.3602
09:46:18,3.3614
09:46:19,3.359
09:46:20,3.3614
09:46:21,3.3651
09:46:22,3.3626
09:46:23,3.3639
09:46:24,3.359
09:46:25,3.3602
09:46:26,3.3639
09:46:27,3.3639
09:46:28,3.3602
09:46:29,3.3614
09:46:30,3.3663
09:46:31,3.3626
09:46:32,3.3651
09:46:33,3.3614
09:46:34,3.3663
09:46:35,3.3663
09:46:36,3.3663
09:46:37,3.37
09:46:38,3.37
09:46:39,3.3712
09:46:40,3.37
09:46:41,3.3724
09:46:42,3.3724
09:46:43,3.3736
09:46:44,3.3724
09:46:45,3.3724
09:46:46,3.3687
09:46:47,3.3687
09:46:48,3.3724
09:46:49,3.3687
09:46:50,3.3687
09:46:51,3.3687
09:46:52,3.3687
09:46:53,3.3675
09:46:54,3.3724
09:46:55,3.3272
09:46:56,3.3211
09:46:57,3.3211
09:46:58,3.3297
09:46:59,3.3419
09:47:00,2.8779
09:47:01,3.3614
09:47:02,3.3712
09:47:03,2.9206
09:47:04,3.3724
09:47:06,3.3687
09:47:07,3.3712
09:47:08,3.3724
09:47:09,3.37
09:47:10,3.37
09:47:11,3.37
09:47:12,3.3687
09:47:13,3.37
09:47:14,3.3687
09:47:15,3.3675
09:47:16,3.37
09:47:17,3.3712
09:47:18,3.37
09:47:19,3.3724
09:47:20,3.3724
09:47:21,3.3724
09:47:22,3.3748
09:47:23,3.3736
09:47:24,3.3748
09:47:25,3.3687
09:47:26,3.3712
09:47:27,3.37
09:47:28,3.3712
09:47:29,3.3724
09:47:30,3.3712
09:47:31,3.3736
09:47:32,3.37
09:47:33,3.37
09:47:34,3.3712
09:47:35,3.3675
09:47:36,3.37
09:47:37,3.37
09:47:38,3.3663
09:47:39,3.3687
09:47:40,3.3724
09:47:41,3.3675
09:47:42,3.3724
09:47:43,3.3675
09:47:44,3.3712
09:47:45,3.3663
09:47:46,3.3712
09:47:47,3.3687
09:47:48,3.37
09:47:49,3.3687
09:47:50,3.3675
09:47:51,3.3712
09:47:52,3.3639
09:47:53,3.3675
09:47:54,3.3639
09:47:55,3.3651
09:47:56,3.3602
09:47:57,3.3663
09:47:58,3.3614
09:47:59,3.3663
09:48:00,3.3675
09:48:01,3.3626
09:48:02,3.3602
09:48:03,3.3687
09:48:04,3.3602
09:48:05,3.3675
09:48:06,3.3626
09:48:08,3.3675
09:48:09,3.3687
09:48:10,3.3626
09:48:11,3.3724
09:48:12,3.3663
09:48:13,3.3626
09:48:14,3.3687
09:48:15,3.3639
09:48:16,3.3724
09:48:17,3.3651
09:48:18,3.3663
09:48:19,3.3651
09:48:20,3.3626
09:48:21,3.3712
09:48:22,3.3651
09:48:23,3.37
09:48:24,3.3675
09:48:25,3.3748
09:48:26,3.3687
09:48:27,3.37
09:48:28,3.37
09:48:29,3.3675
09:48:30,3.3712
09:48:31,3.3712
09:48:32,3.3724
09:48:33,3.3724
09:48:34,3.3724
09:48:35,3.3736
09:48:36,3.3724
09:48:37,3.3748
09:48:38,3.3748
09:48:39,3.3797
09:48:40,3.3712
09:48:41,3.3797
09:48:42,3.3748
09:48:43,3.3785
09:48:44,3.3724
09:48:45,3.3748
09:48:46,3.3785
09:48:47,3.3748
09:48:48,3.3834
09:48:49,3.3736
09:48:50,3.3797
09:48:51,3.37
09:48:52,3.3724
09:48:53,3.3761
09:48:54,3.3687
09:48:55,3.3797
09:48:56,3.3748
09:48:57,3.3748
09:48:58,3.3724
09:48:59,2.812
09:49:00,3.3736
09:49:01,3.37
09:49:02,3.3773
09:49:03,3.3675
09:49:04,3.3748
09:49:05,3.37
09:49:06,2.8803
09:49:07,3.3687
09:49:08,3.3724
09:49:09,3.3675
09:49:11,3.3724
09:49:12,3.3687
09:49:13,3.37
09:49:14,3.3736
09:49:15,3.37
09:49:16,3.3687
09:49:17,3.3675
09:49:18,3.37
09:49:19,3.3675
09:49:20,2.8144
09:49:21,3.37
09:49:22,3.37
09:49:23,3.3724
09:49:24,2.8132
09:49:25,3.3663
09:49:26,3.3687
09:49:27,3.37
09:49:28,3.3712
09:49:29,3.3724
09:49:30,3.3712
09:49:31,2.7827
09:49:32,2.9096
09:49:33,3.3748
09:49:34,3.3748
09:49:35,3.3712
09:49:36,3.37
09:49:37,2.8449
09:49:38,3.3736
09:49:39,3.3736
09:49:40,3.3736
09:49:41,3.3773
09:49:42,2.8327
09:49:43,2.9841
09:49:44,3.3736
09:49:45,3.3748
09:49:46,3.37
09:49:47,3.3748
09:49:48,3.37
09:49:49,3.3712
09:49:50,3.3748
09:49:51,3.3748
09:49:52,3.3724
09:49:53,3.3736
09:49:54,3.3724
09:49:55,2.8291
09:49:56,3.3748
09:49:57,3.3748
09:49:58,3.3773
09:49:59,3.3724
09:50:00,3.3797
09:50:01,3.3748
09:50:02,3.3785
09:50:03,3.3748
09:50:04,3.3748
09:50:05,2.8278
09:50:06,2.8376
09:50:07,2.8498
09:50:08,3.3748
09:50:09,3.3797
09:50:10,3.3736
09:50:12,2.8107
09:50:13,2.8303
09:50:14,3.3748
09:50:15,3.3785
09:50:16,3.3736
09:50:17,3.3797
09:50:18,2.9829
09:50:19,2.8852
09:50:20,2.8718
09:50:21,3.381
09:50:22,3.3797
09:50:23,3.3822
09:50:24,3.3724
09:50:25,2.84
09:50:26,3.3748
09:50:27,2.8791
09:50:28,3.3748
09:50:29,3.37
09:50:30,3.37
09:50:31,2.8193
09:50:32,3.37
09:50:33,3.3773
09:50:34,3.3675
09:50:35,3.3773
09:50:36,3.37
09:50:37,3.3724
09:50:38,3.0305
09:50:39,3.3712
09:50:40,2.8803
09:50:41,3.3712
09:50:42,3.3736
09:50:43,3.3736
09:50:44,3.3724
09:50:45,3.37
09:50:46,3.3761
09:50:47,3.37
09:50:48,3.37
09:50:49,3.37
09:50:50,3.3687
09:50:51,3.3748
09:50:52,3.3651
09:50:53,3.3736
09:50:54,3.3663
09:50:55,3.3687
09:50:56,3.3675
09:50:57,3.3712
09:50:58,3.37
09:50:59,3.3675
09:51:00,3.3761
09:51:01,3.37
09:51:02,3.37
09:51:03,3.3663
09:51:04,3.3626
09:51:05,3.3626
09:51:06,3.3614
09:51:07,3.3639
09:51:08,3.3651
09:51:09,3.3663
09:51:10,3.3614
09:51:11,3.3626
09:51:12,3.3675
09:51:13,3.3626
09:51:15,3.3626
09:51:16,3.3639
09:51:17,3.3651
09:51:18,3.3651
09:51:19,3.3639
09:51:20,3.3663
09:51:21,3.3675
09:51:22,3.37
09:51:23,3.37
09:51:24,3.3748
09:51:25,3.37
09:51:26,3.3736
09:51:27,3.3651
09:51:28,3.3639
09:51:29,3.3687
09:51:30,3.3663
09:51:31,3.3712
09:51:32,3.3687
09:51:33,3.3675
09:51:34,3.37
09:51:35,3.3712
09:51:36,3.3724
09:51:37,3.3724
09:51:38,3.3724
09:51:39,3.3687
09:51:40,3.3687
09:51:41,3.3675
09:51:42,3.3639
09:51:43,3.3675
09:51:44,3.3651
09:51:45,3.3675
09:51:46,3.3663
09:51:47,3.3663
09:51:48,3.3651
09:51:49,3.3663
09:51:50,3.3663
09:51:51,3.3626
09:51:52,3.3663
09:51:53,3.3639
09:51:54,3.3663
09:51:55,3.3602
09:51:56,3.3675
09:51:57,3.3614
09:51:58,3.3602
09:51:59,3.3602
09:52:00,3.3614
09:52:01,3.3602
09:52:02,3.3651
09:52:03,3.359
09:52:04,3.3614
09:52:05,3.3614
09:52:06,3.3614
09:52:07,3.3602
09:52:08,3.359
09:52:09,3.3602
09:52:10,3.359
09:52:11,3.3614
09:52:12,3.3639
09:52:13,3.3626
09:52:14,3.3602
09:52:15,3.3578
09:52:16,3.3651
09:52:18,3.3602
09:52:19,3.3602
09:52:20,3.359
09:52:21,3.359
09:52:22,3.3553
09:52:23,3.3565
09:52:24,3.3602
09:52:25,3.3553
09:52:26,3.3578
09:52:27,3.3541
09:52:28,3.3553
09:52:29,3.3541
09:52:30,3.3504
09:52:31,3.3578
09:52:32,3.3529
09:52:33,3.3516
09:52:34,3.3541
09:52:35,3.3516
09:52:36,3.3504
09:52:37,3.3504
09:52:38,3.3541
09:52:39,3.3504
09:52:40,3.3516
09:52:41,3.3529
09:52:42,3.3516
09:52:43,3.3529
09:52:44,3.3516
09:52:45,3.3504
09:52:46,3.3529
09:52:47,3.3516
09:52:48,3.3529
09:52:49,3.3529
09:52:50,3.3529
09:52:51,3.3492
09:52:52,3.3504
09:52:53,3.3492
09:52:54,3.3504
09:52:55,3.3516
09:52:56,3.3504
09:52:57,3.3468
09:52:58,3.3468
09:52:59,3.3504
09:53:00,3.3492
09:53:01,3.3431
09:53:02,3.3443
09:53:03,3.3468
09:53:04,3.3455
09:53:05,3.3455
09:53:06,3.3468
09:53:07,3.3468
09:53:08,3.3468
09:53:09,3.348
09:53:10,3.3431
09:53:11,3.3516
09:53:12,3.3504
09:53:13,3.3516
09:53:14,3.3504
09:53:15,3.3529
09:53:16,3.3516
09:53:17,3.3504
09:53:18,3.3516
09:53:19,3.3468
09:53:21,3.3504
09:53:22,3.3529
09:53:23,3.3492
09:53:24,3.3529
09:53:25,3.3492
09:53:26,3.3516
09:53:27,3.3504
09:53:28,3.3553
09:53:29,3.3516
09:53:30,3.3516
09:53:31,3.3504
09:53:32,3.3492
09:53:33,3.3553
09:53:34,3.3468
09:53:35,3.3553
09:53:36,3.3468
09:53:37,3.3504
09:53:38,3.3468
09:53:39,3.3492
09:53:40,3.3468
09:53:41,3.3504
09:53:42,3.3468
09:53:43,3.3492
09:53:44,3.3504
09:53:45,3.3504
09:53:46,3.3492
09:53:47,3.3455
09:53:48,3.3455
09:53:49,3.3455
09:53:50,3.3504
09:53:51,3.3504
09:53:52,3.3504
09:53:53,3.3468
09:53:54,3.348
09:53:55,3.3492
09:53:56,3.3492
09:53:57,3.3504
09:53:58,3.3492
09:53:59,3.3468
09:54:00,3.3504
09:54:01,3.3455
09:54:02,3.3504
09:54:03,3.348
09:54:04,3.3516
09:54:05,3.348
09:54:06,3.3504
09:54:07,3.3455
09:54:08,3.3529
09:54:09,3.3443
09:54:10,3.3516
09:54:11,3.348
09:54:12,3.3468
09:54:13,3.3443
09:54:14,3.3419
09:54:15,3.3443
09:54:16,3.3419
09:54:17,3.3468
09:54:18,3.3443
09:54:19,3.3394
09:54:20,3.3394
09:54:21,3.3407
09:54:22,3.3431
09:54:24,3.3407
09:54:25,3.3394
09:54:26,3.3382
09:54:27,3.3382
09:54:28,3.3394
09:54:29,3.3382
09:54:30,3.3358
09:54:31,3.337
09:54:32,3.3358
09:54:33,3.3358
09:54:34,3.3394
09:54:35,3.3394
09:54:36,3.3333
09:54:37,3.3394
09:54:38,3.337
09:54:39,3.3358
09:54:40,3.3346
09:54:41,3.337
09:54:42,3.3358
09:54:43,3.3333
09:54:44,3.3358
09:54:45,3.3358
09:54:46,3.3346
09:54:47,3.3358
09:54:48,3.3346
09:54:49,3.3346
09:54:50,3.3333
09:54:51,3.3284
09:54:52,3.3309
09:54:53,3.3333
09:54:54,3.3284
09:54:55,3.3284
09:54:56,3.3284
09:54:57,3.3297
09:54:58,3.3309
09:54:59,3.3297
09:55:00,3.3333
09:55:01,3.3309
09:55:02,3.3309
09:55:03,3.3284
09:55:04,3.3272
09:55:05,3.326
09:55:06,3.3321
09:55:07,3.3284
09:55:08,3.3309
09:55:09,3.3284
09:55:10,3.3309
09:55:11,3.3236
09:55:12,3.3309
09:55:13,3.3236
09:55:14,3.3333
09:55:15,3.3236
09:55:16,3.326
09:55:17,3.3223
09:55:18,3.3309
09:55:19,3.3309
09:55:20,3.326
09:55:21,3.3309
09:55:22,3.326
09:55:23,3.3321
09:55:24,3.326
09:55:25,3.3309
09:55:27,3.3284
09:55:28,3.3333
09:55:29,3.326
09:55:30,3.3346
09:55:31,3.3272
09:55:32,3.3309
09:55:33,3.3284
09:55:34,3.3346
09:55:35,3.3272
09:55:36,3.3272
09:55:37,3.3284
09:55:38,3.3297
09:55:39,3.3284
09:55:40,3.326
09:55:41,3.3321
09:55:42,3.3309
09:55:43,3.3358
09:55:44,3.3297
09:55:45,3.3346
09:55:46,3.3297
09:55:47,3.3346
09:55:48,3.3333
09:55:49,3.3358
09:55:50,3.3321
09:55:51,3.3346
09:55:52,3.3358
09:55:53,3.3358
09:55:54,3.3358
09:55:55,3.3358
09:55:56,3.3382
09:55:57,3.3358
09:55:58,3.3358
09:55:59,3.3333
09:56:00,3.3382
09:56:01,3.3309
09:56:02,3.3394
09:56:03,3.3321
09:56:04,3.337
09:56:05,3.337
09:56:06,3.3321
09:56:07,3.3407
09:56:08,3.3284
09:56:09,3.3358
09:56:10,3.3358
09:56:11,3.3346
09:56:12,3.3394
09:56:13,3.3358
09:56:14,3.3333
09:56:15,3.3407
09:56:16,3.3321
09:56:17,3.337
09:56:18,3.3346
09:56:19,3.3333
09:56:20,3.337
09:56:21,3.3382
09:56:22,3.3346
09:56:23,3.3333
09:56:24,3.3382
09:56:25,3.3346
09:56:26,3.3407
09:56:27,3.3382
09:56:28,3.337
09:56:30,3.3358
09:56:31,3.337
09:56:32,3.3346
09:56:33,3.3394
09:56:34,3.3431
09:56:35,3.3358
09:56:36,3.3407
09:56:37,3.3382
09:56:38,3.3346
09:56:39,3.3407
09:56:40,3.3358
09:56:41,3.337
09:56:42,3.3358
09:56:43,3.3382
09:56:44,3.3407
09:56:45,3.337
09:56:46,3.3382
09:56:47,3.3394
09:56:48,3.337
09:56:49,3.3394
09:56:50,3.3394
09:56:51,3.3358
09:56:52,3.3431
09:56:53,3.337
09:56:54,3.3382
09:56:55,3.3431
09:56:56,3.337
09:56:57,3.3419
09:56:58,3.3394
09:56:59,3.337
09:57:00,3.3407
09:57:01,3.3407
09:57:02,3.3394
09:57:03,3.3419
09:57:04,3.3419
09:57:05,3.3407
09:57:06,3.3407
09:57:07,3.3443
09:57:08,3.3358
09:57:09,3.3431
09:57:10,3.3431
09:57:11,3.3394
09:57:12,3.3394
09:57:13,3.3407
09:57:14,3.3394
09:57:15,3.3443
09:57:16,3.3382
09:57:17,3.3419
09:57:18,3.3394
09:57:19,3.3407
09:57:20,3.3455
09:57:21,3.3382
09:57:22,3.3455
09:57:23,3.3443
09:57:24,3.3394
09:57:25,3.3407
09:57:26,3.3407
09:57:27,3.3455
09:57:28,3.3419
09:57:29,3.3455
09:57:30,3.3407
09:57:32,3.3492
09:57:33,3.3394
09:57:34,3.3455
09:57:35,3.3419
09:57:36,3.3431
09:57:37,3.3419
09:57:38,3.3382
09:57:39,3.3443
09:57:40,3.3394
09:57:41,3.3419
09:57:42,3.3419
09:57:43,3.3394
09:57:44,3.3455
09:57:45,3.337
09:57:46,3.3455
09:57:47,3.3394
09:57:48,3.3419
09:57:49,3.3394
09:57:50,3.3419
09:57:51,3.3443
09:57:52,3.3407
09:57:53,3.3407
09:57:54,3.3431
09:57:55,3.3407
09:57:56,3.3443
09:57:57,3.3394
09:57:58,3.3407
09:57:59,3.3443
09:58:00,3.3443
09:58:01,3.3394
09:58:02,3.3443
09:58:03,3.3394
09:58:04,3.3443
09:58:05,3.3431
09:58:06,3.3407
09:58:07,3.3431
09:58:08,3.3394
09:58:09,3.348
09:58:10,3.3407
09:58:11,3.3443
09:58:12,3.3455
09:58:13,3.3431
09:58:14,3.3468
09:58:15,3.3407
09:58:16,3.3443
09:58:17,3.3431
09:58:18,3.3455
09:58:19,3.3431
09:58:20,3.3407
09:58:21,3.3419
09:58:22,3.3407
09:58:23,3.3419
09:58:24,3.3431
09:58:25,3.3419
09:58:26,3.3455
09:58:27,3.3394
09:58:28,3.348
09:58:29,3.3394
09:58:30,3.348
09:58:31,3.3394
09:58:32,3.3468
09:58:33,3.3407
09:58:35,3.3443
09:58:36,3.3382
09:58:37,3.3443
09:58:38,3.3394
09:58:39,3.3455
09:58:40,3.3407
09:58:41,3.3419
09:58:42,3.3431
09:58:43,3.3443
09:58:44,3.3419
09:58:45,3.3394
09:58:46,3.3394
09:58:47,3.3358
09:58:48,3.3443
09:58:49,3.3407
09:58:50,3.3407
09:58:51,3.337
09:58:52,3.3407
09:58:53,3.3358
09:58:54,3.3382
09:58:55,3.3382
09:58:56,3.337
09:58:57,3.3382
09:58:58,3.3358
09:58:59,3.3407
09:59:00,3.337
09:59:01,3.3394
09:59:02,3.337
09:59:03,3.3382
09:59:04,3.3394
09:59:05,3.3394
09:59:06,3.3407
09:59:07,3.3394
09:59:08,3.3358
09:59:09,3.3407
09:59:10,3.3382
09:59:11,3.3407
09:59:12,3.3394
09:59:13,3.3431
09:59:14,3.337
09:59:15,3.3394
09:59:16,3.3382
09:59:17,3.3431
09:59:18,3.337
09:59:19,3.3394
09:59:20,3.337
09:59:21,3.3407
09:59:22,3.3382
09:59:23,3.3394
09:59:24,3.3382
09:59:25,3.3407
09:59:26,3.3358
09:59:27,3.3382
09:59:28,3.337
09:59:29,3.3431
09:59:30,3.3382
09:59:31,3.3394
09:59:32,3.3394
09:59:33,3.3382
09:59:34,3.3394
09:59:35,3.3394
09:59:36,3.3394
09:59:38,3.3382
09:59:39,3.3394
09:59:40,3.3346
09:59:41,3.3358
09:59:42,3.3382
09:59:43,3.3407
09:59:44,3.3333
09:59:45,3.3394
09:59:46,3.3346
09:59:47,3.3382
09:59:48,3.3346
09:59:49,3.3394
09:59:50,3.3358
09:59:51,3.3358
09:59:52,3.3382
09:59:53,3.3358
09:59:54,3.337
09:59:55,3.3333
09:59:56,3.3358
09:59:57,3.3309
09:59:58,3.337
09:59:59,3.3346
10:00:00,3.3346
10:00:01,3.3333
10:00:02,3.3309
10:00:03,3.3309
10:00:04,3.3309
10:00:05,3.3321
10:00:06,3.3309
10:00:07,3.3284
10:00:08,3.3297
10:00:09,3.3309
10:00:10,3.3297
10:00:11,3.326
10:00:12,3.3272
10:00:13,3.3272
10:00:14,3.3223
10:00:15,3.326
10:00:16,3.3248
10:00:17,3.3236
10:00:18,3.3284
10:00:19,3.3211
10:00:20,3.3223
10:00:21,3.3175
10:00:22,3.3211
10:00:23,3.3211
10:00:24,3.3199
10:00:25,3.3223
10:00:26,3.3199
10:00:27,3.3223
10:00:28,3.3162
10:00:29,3.3175
10:00:30,3.3138
10:00:31,3.3162
10:00:32,3.3138
10:00:33,3.3162
10:00:34,3.315
10:00:35,3.3101
10:00:36,3.3101
10:00:37,3.3126
10:00:38,3.3114
10:00:39,3.3126
10:00:41,3.3114
10:00:42,3.3114
10:00:43,3.3077
10:00:44,3.3077
10:00:45,3.304
10:00:46,3.3077
10:00:47,3.3089
10:00:48,3.3053
10:00:49,3.3065
10:00:50,3.304
10:00:51,3.304
10:00:52,3.3016
10:00:53,3.3028
10:00:54,3.3016
10:00:55,3.3016
10:00:56,3.3016
10:00:57,3.3028
10:00:58,3.3004
10:00:59,3.3004
10:01:00,3.2991
10:01:01,3.3016
10:01:02,3.2967
10:01:03,3.2991
10:01:04,3.2955
10:01:05,3.3004
10:01:06,3.2943
10:01:07,3.2991
10:01:08,3.2943
10:01:09,3.2967
10:01:10,3.2955
10:01:11,3.2967
10:01:12,3.2943
10:01:13,3.2943
10:01:14,3.2943
10:01:15,3.2943
10:01:16,3.2906
10:01:17,3.2943
10:01:18,3.2906
10:01:19,3.2894
10:01:20,3.2906
10:01:21,3.2906
10:01:22,3.2894
10:01:23,3.293
10:01:24,3.2906
10:01:25,3.2894
10:01:26,3.2857
10:01:27,3.2894
10:01:28,3.2869
10:01:29,3.2894
10:01:30,3.2857
10:01:31,3.2833
10:01:32,3.2833
10:01:33,3.2845
10:01:34,3.2821
10:01:35,3.2821
10:01:36,3.2808
10:01:37,3.2784
10:01:38,3.2821
10:01:39,3.2772
10:01:40,3.2772
10:01:41,3.2821
10:01:42,3.2821
10:01:43,3.2821
10:01:45,3.2808
10:01:46,3.2772
10:01:47,3.2784
10:01:48,3.2772
10:01:49,3.2772
10:01:50,3.2759
10:01:51,3.2808
10:01:52,3.2772
10:01:53,3.2772
10:01:54,3.2772
10:01:55,3.2772
10:01:56,3.2747
10:01:57,3.2723
10:01:58,3.2747
10:01:59,3.2784
10:02:00,3.2759
10:02:01,3.2711
10:02:02,3.2723
10:02:03,3.2674
10:02:04,3.2698
10:02:05,3.2662
10:02:06,3.2686
10:02:07,3.2698
10:02:08,3.2698
10:02:09,3.2686
10:02:10,3.2698
10:02:11,3.2662
10:02:12,3.2662
10:02:13,3.2662
10:02:14,3.2625
10:02:15,3.2637
10:02:16,3.2613
10:02:17,3.265
10:02:18,3.2625
10:02:19,3.2613
10:02:20,3.2601
10:02:21,3.2589
10:02:22,3.2601
10:02:23,3.2564
10:02:24,3.2576
10:02:25,3.2601
10:02:26,3.2564
10:02:27,3.2576
10:02:28,3.2515
10:02:29,3.2564
10:02:30,3.254
10:02:31,3.2564
10:02:32,3.254
10:02:33,3.254
10:02:34,3.2515
10:02:35,3.2527
10:02:36,3.2527
10:02:37,3.2515
10:02:38,3.2515
10:02:39,3.2479
10:02:40,3.2503
10:02:41,3.2491
10:02:42,3.2454
10:02:43,3.2503
10:02:44,3.2503
10:02:45,3.2466
10:02:46,3.2466
10:02:48,3.2454
10:02:49,3.2491
10:02:50,3.2442
10:02:51,3.2479
10:02:52,3.2442
10:02:53,3.2491
10:02:54,3.2479
10:02:55,3.2466
10:02:56,3.2479
10:02:57,3.2503
10:02:58,3.243
10:02:59,3.2466
10:03:00,3.243
10:03:01,3.2491
10:03:02,3.243
10:03:03,3.2454
10:03:04,3.2454
10:03:05,3.2466
10:03:06,3.2466
10:03:07,3.2454
10:03:08,3.2442
10:03:09,3.2454
10:03:10,3.2479
10:03:11,3.2418
10:03:12,3.2442
10:03:13,3.2479
10:03:14,3.2442
10:03:15,3.2442
10:03:16,3.243
10:03:17,3.2454
10:03:18,3.2442
10:03:19,3.2418
10:03:20,3.2418
10:03:21,3.2418
10:03:22,3.2418
10:03:23,3.2418
10:03:24,3.243
10:03:25,3.243
10:03:26,3.243
10:03:27,3.243
10:03:28,3.243
10:03:29,3.2393
10:03:30,3.2418
10:03:31,3.2393
10:03:32,3.2381
10:03:33,3.243
10:03:34,3.243
10:03:35,3.243
10:03:36,3.243
10:03:37,3.2381
10:03:38,3.2381
10:03:39,3.2405
10:03:40,3.2418
10:03:41,3.2369
10:03:42,3.2393
10:03:43,3.2405
10:03:44,3.2357
10:03:45,3.2381
10:03:46,3.2332
10:03:47,3.2332
10:03:48,3.2357
10:03:49,3.2332
10:03:50,3.2344
10:03:52,3.232
10:03:53,3.2344
10:03:54,3.2308
10:03:55,3.232
10:03:56,3.2308
10:03:57,3.232
10:03:58,3.2332
10:03:59,3.2308
10:04:00,3.2283
10:04:01,3.2332
10:04:02,3.2271
10:04:03,3.2271
10:04:04,3.2259
10:04:05,3.2259
10:04:06,3.2271
10:04:07,3.2234
10:04:08,3.2271
10:04:09,3.2283
10:04:10,3.2259
10:04:11,3.2247
10:04:12,3.2259
10:04:13,3.2259
10:04:14,3.2247
10:04:15,3.2234
10:04:16,3.2271
10:04:17,3.2259
10:04:18,3.2259
10:04:19,3.2222
10:04:20,3.2234
10:04:21,3.2222
10:04:22,3.2222
10:04:23,3.2234
10:04:24,3.2222
10:04:25,3.2247
10:04:26,3.2234
10:04:27,3.2234
10:04:28,3.2222
10:04:29,3.2222
10:04:30,3.2234
10:04:31,3.2222
10:04:32,3.2259
10:04:33,3.2234
10:04:34,3.2259
10:04:35,3.221
10:04:36,3.2259
10:04:37,3.2283
10:04:38,3.2283
10:04:39,3.2234
10:04:40,3.2234
10:04:41,3.2234
10:04:42,3.2247
10:04:43,3.2259
10:04:44,3.2234
10:04:45,3.2271
10:04:46,3.2332
10:04:47,3.2308
10:04:48,3.2344
10:04:49,3.2332
10:04:50,3.2332
10:04:51,3.2332
10:04:52,3.2332
10:04:53,3.2344
10:04:55,3.232
10:04:56,3.2357
10:04:57,3.2393
10:04:58,3.2393
10:04:59,3.2381
10:05:00,3.243
10:05:01,3.2405
10:05:02,3.243
10:05:03,3.2442
10:05:04,3.2442
10:05:05,3.2466
10:05:06,3.2442
10:05:07,3.243
10:05:08,3.2454
10:05:09,3.2466
10:05:10,3.2491
10:05:11,3.2515
10:05:12,3.2503
10:05:13,3.2527
10:05:14,3.2564
10:05:15,3.2515
10:05:16,3.254
10:05:17,3.2552
10:05:18,3.2589
10:05:19,3.2625
10:05:20,3.2589
10:05:21,3.2613
10:05:22,3.2662
10:05:23,3.2637
10:05:24,3.2674
10:05:25,3.2686
10:05:26,3.2674
10:05:27,3.2698
10:05:28,3.2698
10:05:29,3.2711
10:05:30,3.2698
10:05:31,3.2747
10:05:32,3.2772
10:05:33,3.2723
10:05:34,3.2784
10:05:35,3.2772
10:05:36,3.2772
10:05:37,3.2808
10:05:38,3.2796
10:05:39,3.2845
10:05:40,3.2821
10:05:41,3.2821
10:05:42,3.2821
10:05:43,3.2869
10:05:44,3.2845
10:05:45,3.2894
10:05:46,3.2906
10:05:47,3.2918
10:05:48,3.2882
10:05:49,3.2894
10:05:50,3.2906
10:05:51,3.2918
10:05:52,3.2918
10:05:53,3.2991
10:05:54,3.293
10:05:55,3.3016
10:05:56,3.2967
10:05:58,3.2967
10:05:59,3.2991
10:06:00,3.2979
10:06:01,3.3004
10:06:02,3.3004
10:06:03,3.2991
10:06:04,3.3004
10:06:05,3.2991
10:06:06,3.3004
10:06:07,3.3053
10:06:08,3.3028
10:06:09,3.3028
10:06:10,3.3028
10:06:11,3.3053
10:06:12,3.3053
10:06:13,3.3016
10:06:14,3.3089
10:06:15,3.3053
10:06:16,3.3065
10:06:17,3.3101
10:06:18,3.3053
10:06:19,3.3101
10:06:20,3.3126
10:06:21,3.3101
10:06:22,3.3089
10:06:23,3.3101
10:06:24,3.3089
10:06:25,3.3065
10:06:26,3.3114
10:06:27,3.3077
10:06:28,3.3077
10:06:29,3.3077
10:06:30,3.3101
10:06:31,3.3126
10:06:32,3.3089
10:06:33,3.3138
10:06:34,3.315
10:06:35,3.315
10:06:36,3.3138
10:06:37,3.3101
10:06:38,3.3114
10:06:39,3.3126
10:06:40,3.3101
10:06:41,3.315
10:06:42,3.3138
10:06:43,3.3162
10:06:44,3.3138
10:06:45,3.315
10:06:46,3.315
10:06:47,3.3126
10:06:48,3.3138
10:06:49,3.315
10:06:50,3.3114
10:06:51,3.3175
10:06:52,3.315
10:06:53,3.3162
10:06:54,3.3187
10:06:55,3.3187
10:06:56,3.3114
10:06:57,3.315
10:06:58,3.3126
10:06:59,3.3175
10:07:01,3.3126
10:07:02,3.3175
10:07:03,3.3175
10:07:04,3.3162
10:07:05,3.2747
10:07:06,3.2711
10:07:07,2.7582
10:07:08,2.812
10:07:09,2.7411
10:07:10,2.8901
10:07:11,2.9011
10:07:12,3.3114
10:07:13,2.917
10:07:14,3.3175
10:07:15,3.3162
10:07:16,3.315
10:07:17,3.3162
10:07:18,3.3175
10:07:19,3.3162
10:07:20,3.3175
10:07:21,3.315
10:07:22,3.3175
10:07:23,3.3138
10:07:24,3.3175
10:07:25,3.3162
10:07:26,3.3138
10:07:27,3.3126
10:07:28,3.3162
10:07:29,3.3138
10:07:30,3.3138
10:07:31,3.3162
10:07:32,3.3138
10:07:33,3.3162
10:07:34,3.3175
10:07:35,3.3126
10:07:36,3.3126
10:07:37,3.3138
10:07:38,3.315
10:07:39,3.315
10:07:40,3.3162
10:07:41,3.3162
10:07:42,3.3138
10:07:43,3.3138
10:07:44,3.3187
10:07:45,3.3162
10:07:46,3.3162
10:07:47,3.3199
10:07:48,3.3126
10:07:49,3.315
10:07:50,3.3162
10:07:51,3.3175
10:07:52,3.3101
10:07:53,3.315
10:07:54,3.3162
10:07:55,3.3138
10:07:56,3.315
10:07:57,3.3175
10:07:58,3.315
10:07:59,3.315
10:08:00,3.3199
10:08:01,3.3187
10:08:03,3.3175
10:08:04,3.3236
10:08:05,3.315
10:08:06,3.3162
10:08:07,3.315
10:08:08,3.3187
10:08:09,3.315
10:08:10,3.3187
10:08:11,3.3211
10:08:12,3.3199
10:08:13,3.315
10:08:14,3.3199
10:08:15,3.3211
10:08:16,3.3114
10:08:17,3.3187
10:08:18,3.3223
10:08:19,3.315
10:08:20,3.3175
10:08:21,3.315
10:08:22,3.3187
10:08:23,3.3199
10:08:24,3.3162
10:08:25,3.3187
10:08:26,3.3199
10:08:27,3.3175
10:08:28,3.315
10:08:29,3.3199
10:08:30,3.3162
10:08:31,3.3138
10:08:32,3.3187
10:08:33,3.3199
10:08:34,3.315
10:08:35,3.3138
10:08:36,3.3211
10:08:37,3.3175
10:08:38,3.3126
10:08:39,3.3114
10:08:40,3.3162
10:08:41,3.3138
10:08:42,3.3162
10:08:43,3.3126
10:08:44,3.3101
10:08:45,3.3126
10:08:46,3.3138
10:08:47,3.3101
10:08:48,3.3089
10:08:49,3.3126
10:08:50,3.3138
10:08:51,3.3089
10:08:52,3.3077
10:08:53,3.315
10:08:54,3.3065
10:08:55,3.3065
10:08:56,3.3138
10:08:57,3.3077
10:08:58,3.3077
10:08:59,3.3101
10:09:00,3.3016
10:09:01,3.3065
10:09:02,3.3065
10:09:03,3.3028
10:09:04,3.3028
10:09:06,3.3077
10:09:07,3.3028
10:09:08,3.3016
10:09:09,3.304
10:09:10,3.3016
10:09:11,3.3016
10:09:12,3.3016
10:09:13,3.3028
10:09:14,3.2991
10:09:15,3.3016
10:09:16,3.3016
10:09:17,3.3028
10:09:18,3.3016
10:09:19,3.2967
10:09:20,3.3016
10:09:21,3.3028
10:09:22,3.3004
10:09:23,3.2979
10:09:24,3.3004
10:09:25,3.2979
10:09:26,3.2918
10:09:27,3.293
10:09:28,3.2991
10:09:29,3.2991
10:09:30,3.2918
10:09:31,3.2967
10:09:32,3.3004
10:09:33,3.2943
10:09:34,3.293
10:09:35,3.2967
10:09:36,3.3028
10:09:37,3.2991
10:09:38,3.293
10:09:39,3.2979
10:09:40,3.2943
10:09:41,3.2918
10:09:42,3.2967
10:09:43,3.293
10:09:44,3.2918
10:09:45,3.2967
10:09:46,3.2991
10:09:47,3.2918
10:09:48,3.2967
10:09:49,3.2943
10:09:50,3.293
10:09:51,3.2943
10:09:52,3.2918
10:09:53,3.2918
10:09:54,3.2918
10:09:55,3.2955
10:09:56,3.2955
10:09:57,3.2967
10:09:58,3.2906
10:09:59,3.2955
10:10:00,3.293
10:10:01,3.2967
10:10:02,3.293
10:10:03,3.293
10:10:04,3.2991
10:10:05,3.2943
10:10:06,3.2906
10:10:07,3.2943
10:10:08,3.2955
10:10:10,3.2943
10:10:11,3.2955
10:10:12,3.293
10:10:13,3.2918
10:10:14,3.2943
10:10:15,3.2955
10:10:16,3.2943
10:10:17,3.2918
10:10:18,3.293
10:10:19,3.2918
10:10:20,3.2943
10:10:21,3.2918
10:10:22,3.2882
10:10:23,3.2918
10:10:24,3.2918
10:10:25,3.293
10:10:26,3.2894
10:10:27,3.2869
10:10:28,3.2894
10:10:29,3.2918
10:10:30,3.2906
10:10:31,3.2869
10:10:32,3.2894
10:10:33,3.2894
10:10:34,3.2894
10:10:35,3.2869
10:10:36,3.2821
10:10:37,3.2845
10:10:38,3.2894
10:10:39,3.2857
10:10:40,3.2833
10:10:41,3.2808
10:10:42,3.2821
10:10:43,3.2821
10:10:44,3.2808
10:10:45,3.2796
10:10:46,2.746
10:10:47,3.2784
10:10:48,3.2772
10:10:49,3.2796
10:10:50,3.2759
10:10:51,2.7118
10:10:52,2.801
10:10:53,3.2735
10:10:54,3.2784
10:10:55,3.2747
10:10:56,2.9792
10:10:57,2.8193
10:10:58,3.2698
10:10:59,3.2698
10:11:00,3.2723
10:11:01,3.2625
10:11:02,3.2637
10:11:03,2.6764
10:11:04,3.2686
10:11:05,3.2711
10:11:06,3.265
10:11:07,2.6825
10:11:08,3.2601
10:11:09,3.2601
10:11:10,3.2625
10:11:12,3.2625
10:11:13,3.2479
10:11:14,3.2613
10:11:15,3.254
10:11:16,3.2576
10:11:17,3.2576
10:11:18,2.7118
10:11:19,3.2564
10:11:20,3.2552
10:11:21,3.2527
10:11:22,3.254
10:11:23,3.254
10:11:24,3.2527
10:11:25,3.2527
10:11:26,3.2479
10:11:27,2.7448
10:11:28,3.2503
10:11:29,3.2479
10:11:30,3.2503
10:11:31,3.2454
10:11:32,3.243
10:11:33,2.6825
10:11:34,3.2466
10:11:35,3.2479
10:11:36,3.2454
10:11:37,3.0806
10:11:38,3.243
10:11:39,3.221
10:11:40,3.2405
10:11:41,2.7692
10:11:42,2.768
10:11:43,3.2418
10:11:44,3.2381
10:11:45,3.243
10:11:46,3.2442
10:11:47,3.2442
10:11:48,3.243
10:11:49,3.2418
10:11:50,3.2369
10:11:51,3.2405
10:11:52,3.2393
10:11:53,2.6947
10:11:54,3.243
10:11:55,3.2405
10:11:56,3.2369
10:11:57,3.2393
10:11:58,3.2381
10:11:59,3.243
10:12:00,3.2442
10:12:01,3.2405
10:12:02,3.2418
10:12:03,3.2381
10:12:04,2.757
10:12:05,3.243
10:12:06,3.243
10:12:07,3.2418
10:12:08,3.2466
10:12:09,2.7411
10:12:10,3.243
10:12:11,3.243
10:12:12,3.2454
10:12:14,2.6716
10:12:15,2.7375
10:12:16,3.2442
10:12:17,3.243
10:12:18,3.2479
10:12:19,3.2479
10:12:20,3.2527
10:12:21,3.2466
10:12:22,2.663
10:12:23,2.7094
10:17:35,3.3016
10:17:36,3.3053
10:17:37,3.2979
10:17:38,3.3053
10:17:39,3.2979
10:17:40,3.3016
10:17:41,3.3028
10:17:42,3.3016
10:17:43,3.2979
10:17:44,3.3028
10:17:45,3.2967
10:17:46,3.3053
10:17:47,3.2991
10:17:48,3.3016
10:17:49,3.2979
10:17:50,3.3004
10:17:51,3.293
10:17:52,3.2918
10:17:53,3.3016
10:17:54,3.2955
10:17:55,3.3016
10:17:56,3.3004
10:17:57,3.2967
10:17:58,3.3016
10:17:59,3.3004
10:18:00,3.2967
10:18:01,3.2991
10:18:02,3.2967
10:18:03,3.3004
10:18:05,3.3004
10:18:06,3.3004
10:18:07,3.2979
10:18:08,3.2991
10:18:09,3.3053
10:18:10,3.2955
10:18:11,3.2967
10:18:12,3.2991
10:18:13,3.2967
10:18:14,3.2967
10:18:15,3.2991
10:18:16,3.2943
10:18:17,3.3028
10:18:18,3.2955
10:18:19,3.2979
10:18:20,3.3016
10:18:21,3.2943
10:18:22,3.2991
10:18:23,3.2967
10:18:24,3.2979
10:18:25,3.2967
10:18:26,3.2955
10:18:27,3.2955
10:18:28,3.2955
10:18:29,3.2955
10:18:30,3.293
10:18:31,3.3016
10:18:32,3.2882
10:18:33,3.2991
10:18:34,3.2955
10:18:35,3.2943
10:18:36,3.2955
10:18:37,3.293
10:18:38,3.2967
10:18:39,3.2967
10:18:40,3.2943
10:18:41,3.2955
10:18:42,3.293
10:18:43,3.2918
10:18:44,3.2906
10:18:45,3.2955
10:18:46,3.293
10:18:47,3.2918
10:18:48,3.2918
10:18:49,3.2918
10:18:50,3.2943
10:18:51,3.2906
10:18:52,3.2918
10:18:53,3.2906
10:18:54,3.2991
10:18:55,3.2894
10:18:56,3.2967
10:18:57,3.2918
10:18:58,3.2918
10:18:59,3.293
10:19:00,3.2894
10:19:01,3.2943
10:19:02,3.2918
10:19:03,3.2845
10:19:04,3.2979
10:19:05,3.2906
10:19:06,3.2955
10:19:08,3.2845
10:19:09,3.2918
10:19:10,3.2918
10:19:11,3.2882
10:19:12,3.2918
10:19:13,3.2882
10:19:14,3.2918
10:19:15,3.293
10:19:16,3.2882
10:19:17,3.2906
10:19:18,3.2882
10:19:19,3.2955
10:19:20,3.2869
10:19:21,3.2906
10:19:22,3.2857
10:19:23,3.2882
10:19:24,3.2918
10:19:25,3.2833
10:19:26,3.2894
10:19:27,3.2857
10:19:28,3.2857
10:19:29,3.2857
10:19:30,3.2821
10:19:31,3.2845
10:19:32,3.2796
10:19:33,3.2821
10:19:34,3.2796
10:19:35,3.2796
10:19:36,3.2796
10:19:37,3.2821
10:19:38,3.2735
10:19:39,3.2759
10:19:40,3.2796
10:19:41,3.2772
10:19:42,3.2735
10:19:43,3.2784
10:19:44,3.2747
10:19:45,3.2735
10:19:46,3.2735
10:19:47,3.2723
10:19:48,3.2723
10:19:49,3.2698
10:19:50,3.2698
10:19:51,3.2686
10:19:52,3.2662
10:19:53,3.2711
10:19:54,3.2674
10:19:55,3.2711
10:19:56,3.2625
10:19:57,3.2637
10:19:58,3.2662
10:19:59,3.2625
10:20:00,3.2613
10:20:01,3.2589
10:20:02,3.265
10:20:03,3.2589
10:20:04,3.2601
10:20:05,3.2613
10:20:06,3.2576
10:20:07,3.2613
10:20:08,3.2601
10:20:09,3.2589
10:20:11,3.2625
10:20:12,3.2564
10:20:13,3.2564
10:20:14,3.2552
10:20:15,3.2564
10:20:16,3.254
10:20:17,3.254
10:20:18,3.254
10:20:19,3.2515
10:20:20,3.2552
10:20:21,3.2527
10:20:22,3.2479
10:20:23,3.2564
10:20:24,3.2503
10:20:25,3.2527
10:20:26,3.2491
10:20:27,3.254
10:20:28,3.2442
10:20:29,3.2527
10:20:30,3.2454
10:20:31,3.2442
10:20:32,3.2466
10:20:33,3.2466
10:20:34,3.2479
10:20:35,3.2454
10:20:36,3.2466
10:20:37,3.2466
10:20:38,3.2418
10:20:39,3.2442
10:20:40,3.2418
10:20:41,3.243
10:20:42,3.2454
10:20:43,3.2442
10:20:44,3.243
10:20:45,3.243
10:20:46,3.2418
10:20:47,3.2381
10:20:48,3.2418
10:20:49,3.243
10:20:50,3.2393
10:20:51,3.2442
10:20:52,3.2381
10:20:53,3.2405
10:20:54,3.2369
10:20:55,3.2418
10:20:56,3.2393
10:20:57,3.2393
10:20:58,3.2393
10:20:59,3.2369
10:21:00,3.2393
10:21:01,3.2393
10:21:02,3.2369
10:21:03,3.2381
10:21:04,3.2405
10:21:05,3.2381
10:21:06,3.2442
10:21:07,3.2332
10:21:08,3.2418
10:21:09,3.2332
10:21:10,3.2418
10:21:11,3.2332
10:21:13,3.2393
10:21:14,3.2344
10:21:15,3.2357
10:21:16,3.2357
10:21:17,3.2381
10:21:18,3.2393
10:21:19,3.2344
10:21:20,3.2381
10:21:21,3.2332
10:21:22,3.2357
10:21:23,3.2332
10:21:24,3.2381
10:21:25,3.232
10:21:26,3.2405
10:21:27,3.2332
10:21:28,3.243
10:21:29,3.2381
10:21:30,3.2357
10:21:31,3.232
10:21:32,3.2369
10:21:33,3.2332
10:21:34,3.2405
10:21:35,3.2381
10:21:36,3.2344
10:21:37,3.2369
10:21:38,3.2369
10:21:39,3.2332
10:21:40,3.232
10:21:41,3.2357
10:21:42,3.2357
10:21:43,3.2369
10:21:44,3.2369
10:21:45,3.2344
10:21:46,3.2369
10:21:47,3.2369
10:21:48,3.2393
10:21:49,3.2344
10:21:50,3.2393
10:21:51,3.2369
10:21:52,3.2381
10:21:53,3.2357
10:21:54,3.2369
10:21:55,3.2405
10:21:56,3.2381
10:21:57,3.2381
10:21:58,3.2393
10:21:59,3.2381
10:22:00,3.2344
10:22:01,3.2357
10:22:02,3.2357
10:22:03,3.2405
10:22:04,3.2381
10:22:05,3.2381
10:22:06,3.2381
10:22:07,3.2357
10:22:08,3.2405
10:22:09,3.2332
10:22:10,3.243
10:22:11,3.2332
10:22:12,3.2381
10:22:13,3.2357
10:22:14,3.2405
10:22:16,3.2381
10:22:17,3.2369
10:22:18,3.2369
10:22:19,3.2393
10:22:20,3.2393
10:22:21,3.2393
10:22:22,3.2393
10:22:23,3.2369
10:22:24,3.243
10:22:25,3.2369
10:22:26,3.2393
10:22:27,3.2381
10:22:28,3.2405
10:22:29,3.2381
10:22:30,3.2357
10:22:31,3.2344
10:22:32,3.2393
10:22:33,3.2344
10:22:34,3.2357
10:22:35,3.2357
10:22:36,3.2381
10:22:37,3.2357
10:22:38,3.2405
10:22:39,3.2418
10:22:40,3.2344
10:22:41,3.2381
10:22:42,3.2381
10:22:43,3.2344
10:22:44,3.2381
10:22:45,3.2357
10:22:46,3.2369
10:22:47,3.2344
10:22:48,3.2381
10:22:49,3.2357
10:22:50,3.2332
10:22:51,3.2381
10:22:52,3.2332
10:22:53,3.2357
10:22:54,3.2369
10:22:55,3.2369
10:22:56,3.2344
10:22:57,3.2357
10:22:58,3.2357
10:22:59,3.2357
10:23:00,3.2344
10:23:01,3.2332
10:23:02,3.232
10:23:03,3.2344
10:23:04,3.2332
10:23:05,3.2344
10:23:06,3.2344
10:23:07,3.2381
10:23:08,3.2332
10:23:09,3.2357
10:23:10,3.2332
10:23:11,3.2332
10:23:12,3.2332
10:23:13,3.2344
10:23:14,3.2332
10:23:15,3.232
10:23:16,3.2271
10:23:18,3.232
10:23:19,3.2308
10:23:20,3.2381
10:23:21,3.232
10:23:22,3.232
10:23:23,3.2308
10:23:24,3.232
10:23:25,3.232
10:23:26,3.2308
10:23:27,3.2308
10:23:28,3.232
10:23:29,3.2271
10:23:30,3.2283
10:23:31,3.2295
10:23:32,3.2308
10:23:33,3.2283
10:23:34,3.2295
10:23:35,3.2332
10:23:36,3.2295
10:23:37,3.2308
10:23:38,3.2295
10:23:39,3.2308
10:23:40,3.2308
10:23:41,3.2332
10:23:42,3.2308
10:23:43,3.2271
10:23:44,3.2283
10:23:45,3.2295
10:23:46,3.2295
10:23:47,3.2295
10:23:48,3.2308
10:23:49,3.2283
10:23:50,3.2332
10:23:51,3.2295
10:23:52,3.2295
10:23:53,3.2271
10:23:54,3.2283
10:23:55,3.2308
10:23:56,3.2295
10:23:57,3.2295
10:23:58,3.2308
10:23:59,3.2283
10:24:00,3.2283
10:24:01,3.2247
10:24:02,3.232
10:24:03,3.2271
10:24:04,3.2271
10:24:05,3.2295
10:24:06,3.2283
10:24:07,3.2271
10:24:08,3.2332
10:24:09,3.2295
10:24:10,3.232
10:24:11,3.2259
10:24:12,3.2271
10:24:13,3.2295
10:24:14,3.2308
10:24:15,3.232
10:24:16,3.232
10:24:17,3.2308
10:24:18,3.2308
10:24:19,3.2283
10:24:21,3.2308
10:24:22,3.2308
10:24:23,3.2283
10:24:24,3.2283
10:24:25,3.2308
10:24:26,3.2308
10:24:27,3.2295
10:24:28,3.2344
10:24:29,3.2308
10:24:30,3.2332
10:24:31,3.232
10:24:32,3.232
10:24:33,3.2295
10:24:34,3.2332
10:24:35,3.232
10:24:36,3.2344
10:24:37,3.2308
10:24:38,3.2332
10:24:39,3.232
10:24:40,3.232
10:24:41,3.2357
10:24:42,3.2332
10:24:43,3.2369
10:24:44,3.2332
10:24:45,3.2357
10:24:46,3.2308
10:24:47,3.2332
10:24:48,3.2332
10:24:49,3.2308
10:24:50,3.2332
10:24:51,3.2332
10:24:52,3.2357
10:24:53,3.2369
10:24:54,3.2332
10:24:55,3.2369
10:24:56,3.2308
10:24:57,3.2381
10:24:58,3.2357
10:24:59,3.2344
10:25:00,3.2344
10:25:01,3.2332
10:25:02,3.2344
10:25:03,3.2369
10:25:04,3.2344
10:25:05,3.2369
10:25:06,3.2405
10:25:07,3.232
10:25:08,3.2418
10:25:09,3.232
10:25:10,3.2369
10:25:11,3.2357
10:25:12,3.2369
10:25:13,3.2405
10:25:14,3.2344
10:25:15,3.2369
10:25:16,3.2332
10:25:17,3.2332
10:25:18,3.2344
10:25:19,3.2357
10:25:20,3.2332
10:25:21,3.2357
10:25:22,3.2381
10:25:24,3.2357
10:25:25,3.2381
10:25:26,3.2357
10:25:27,3.2344
10:25:28,3.2381
10:25:29,3.2393
10:25:30,3.2332
10:25:31,3.2332
10:25:32,3.2393
10:25:33,3.2344
10:25:34,3.2393
10:25:35,3.2344
10:25:36,3.2405
10:25:37,3.2393
10:25:38,3.243
10:25:39,3.2369
10:25:40,3.2418
10:25:41,3.2381
10:25:42,3.2405
10:25:43,3.2381
10:25:44,3.2405
10:25:45,3.2418
10:25:46,3.2418
10:25:47,3.2393
10:25:48,3.2357
10:25:49,3.2405
10:25:50,3.2393
10:25:51,3.2418
10:25:52,3.2405
10:25:53,3.2418
10:25:54,3.2454
10:25:55,3.2393
10:25:56,3.243
10:25:57,3.2405
10:25:58,3.2418
10:25:59,3.2405
10:26:00,3.243
10:26:01,3.2418
10:26:02,3.2418
10:26:03,3.2442
10:26:04,3.243
10:26:05,3.2418
10:26:06,3.243
10:26:07,3.2405
10:26:08,3.2405
10:26:09,3.243
10:26:10,3.243
10:26:11,3.2418
10:26:12,3.243
10:26:13,3.243
10:26:14,3.243
10:26:15,3.243
10:26:16,3.2454
10:26:17,3.243
10:26:18,3.2454
10:26:19,3.2418
10:26:20,3.243
10:26:21,3.2466
10:26:22,3.243
10:26:23,3.243
10:26:24,3.243
10:26:26,3.243
10:26:27,3.243
10:26:28,3.2442
10:26:29,3.2442
10:26:30,3.2405
10:26:31,3.2405
10:26:32,3.2454
10:26:33,3.2454
10:26:34,3.2442
10:26:35,3.2418
10:26:36,3.2405
10:26:37,3.243
10:26:38,3.243
10:26:39,3.2442
10:26:40,3.2418
10:26:41,3.243
10:26:42,3.2454
10:26:43,3.2418
10:26:44,3.243
10:26:45,3.2418
10:26:46,3.243
10:26:47,3.2454
10:26:48,3.2442
10:26:49,3.243
10:26:50,3.2418
10:26:51,3.243
10:26:52,3.2418
10:26:53,3.243
10:26:54,3.2442
10:26:55,3.2454
10:26:56,3.243
10:26:57,3.2454
10:26:58,3.2442
10:26:59,3.243
10:27:00,3.2418
10:27:01,3.2442
10:27:02,3.2405
10:27:03,3.2442
10:27:04,3.2442
10:27:05,3.243
10:27:06,3.2418
10:27:07,3.2454
10:27:08,3.2466
10:27:09,3.2393
10:27:10,3.2454
10:27:11,3.2466
10:27:12,3.2418
10:27:13,3.243
10:27:14,3.1954
10:27:15,2.7082
10:27:16,3.2002
10:27:17,3.2088
10:27:18,3.2137
10:27:19,3.2234
10:27:20,3.2357
10:27:21,3.2393
10:27:22,3.243
10:27:23,2.7228
10:27:24,3.2381
10:27:25,3.2393
10:27:26,3.2405
10:27:27,3.2418
10:27:29,3.2381
10:27:30,3.2393
10:27:31,3.2393
10:27:32,3.2381
10:27:33,3.2405
10:27:34,3.2381
10:27:35,3.2381
10:27:36,3.2369
10:27:37,3.2393
10:27:38,3.232
10:27:39,3.2369
10:27:40,3.2357
10:27:41,3.232
10:27:42,3.232
10:27:43,3.2369
10:27:44,3.2357
10:27:45,3.2295
10:27:46,3.2357
10:27:47,3.2332
10:27:48,3.2344
10:27:49,3.2344
10:27:50,3.2332
10:27:51,3.2344
10:27:52,3.2308
10:27:53,3.232
10:27:54,3.2283
10:27:55,3.232
10:27:56,3.2283
10:27:57,3.2295
10:27:58,3.232
10:27:59,3.2283
10:28:00,3.232
10:28:01,3.232
10:28:02,3.232
10:28:03,3.2308
10:28:04,3.2332
10:28:05,3.232
10:28:06,3.2271
10:28:07,3.2308
10:28:08,3.2308
10:28:09,3.232
10:28:10,3.2247
10:28:11,3.2295
10:28:12,3.2271
10:28:13,3.2295
10:28:14,3.2259
10:28:15,3.2295
10:28:16,3.232
10:28:17,3.2271
10:28:18,3.2308
10:28:19,3.2271
10:28:20,3.2308
10:28:21,3.2247
10:28:22,3.2259
10:28:23,3.2271
10:28:24,3.2308
10:28:25,3.2295
10:28:26,3.2283
10:28:27,3.2247
10:28:28,3.2308
10:28:29,3.2259
10:28:30,3.2222
10:28:32,3.2295
10:28:33,3.2271
10:28:34,3.2283
10:28:35,3.2259
10:28:36,3.2283
10:28:37,3.2271
10:28:38,3.2283
10:28:39,3.2283
10:28:40,3.2234
10:28:41,3.2283
10:28:42,3.2247
10:28:43,3.2247
10:28:44,3.2234
10:28:45,3.2259
10:28:46,3.2259
10:28:47,3.2271
10:28:48,3.2271
10:28:49,3.2295
10:28:50,3.2295
10:28:51,3.2283
10:28:52,3.2259
10:28:53,3.2222
10:28:54,3.2222
10:28:55,3.2234
10:28:56,3.2234
10:28:57,3.221
10:28:58,3.221
10:28:59,3.2198
10:29:00,3.2234
10:29:01,3.2198
10:29:02,3.2234
10:29:03,3.2222
10:29:04,3.2247
10:29:05,3.2198
10:29:06,3.2234
10:29:07,3.2198
10:29:08,3.2234
10:29:09,3.221
10:29:10,3.2186
10:29:11,3.2234
10:29:12,3.2198
10:29:13,3.2198
10:29:14,3.2186
10:29:15,3.2186
10:29:16,3.2198
10:29:17,3.2222
10:29:18,3.2173
10:29:19,3.2222
10:29:20,3.2161
10:29:21,3.2161
10:29:22,3.2125
10:29:23,3.2149
10:29:24,3.2161
10:29:25,3.2137
10:29:26,3.2173
10:29:27,3.2125
10:29:28,3.2137
10:29:29,3.2112
10:29:30,3.2137
10:29:31,3.2125
10:29:32,3.2149
10:29:33,3.2149
10:29:35,3.2125
10:29:36,3.2137
10:29:37,3.2112
10:29:38,3.2112
10:29:39,3.2088
10:29:40,3.2088
10:29:41,3.2125
10:29:42,3.2088
10:29:43,3.2088
10:29:44,3.2137
10:29:45,3.2112
10:29:46,3.21
10:29:47,3.21
10:29:48,3.2076
10:29:49,3.2112
10:29:50,3.2051
10:29:51,3.2088
10:29:52,3.2076
10:29:53,3.2088
10:29:54,3.2088
10:29:55,3.2076
10:29:56,3.2063
10:29:57,3.2039
10:29:58,3.2051
10:29:59,3.2076
10:30:00,3.2051
10:30:01,3.2112
10:30:02,3.2051
10:30:03,3.2063
10:30:04,3.2076
10:30:05,3.2051
10:30:06,3.2063
10:30:07,3.2051
10:30:08,3.2039
10:30:09,3.2076
10:30:10,3.2051
10:30:11,3.2051
10:30:12,3.2027
10:30:13,3.2063
10:30:14,3.2051
10:30:15,3.2063
10:30:16,3.2063
10:30:17,3.2039
10:30:18,3.2063
10:30:19,3.2039
10:30:20,3.2039
10:30:21,3.2039
10:30:22,3.2027
10:30:23,3.2063
10:30:24,3.2076
10:30:25,3.2039
10:30:26,3.2051
10:30:27,3.2051
10:30:28,3.199
10:30:29,3.2039
10:30:30,3.2027
10:30:31,3.2039
10:30:32,3.2027
10:30:33,3.2039
10:30:34,3.2027
10:30:35,3.2027
10:30:36,3.2027
10:30:38,3.199
10:30:39,3.2027
10:30:40,3.2002
10:30:41,3.2027
10:30:42,3.2002
10:30:43,3.199
10:30:44,3.2027
10:30:45,3.2002
10:30:46,3.2002
10:30:47,3.1978
10:30:48,3.199
10:30:49,3.2002
10:30:50,3.199
10:30:51,3.199
10:30:52,3.2015
10:30:53,3.1978
10:30:54,3.1978
10:30:55,3.2015
10:30:56,3.199
10:30:57,3.199
10:30:58,3.1966
10:30:59,3.1941
10:31:00,3.1966
10:31:01,3.199
10:31:02,3.1954
10:31:03,3.1954
10:31:04,3.1966
10:31:05,3.1966
10:31:06,3.1941
10:31:07,3.1917
10:31:08,3.199
10:31:09,3.1954
10:31:10,3.1966
10:31:11,3.1917
10:31:12,3.1966
10:31:13,3.1954
10:31:14,3.1929
10:31:15,3.1917
10:31:16,3.188
10:31:17,3.1917
10:31:18,3.1929
10:31:19,3.1893
10:31:20,3.1856
10:31:21,3.1929
10:31:22,3.188
10:31:23,3.1856
10:31:24,3.188
10:31:25,3.188
10:31:26,3.1868
10:31:27,3.1905
10:31:28,3.1905
10:31:29,3.188
10:31:30,3.1832
10:31:31,3.188
10:31:32,3.1856
10:31:33,3.1844
10:31:34,3.1844
10:31:35,3.1868
10:31:36,3.1844
10:31:37,3.1844
10:31:39,3.1832
10:31:40,3.1856
10:31:41,3.1844
10:31:42,3.1832
10:31:43,3.1856
10:31:44,3.1868
10:31:45,3.1868
10:31:46,3.1844
10:31:47,3.1832
10:31:48,3.1856
10:31:49,3.1844
10:31:50,3.1844
10:31:51,3.1807
10:31:52,3.188
10:31:53,3.1844
10:31:54,3.1856
10:31:55,3.1844
10:31:56,3.188
10:31:57,3.1844
10:31:58,3.1868
10:31:59,3.1844
10:32:00,3.1832
10:32:01,3.1844
10:32:02,3.1832
10:32:03,3.1856
10:32:04,3.1868
10:32:05,3.1844
10:32:06,3.1844
10:32:07,3.1807
10:32:08,3.1832
10:32:09,3.1807
10:32:10,3.1832
10:32:11,3.1844
10:32:12,3.1795
10:32:13,3.1844
10:32:14,3.1844
10:32:15,3.1856
10:32:16,3.177
10:32:17,3.1856
10:32:18,3.1819
10:32:19,3.1832
10:32:20,3.1819
10:32:21,3.1807
10:32:22,3.1832
10:32:23,3.1807
10:32:24,3.1832
10:32:25,3.1856
10:32:26,3.1819
10:32:27,3.1807
10:32:28,3.1819
10:32:29,3.1844
10:32:30,3.1807
10:32:31,3.1807
10:32:32,3.1795
10:32:33,3.1807
10:32:34,3.1807
10:32:35,3.1795
10:32:36,3.1807
10:32:37,3.1783
10:32:38,3.1819
10:32:39,3.1783
10:32:41,3.1783
10:32:42,3.1795
10:32:43,3.177
10:32:44,3.1795
10:32:45,3.1758
10:32:46,3.1783
10:32:47,2.6044
10:32:48,3.1783
10:32:49,3.177
10:32:50,3.1795
10:32:51,2.6203
10:32:52,3.1832
10:32:53,3.1734
10:32:54,3.1783
10:32:55,3.1746
10:32:56,2.6178
10:32:57,2.5995
10:32:58,3.1819
10:32:59,3.1746
10:33:00,3.1746
10:33:01,3.1722
10:33:02,2.6178
10:33:03,3.1758
10:33:04,3.1746
10:33:05,3.1746
10:33:06,3.1685
10:33:07,3.1734
10:33:08,3.1685
10:33:09,2.6447
10:33:10,3.1722
10:33:11,3.1746
10:33:12,3.1697
10:33:13,3.1746
10:33:14,3.1722
10:33:15,3.1722
10:33:16,3.1697
10:33:17,3.1685
10:33:18,3.1697
10:33:19,3.1648
10:33:20,3.1661
10:33:21,3.1661
10:33:22,3.1697
10:33:23,3.1648
10:33:24,3.16
10:33:25,2.6374
10:33:26,3.1661
10:33:27,3.1709
10:33:28,3.1661
10:33:29,3.1697
10:33:30,3.1685
10:33:31,3.1685
10:33:32,3.1673
10:33:33,3.1636
10:33:34,2.6276
10:33:35,2.6032
10:33:36,2.6276
10:33:37,3.1661
10:33:38,3.1331
10:33:39,3.1612
10:33:40,3.1648
10:33:42,3.16
10:33:43,2.6398
10:33:44,3.1587
10:33:45,3.1648
10:33:46,3.1575
10:33:47,3.16
10:33:48,3.16
10:33:49,2.6972
10:33:50,3.1624
10:33:51,3.1661
10:33:52,3.1612
10:33:53,3.16
10:33:54,3.1673
10:33:55,3.16
10:33:56,3.1648
10:33:57,3.16
10:33:58,3.1587
10:33:59,3.1661
10:34:00,3.1587
10:34:01,3.1673
10:34:02,3.1587
10:34:03,3.1648
10:34:04,3.1551
10:34:05,3.1612
10:34:06,2.6239
10:34:07,2.5653
10:34:08,3.16
10:34:09,3.1575
10:34:10,2.6386
10:34:11,2.6227
10:34:12,2.6105
10:34:13,3.1587
10:34:14,3.1648
10:34:15,3.1563
10:34:16,2.5641
10:34:17,3.1563
10:34:18,2.6178
10:34:19,3.1612
10:34:20,3.1563
10:34:21,3.1551
10:34:22,3.1624
10:34:23,3.1563
10:34:24,3.1526
10:34:25,3.16
10:34:26,3.1575
10:34:27,2.6252
10:34:28,3.1563
10:34:29,3.1612
10:34:30,3.1551
10:34:31,3.1575
10:34:32,3.1575
10:34:33,3.1575
10:34:34,3.1551
10:34:35,3.1575
10:34:36,3.1551
10:34:37,3.1587
10:34:38,3.1538
10:34:39,3.16
10:34:40,3.1563
10:34:42,3.16
10:34:43,3.1575
10:34:44,3.1587
10:34:45,3.1587
10:34:46,3.1612
10:34:47,3.1551
10:34:48,3.1648
10:34:49,3.1563
10:34:50,3.1624
10:34:51,3.1563
10:34:52,3.1587
10:34:53,3.1575
10:34:54,3.16
10:34:55,3.1575
10:34:56,3.16
10:34:57,3.1502
10:34:58,3.1551
10:34:59,3.1551
10:35:00,3.1526
10:35:01,3.1551
10:35:02,3.1563
10:35:03,3.16
10:35:04,3.1526
10:35:05,3.1514
10:35:06,3.1551
10:35:07,3.1514
10:35:08,3.1551
10:35:09,3.1514
10:35:10,3.1575
10:35:11,3.1526
10:35:12,3.1551
10:35:13,3.1526
10:35:14,3.1526
10:35:15,3.1575
10:35:16,3.1526
10:35:17,3.1514
10:35:18,3.1514
10:35:19,3.1551
10:35:20,3.1526
10:35:21,3.1526
10:35:22,3.1526
10:35:23,3.1538
10:35:24,3.1551
10:35:25,3.1526
10:35:26,3.1526
10:35:27,3.1514
10:35:28,3.1538
10:35:29,3.1526
10:35:30,3.1514
10:35:31,3.1514
10:35:32,3.1538
10:35:33,3.1526
10:35:34,3.1514
10:35:35,3.1551
10:35:36,3.149
10:35:37,3.1514
10:35:38,3.1502
10:35:39,3.1502
10:35:40,3.149
10:35:41,3.1526
10:35:42,3.1514
10:35:44,3.149
10:35:45,3.149
10:35:46,3.149
10:35:47,3.1538
10:35:48,3.1477
10:35:49,3.1514
10:35:50,3.1502
10:35:51,3.1514
10:35:52,3.1514
10:35:53,3.1502
10:35:54,3.149
10:35:55,3.1538
10:35:56,3.1514
10:35:57,3.1514
10:35:58,3.1526
10:35:59,3.1514
10:36:00,3.1502
10:36:01,3.1502
10:36:02,3.1502
10:36:03,3.1551
10:36:04,3.1502
10:36:05,3.1551
10:36:06,3.1514
10:36:07,3.1538
10:36:08,3.1514
10:36:09,3.1514
10:36:10,3.1526
10:36:11,3.1514
10:36:12,3.1514
10:36:13,3.1538
10:36:14,3.1502
10:36:15,3.1575
10:36:16,3.1538
10:36:17,3.1526
10:36:18,3.1563
10:36:19,3.1514
10:36:20,3.1551
10:36:21,3.1526
10:36:22,3.1551
10:36:23,3.1526
10:36:24,3.1551
10:36:25,3.1514
10:36:26,3.1514
10:36:27,3.1551
10:36:28,3.1551
10:36:29,3.1587
10:36:30,3.1538
10:36:31,3.1526
10:36:32,3.1538
10:36:33,3.1563
10:36:34,3.1538
10:36:35,3.1538
10:36:36,3.1502
10:36:37,3.1538
10:36:38,3.1563
10:36:39,3.149
10:36:40,3.1538
10:36:41,3.1514
10:36:42,3.1551
10:36:43,3.1538
10:36:45,3.1514
10:36:46,3.1514
10:36:47,3.1538
10:36:48,3.1551
10:36:49,3.149
10:36:50,3.1502
10:36:51,3.1502
10:36:52,3.1538
10:36:53,3.1453
10:36:54,3.1477
10:36:55,3.1477
10:36:56,3.1465
10:36:57,3.1453
10:36:58,3.1453
10:36:59,3.1502
10:37:00,3.1453
10:37:01,3.1453
10:37:02,3.1477
10:37:03,3.1465
10:37:04,3.149
10:37:05,3.1441
10:37:06,3.1477
10:37:07,3.1502
10:37:08,3.1514
10:37:09,3.1453
10:37:10,3.1429
10:37:11,3.1416
10:37:12,3.1416
10:37:13,3.1477
10:37:14,3.1416
10:37:15,3.1429
10:37:16,3.1429
10:37:17,3.1453
10:37:18,3.1416
10:37:19,3.1392
10:37:20,3.1404
10:37:21,3.138
10:37:22,3.1416
10:37:23,3.1368
10:37:24,3.1355
10:37:25,3.1392
10:37:26,3.1355
10:37:27,3.1392
10:37:28,3.138
10:37:29,3.1355
10:37:30,3.1355
10:37:31,3.1392
10:37:32,3.138
10:37:33,3.1331
10:37:34,3.1355
10:37:35,3.1343
10:37:36,3.1294
10:37:37,3.1368
10:37:38,3.1282
10:37:39,3.1331
10:37:40,3.1319
10:37:42,3.1306
10:37:43,3.1258
10:37:44,3.1258
10:37:45,3.1294
10:37:46,3.1245
10:37:47,3.1245
10:37:48,3.1294
10:37:49,3.1245
10:37:50,3.1258
10:37:51,3.1245
10:37:52,3.1221
10:37:53,3.1209
10:37:54,3.1258
10:37:55,3.1184
10:37:56,3.1197
10:37:57,3.1172
10:37:58,3.1197
10:37:59,3.1197
10:38:00,3.1184
10:38:01,3.1172
10:38:02,3.1172
10:38:03,3.116
10:38:04,3.1148
10:38:05,3.1148
10:38:06,3.1111
10:38:07,3.1111
10:38:08,3.1087
10:38:09,3.1111
10:38:10,3.1087
10:38:11,3.1074
10:38:12,3.1074
10:38:13,3.1074
10:38:14,3.1099
10:38:15,3.105
10:38:16,3.1074
10:38:17,3.1013
10:38:18,3.1062
10:38:19,3.1038
10:38:20,3.1001
10:38:21,3.0965
10:38:22,3.0977
10:38:23,3.0977
10:38:24,3.0977
10:38:25,3.1001
10:38:26,3.0989
10:38:27,3.1013
10:38:28,3.0989
10:38:29,3.1001
10:38:30,3.0977
10:38:31,3.1001
10:38:32,3.0952
10:38:33,3.0989
10:38:34,3.0952
10:38:35,3.0965
10:38:36,3.0965
10:38:37,3.0952
10:38:38,3.0928
10:38:39,3.0928
10:38:40,3.094
10:38:41,3.0904
10:38:42,3.0916
10:38:44,3.094
10:38:45,3.0916
10:38:46,3.0904
10:38:47,3.0879
10:38:48,3.094
10:38:49,3.0879
10:38:50,3.0879
10:38:51,3.0855
10:38:52,3.0904
10:38:53,3.0867
10:38:54,3.0879
10:38:55,3.0855
10:38:56,3.083
10:38:57,3.0818
10:38:58,3.0867
10:38:59,3.0867
10:39:00,3.0855
10:39:01,3.0867
10:39:02,3.0818
10:39:03,3.083
10:39:04,3.0818
10:39:05,3.0842
10:39:06,3.0806
10:39:07,3.0855
10:39:08,3.0769
10:39:09,3.0769
10:39:10,3.083
10:39:11,3.0769
10:39:12,3.0794
10:39:13,3.0794
10:39:14,3.0781
10:39:15,3.0769
10:39:16,3.0757
10:39:17,3.0757
10:39:18,3.0757
10:39:19,3.0733
10:39:20,3.0733
10:39:21,3.0696
10:39:22,3.072
10:39:23,3.0672
10:39:24,3.0708
10:39:25,3.0696
10:39:26,3.0672
10:39:27,3.0708
10:39:28,3.0659
10:39:29,3.0708
10:39:30,3.0684
10:39:31,3.0672
10:39:32,3.0659
10:39:33,3.0672
10:39:34,3.0647
10:39:35,3.0672
10:39:36,3.0611
10:39:37,3.0623
10:39:38,3.0623
10:39:39,3.0598
10:39:40,3.0562
10:39:41,3.0635
10:39:42,3.0611
10:39:43,3.0586
10:39:44,3.0586
10:39:46,3.0574
10:39:47,3.0586
10:39:48,3.0562
10:39:49,3.0549
10:39:50,3.0586
10:39:51,3.0525
10:39:52,3.0562
10:39:53,3.0501
10:39:54,3.0525
10:39:55,3.0525
10:39:56,3.0501
10:39:57,3.0537
10:39:58,3.0476
10:39:59,3.0476
10:40:00,3.0513
10:40:01,3.0464
10:40:02,3.0476
10:40:03,3.0488
10:40:04,3.0476
10:40:05,3.0476
10:40:06,3.0464
10:40:07,3.0464
10:40:08,3.0476
10:40:09,3.0476
10:40:10,3.0403
10:40:11,3.0464
10:40:12,3.0427
10:40:13,3.0403
10:40:14,3.044
10:40:15,3.0464
10:40:16,3.0427
10:40:17,3.0427
10:40:18,3.0403
10:40:19,3.0403
10:40:20,3.0379
10:40:21,3.0403
10:40:22,3.0391
10:40:23,3.0427
10:40:24,3.0415
10:40:25,3.0415
10:40:26,3.0415
10:40:27,3.0366
10:40:28,3.0427
10:40:29,3.0427
10:40:30,3.0366
10:40:31,3.0391
10:40:32,3.0415
10:40:33,3.0391
10:40:34,3.0366
10:40:35,3.0379
10:40:36,3.0379
10:40:37,3.0391
10:40:38,3.0342
10:40:39,3.0379
10:40:40,3.0366
10:40:41,3.0379
10:40:42,3.0366
10:40:43,3.033
10:40:44,3.0354
10:40:45,3.0366
10:40:47,3.0366
10:40:48,3.0342
10:40:49,3.0342
10:40:50,3.0379
10:40:51,3.0342
10:40:52,3.033
10:40:53,3.0354
10:40:54,3.0317
10:40:55,3.033
10:40:56,3.0366
10:40:57,3.0342
10:40:58,3.0354
10:40:59,3.0342
10:41:00,3.0366
10:41:01,3.0317
10:41:02,3.033
10:41:03,3.0317
10:41:04,3.0366
10:41:05,3.0293
10:41:06,3.0305
10:41:07,3.0293
10:41:08,3.033
10:41:09,3.0293
10:41:10,3.0281
10:41:11,3.0281
10:41:12,3.0317
10:41:13,3.0281
10:41:14,3.0269
10:41:15,3.0244
10:41:16,3.0269
10:41:17,3.0269
10:41:18,3.0293
10:41:19,3.0244
10:41:20,3.0256
10:41:21,3.0256
10:41:22,3.0244
10:41:23,3.0232
10:41:24,3.0244
10:41:25,3.0183
10:41:26,3.0208
10:41:27,3.0232
10:41:28,3.0183
10:41:29,3.0183
10:41:30,3.0171
10:41:31,3.0159
10:41:32,3.0147
10:41:33,3.0159
10:41:34,3.0134
10:41:35,3.0159
10:41:36,3.011
10:41:37,3.0134
10:41:38,3.011
10:41:39,3.0122
10:41:40,3.011
10:41:41,3.011
10:41:43,3.0073
10:41:44,3.0073
10:41:45,3.0061
10:41:46,3.0073
10:41:47,3.0085
10:41:48,3.0073
10:41:49,3.0049
10:41:50,3.0037
10:41:51,3.0037
10:41:52,3.0024
10:41:53,3.0024
10:41:54,3.0024
10:41:55,3.0
10:41:56,3.0024
10:41:57,2.9988
10:41:58,2.9988
10:41:59,3.0024
10:42:00,2.9988
10:42:01,3.0024
10:42:02,2.9976
10:42:03,3.0
10:42:04,2.9951
10:42:05,3.0
10:42:06,2.9988
10:42:07,2.9951
10:42:08,2.9976
10:42:09,2.9939
10:42:10,2.9951
10:42:11,2.9963
10:42:12,2.9988
10:42:13,2.9939
10:42:14,2.9988
10:42:15,2.9927
10:42:16,2.9902
10:42:17,2.9915
10:42:18,2.9927
10:42:19,2.9902
10:42:20,2.9963
10:42:21,2.9951
10:42:22,2.989
10:42:23,2.9939
10:42:24,2.9915
10:42:25,2.9963
10:42:26,2.989
10:42:27,2.9902
10:42:28,2.989
10:42:29,2.9939
10:42:30,2.9927
10:42:31,2.9915
10:42:32,2.9939
10:42:33,2.9939
10:42:34,2.9927
10:42:35,2.9902
10:42:36,2.9939
10:42:37,2.9915
10:42:38,2.9927
10:42:39,2.9963
10:42:40,2.9902
10:42:41,2.9927
10:42:42,2.9915
10:42:43,2.9902
10:42:44,2.989
10:42:46,2.9927
10:42:47,2.9915
10:42:48,2.9915
10:42:49,2.989
10:42:50,2.989
10:42:51,2.9951
10:42:52,2.989
10:42:53,2.9963
10:42:54,2.9878
10:42:55,2.989
10:42:56,2.9939
10:42:57,2.9878
10:42:58,2.989
10:42:59,2.9902
10:43:00,2.989
10:43:01,2.9915
10:43:02,2.9902
10:43:03,2.989
10:43:04,2.9915
10:43:05,2.9927
10:43:06,2.9878
10:43:07,2.9878
10:43:08,2.9878
10:43:09,2.989
10:43:10,2.989
10:43:11,2.9866
10:43:12,2.9939
10:43:13,2.9841
10:43:14,2.9902
10:43:15,2.9878
10:43:16,2.9841
10:43:17,2.9927
10:43:18,2.9866
10:43:19,2.9915
10:43:20,2.9866
10:43:21,2.9878
10:43:22,2.9939
10:43:23,2.9878
10:43:24,2.9866
10:43:25,2.9902
10:43:26,2.9878
10:43:27,2.9866
10:43:28,2.9853
10:43:29,2.9915
10:43:30,2.9841
10:43:31,2.989
10:43:32,2.989
10:43:33,2.9878
10:43:34,2.9927
10:43:35,2.9866
10:43:36,2.9878
10:43:37,2.989
10:43:38,2.9853
10:43:39,2.989
10:43:40,2.989
10:43:41,2.9853
10:43:42,2.9878
10:43:43,2.9878
10:43:44,2.989
10:43:45,2.9878
10:43:46,2.9853
10:43:48,2.9841
10:43:49,2.989
10:43:50,2.9878
10:43:51,2.989
10:43:52,2.9902
10:43:53,2.9878
10:43:54,2.9878
10:43:55,2.989
10:43:56,2.9878
10:43:57,2.9915
10:43:58,2.9915
10:43:59,2.9902
10:44:00,2.9866
10:44:01,2.989
10:44:02,2.9902
10:44:03,2.9927
10:44:04,2.9902
10:44:05,2.9939
10:44:06,2.9939
10:44:07,2.9927
10:44:08,2.989
10:44:09,2.9951
10:44:10,2.9927
10:44:11,2.9939
10:44:12,2.9939
10:44:13,2.9927
10:44:14,2.9963
10:44:15,2.9927
10:44:16,2.9939
10:44:17,2.9963
10:44:18,2.9927
10:44:19,2.9951
10:44:20,2.9988
10:44:21,2.9976
10:44:22,2.9927
10:44:23,2.9939
10:44:24,2.9988
10:44:25,2.9976
10:44:26,2.9963
10:44:27,2.9951
10:44:28,2.9976
10:44:29,2.9988
10:44:30,3.0
10:44:31,2.9988
10:44:32,2.9988
10:44:33,3.0
10:44:34,2.9988
10:44:35,2.9976
10:44:36,3.0024
10:44:37,3.0061
10:44:38,3.0012
10:44:39,3.0
10:44:40,3.0024
10:44:41,2.9988
10:44:42,3.0
10:44:43,3.0012
10:44:44,3.0012
10:44:45,2.9976
10:44:46,2.9988
10:44:47,3.0049
10:44:48,3.0037
10:44:49,3.0012
10:44:51,3.0024
10:44:52,3.0037
10:44:53,3.0037
10:44:54,3.0061
10:44:55,3.0012
10:44:56,3.0012
10:44:57,3.0012
10:44:58,2.9988
10:44:59,3.0061
10:45:00,3.0012
10:45:01,3.0049
10:45:02,2.9988
10:45:03,3.0037
10:45:04,3.0
10:45:05,3.0073
10:45:06,2.9976
10:45:07,3.0024
10:45:08,3.0024
10:45:09,3.0
10:45:10,3.0024
10:45:11,3.0
10:45:12,2.9988
10:45:13,3.0
10:45:14,3.0
10:45:15,2.9988
10:45:16,2.9976
10:45:17,2.9976
10:45:18,2.9951
10:45:19,2.9988
10:45:20,2.9988
10:45:21,2.9976
10:45:22,2.9976
10:45:23,2.9976
10:45:24,2.9976
10:45:25,2.9963
10:45:26,2.9963
10:45:27,2.9963
10:45:28,2.9963
10:45:29,2.9988
10:45:30,2.9951
10:45:31,2.9963
10:45:32,2.9988
10:45:33,2.9951
10:45:34,2.9963
10:45:35,2.9963
10:45:36,2.9963
10:45:37,2.9927
10:45:38,2.9915
10:45:39,2.9939
10:45:40,2.9951
10:45:41,2.9915
10:45:42,2.9902
10:45:43,2.9963
10:45:44,2.9902
10:45:45,2.9988
10:45:46,2.9915
10:45:47,2.989
10:45:48,2.9927
10:45:49,2.989
10:45:51,2.9963
10:45:52,2.9927
10:45:53,2.9939
10:45:54,2.9951
10:45:55,2.9939
10:45:56,2.9902
10:45:57,2.9927
10:45:58,2.9963
10:45:59,2.9927
10:46:00,2.9939
10:46:01,2.989
10:46:02,2.9951
10:46:03,2.989
10:46:04,2.9915
10:46:05,2.9963
10:46:06,2.9939
10:46:07,2.9951
10:46:08,2.9927
10:46:09,2.9902
10:46:10,2.9927
10:46:11,2.9951
10:46:12,2.9915
10:46:13,2.9939
10:46:14,2.9963
10:46:15,2.989
10:46:16,2.9963
10:46:17,2.9927
10:46:18,2.9915
10:46:19,2.9915
10:46:20,2.9951
10:46:21,2.9963
10:46:22,2.9963
10:46:23,2.9927
10:46:24,2.9939
10:46:25,2.9939
10:46:26,2.9902
10:46:27,2.9963
10:46:28,2.9951
10:46:29,2.9939
10:46:30,2.9939
10:46:31,2.9902
10:46:32,2.9963
10:46:33,2.9927
10:46:34,2.9963
10:46:35,2.9915
10:46:36,2.9951
10:46:37,2.9915
10:46:38,2.9927
10:46:39,2.9976
10:46:40,2.9927
10:46:41,2.9902
10:46:42,2.9915
10:46:43,2.9927
10:46:44,2.9915
10:46:45,2.9939
10:46:46,2.9927
10:46:47,2.9902
10:46:48,2.9951
10:46:49,2.989
10:46:50,2.9915
10:46:51,2.9927
10:46:52,2.989
10:46:54,2.989
10:46:55,2.9915
10:46:56,2.9915
10:46:57,2.9939
10:46:58,2.9927
10:46:59,2.9902
10:47:00,2.9902
10:47:01,2.9878
10:47:02,2.9915
10:47:03,2.9915
10:47:04,2.9902
10:47:05,2.9853
10:47:06,2.989
10:47:07,2.9902
10:47:08,2.9915
10:47:09,2.9902
10:47:10,2.989
10:47:11,2.9878
10:47:12,2.9853
10:47:13,2.9853
10:47:14,2.9841
10:47:15,2.9866
10:47:16,2.9866
10:47:17,2.9853
10:47:18,2.9866
10:47:19,2.9829
10:47:20,2.9866
10:47:21,2.9817
10:47:22,2.9853
10:47:23,2.9853
10:47:24,2.9609
10:47:25,2.5238
10:47:26,2.5922
10:47:27,2.5482
10:47:28,2.9658
10:47:29,2.9719
10:47:30,2.9768
10:47:31,2.9792
10:47:32,2.5324
10:47:33,2.9817
10:47:34,2.9805
10:47:35,2.9792
10:47:36,2.9768
10:47:37,2.9792
10:47:38,2.978
10:47:39,2.9805
10:47:40,2.978
10:47:41,2.978
10:47:42,2.978
10:47:43,2.9731
10:47:44,2.9756
10:47:45,2.9756
10:47:46,2.9768
10:47:47,2.9768
10:47:48,2.9744
10:47:49,2.9756
10:47:50,2.9731
10:47:51,2.9719
10:47:52,2.9731
10:47:53,2.9756
10:47:54,2.9756
10:47:56,2.9744
10:47:57,2.9756
10:47:58,2.9744
10:47:59,2.9756
10:48:00,2.9695
10:48:01,2.9731
10:48:02,2.9719
10:48:03,2.9744
10:48:04,2.9707
10:48:05,2.9731
10:48:06,2.9719
10:48:07,2.9719
10:48:08,2.9695
10:48:09,2.9695
10:48:10,2.9719
10:48:11,2.9731
10:48:12,2.9719
10:48:13,2.9683
10:48:14,2.9683
10:48:15,2.9731
10:48:16,2.9719
10:48:17,2.9695
10:48:18,2.9744
10:48:19,2.9719
10:48:20,2.9695
10:48:21,2.9695
10:48:22,2.967
10:48:23,2.9695
10:48:24,2.9731
10:48:25,2.9683
10:48:26,2.9683
10:48:27,2.9695
10:48:28,2.9719
10:48:29,2.9719
10:48:30,2.9646
10:48:31,2.9683
10:48:32,2.9683
10:48:33,2.9683
10:48:34,2.9683
10:48:35,2.9683
10:48:36,2.9695
10:48:37,2.9634
10:48:38,2.9695
10:48:39,2.9695
10:48:40,2.9646
10:48:41,2.967
10:48:42,2.9646
10:48:43,2.9695
10:48:44,2.9658
10:48:45,2.9683
10:48:46,2.9621
10:48:47,2.9658
10:48:48,2.9634
10:48:49,2.9609
10:48:50,2.9683
10:48:51,2.9683
10:48:52,2.9621
10:48:53,2.9609
10:48:54,2.9658
10:48:55,2.9621
10:48:56,2.967
10:48:58,2.9634
10:48:59,2.9646
10:49:00,2.9658
10:49:01,2.9621
10:49:02,2.9597
10:49:03,2.9597
10:49:04,2.9634
10:49:05,2.9646
10:49:06,2.9621
10:49:07,2.9597
10:49:08,2.9609
10:49:09,2.9683
10:49:10,2.9621
10:49:11,2.9621
10:49:12,2.9585
10:49:13,2.9585
10:49:14,2.9597
10:49:15,2.9585
10:49:16,2.9548
10:49:17,2.9597
10:49:18,2.9585
10:49:19,2.9573
10:49:20,2.9573
10:49:21,2.9585
10:49:22,2.9573
10:49:23,2.9585
10:49:24,2.9536
10:49:25,2.9548
10:49:26,2.9548
10:49:27,2.9499
10:49:28,2.9548
10:49:29,2.9524
10:49:30,2.9536
10:49:31,2.9524
10:49:32,2.9475
10:49:33,2.9512
10:49:34,2.9499
10:49:35,2.9451
10:49:36,2.9487
10:49:37,2.9499
10:49:38,2.9463
10:49:39,2.9463
10:49:40,2.9451
10:49:41,2.9438
10:49:42,2.9475
10:49:43,2.9438
10:49:44,2.9438
10:49:45,2.9463
10:49:46,2.9426
10:49:47,2.9451
10:49:48,2.9414
10:49:49,2.9414
10:49:50,2.9389
10:49:51,2.9426
10:49:52,2.9402
10:49:53,2.9402
10:49:54,2.9438
10:49:55,2.9402
10:49:56,2.9389
10:49:57,2.9377
10:49:58,2.9341
10:50:00,2.9365
10:50:01,2.9328
10:50:02,2.9353
10:50:03,2.9365
10:50:04,2.9353
10:50:05,2.9402
10:50:06,2.9328
10:50:07,2.9365
10:50:08,2.9316
10:50:09,2.9353
10:50:10,2.9341
10:50:11,2.9304
10:50:12,2.9304
10:50:13,2.9341
10:50:14,2.9328
10:50:15,2.9341
10:50:16,2.9341
10:50:17,2.9304
10:50:18,2.9341
10:50:19,2.9341
10:50:20,2.9292
10:50:21,2.9304
10:50:22,2.9304
10:50:23,2.9292
10:50:24,2.928
10:50:25,2.9304
10:50:26,2.9316
10:50:27,2.9255
10:50:28,2.9292
10:50:29,2.9292
10:50:30,2.9292
10:50:31,2.9292
10:50:32,2.9304
10:50:33,2.9304
10:50:34,2.9292
10:50:35,2.9304
10:50:36,2.9304
10:50:37,2.9316
10:50:38,2.9292
10:50:39,2.9292
10:50:40,2.928
10:50:41,2.9328
10:50:42,2.9304
10:50:43,2.9304
10:50:44,2.9292
10:50:45,2.9304
10:50:46,2.9255
10:50:47,2.9304
10:50:48,2.928
10:50:49,2.928
10:50:50,2.9292
10:50:51,2.9267
10:50:52,2.9267
10:50:53,2.9255
10:50:54,2.928
10:50:55,2.9304
10:50:56,2.928
10:50:57,2.928
10:50:58,2.9231
10:50:59,2.9243
10:51:00,2.9255
10:51:01,2.9231
10:51:03,2.9267
10:51:04,2.9231
10:51:05,2.9267
10:51:06,2.9255
10:51:07,2.9255
10:51:08,2.9231
10:51:09,2.928
10:51:10,2.9255
10:51:11,2.9243
10:51:12,2.9267
10:51:13,2.9267
10:51:14,2.9243
10:51:15,2.9243
10:51:16,2.928
10:51:17,2.9255
10:51:18,2.9243
10:51:19,2.9267
10:51:20,2.9243
10:51:21,2.928
10:51:22,2.9255
10:51:23,2.928
10:51:24,2.9243
10:51:25,2.9255
10:51:26,2.9255
10:51:27,2.9255
10:51:28,2.9243
10:51:29,2.9243
10:51:30,2.9231
10:51:31,2.928
10:51:32,2.9267
10:51:33,2.9243
10:51:34,2.9267
10:51:35,2.9255
10:51:36,2.9219
10:51:37,2.9243
10:51:38,2.9255
10:51:39,2.9292
10:51:40,2.9243
10:51:41,2.9267
10:51:42,2.9219
10:51:43,2.9231
10:51:44,2.9206
10:51:45,2.9219
10:51:46,2.9243
10:51:47,2.9243
10:51:48,2.9267
10:51:49,2.9243
10:51:50,2.9231
10:51:51,2.9243
10:51:52,2.9219
10:51:53,2.9231
10:51:54,2.9243
10:51:55,2.9267
10:51:56,2.9267
10:51:57,2.9243
10:51:58,2.9231
10:51:59,2.9206
10:52:00,2.9243
10:52:01,2.9219
10:52:02,2.9243
10:52:04,2.9231
10:52:05,2.9255
10:52:06,2.9292
10:52:07,2.9231
10:52:08,2.9267
10:52:09,2.9219
10:52:10,2.9255
10:52:11,2.9243
10:52:12,2.9243
10:52:13,2.9243
10:52:14,2.9255
10:52:15,2.9219
10:52:16,2.9194
10:52:17,2.9182
10:52:18,2.9194
10:52:19,2.9231
10:52:20,2.9231
10:52:21,2.9219
10:52:22,2.9194
10:52:23,2.9194
10:52:24,2.9219
10:52:25,2.9219
10:52:26,2.9219
10:52:27,2.9194
10:52:28,2.9231
10:52:29,2.9194
10:52:30,2.9206
10:52:31,2.9194
10:52:32,2.9219
10:52:33,2.9194
10:52:34,2.9206
10:52:35,2.9219
10:52:36,2.9194
10:52:37,2.9219
10:52:38,2.9206
10:52:39,2.9206
10:52:40,2.9194
10:52:41,2.9182
10:52:42,2.9182
10:52:43,2.9194
10:52:44,2.917
10:52:45,2.9182
10:52:46,2.917
10:52:47,2.9158
10:52:48,2.917
10:52:49,2.9206
10:52:50,2.9194
10:52:51,2.9158
10:52:52,2.917
10:52:53,2.9158
10:52:54,2.9231
10:52:55,2.9194
10:52:56,2.9158
10:52:57,2.9158
10:52:58,2.917
10:52:59,2.9206
10:53:00,2.917
10:53:01,2.9206
10:53:02,2.9145
10:53:03,2.9231
10:53:04,2.9121
10:53:05,2.9182
10:53:07,2.9182
10:53:08,2.9158
10:53:09,2.9182
10:53:10,2.9206
10:53:11,2.917
10:53:12,2.9158
10:53:13,2.9182
10:53:14,2.9158
10:53:15,2.9194
10:53:16,2.9182
10:53:17,2.9206
10:53:18,2.9182
10:53:19,2.9182
10:53:20,2.917
10:53:21,2.917
10:53:22,2.9182
10:53:23,2.9158
10:53:24,2.9182
10:53:25,2.9194
10:53:26,2.9158
10:53:27,2.9158
10:53:28,2.9145
10:53:29,2.917
10:53:30,2.9182
10:53:31,2.917
10:53:32,2.917
10:53:33,2.9158
10:53:34,2.917
10:53:35,2.9145
10:53:36,2.9133
10:53:37,2.917
10:53:38,2.9182
10:53:39,2.9145
10:53:40,2.9145
10:53:41,2.9133
10:53:42,2.9158
10:53:43,2.917
10:53:44,2.9133
10:53:45,2.9133
10:53:46,2.9121
10:53:47,2.9121
10:53:48,2.9145
10:53:49,2.9109
10:53:50,2.9121
10:53:51,2.9133
10:53:52,2.9072
10:53:53,2.9109
10:53:54,2.9084
10:53:55,2.9096
10:53:56,2.906
10:53:57,2.9084
10:53:58,2.9084
10:53:59,2.906
10:54:00,2.9072
10:54:01,2.9048
10:54:02,2.9035
10:54:03,2.9023
10:54:04,2.9048
10:54:05,2.9023
10:54:06,2.9023
10:54:07,2.9023
10:54:09,2.9023
10:54:10,2.8974
10:54:11,2.9035
10:54:12,2.9011
10:54:13,2.9011
10:54:14,2.8987
10:54:15,2.8999
10:54:16,2.8999
10:54:17,2.8962
10:54:18,2.895
10:54:19,2.8987
10:54:20,2.8974
10:54:21,2.895
10:54:22,2.8938
10:54:23,2.8938
10:54:24,2.8938
10:54:25,2.8926
10:54:26,2.8962
10:54:27,2.895
10:54:28,2.8913
10:54:29,2.8926
10:54:30,2.8913
10:54:31,2.8901
10:54:32,2.8901
10:54:33,2.8889
10:54:34,2.8889
10:54:35,2.8889
10:54:36,2.8864
10:54:37,2.8889
10:54:38,2.8852
10:54:39,2.8864
10:54:40,2.8852
10:54:41,2.8877
10:54:42,2.8864
10:54:43,2.8852
10:54:44,2.8828
10:54:45,2.8852
10:54:46,2.8816
10:54:47,2.8864
10:54:48,2.8828
10:54:49,2.8864
10:54:50,2.8803
10:54:51,2.8816
10:54:52,2.8791
10:54:53,2.3211
10:54:54,2.3919
10:54:55,2.8816
10:54:56,2.8803
10:54:57,2.8791
10:54:58,2.8828
10:54:59,2.8779
10:55:00,2.3834
10:55:01,2.3907
10:55:02,2.8755
10:55:03,2.8816
10:55:04,2.8791
10:55:05,2.8803
10:55:06,2.3834
10:55:07,2.8816
10:55:08,2.8803
10:55:09,2.2857
10:55:11,2.8816
10:55:12,2.8791
10:55:13,2.8828
10:55:14,2.8791
10:55:15,2.8791
10:55:16,2.3382
10:55:17,2.8828
10:55:18,2.8791
10:55:19,2.8779
10:55:20,2.326
10:55:21,2.8755
10:55:22,2.8816
10:55:23,2.8791
10:55:24,2.8779
10:55:25,2.8791
10:55:26,2.3944
10:55:27,2.8803
10:55:28,2.8816
10:55:29,2.8816
10:55:30,2.884
10:55:31,2.884
10:55:32,2.8828
10:55:33,2.8803
10:55:34,2.8706
10:55:35,2.8816
10:55:36,2.8877
10:55:37,2.8828
10:55:38,2.8816
10:55:39,2.8864
10:55:40,2.8791
10:55:41,2.884
10:55:42,2.8816
10:55:43,2.884
10:55:44,2.8828
10:55:45,2.8864
10:55:46,2.8852
10:55:47,2.884
10:55:48,2.8877
10:55:49,2.884
10:55:50,2.8877
10:55:51,2.884
10:55:52,2.884
10:55:53,2.3578
10:55:54,2.381
10:55:55,2.884
10:55:56,2.8877
10:55:57,2.8864
10:55:58,2.8889
10:55:59,2.8864
10:56:00,2.8864
10:56:01,2.8864
10:56:02,2.8852
10:56:03,2.884
10:56:04,2.8864
10:56:05,2.8864
10:56:06,2.3004
10:56:07,2.3614
10:56:08,2.8889
10:56:09,2.8877
10:56:10,2.8877
10:56:12,2.8877
10:56:13,2.8864
10:56:14,2.8877
10:56:15,2.4164
10:56:16,2.8864
10:56:17,2.8877
10:56:18,2.8889
10:56:19,2.3822
10:56:20,2.3114
10:56:21,2.8828
10:56:22,2.8864
10:56:23,2.8877
10:56:24,2.8864
10:56:25,2.8913
10:56:26,2.304
10:56:27,2.3053
10:56:28,2.4115
10:56:29,2.8864
10:56:30,2.8864
10:56:31,2.8718
10:56:32,2.3602
10:56:33,2.8901
10:56:34,2.8913
10:56:35,2.884
10:56:36,2.8889
10:56:37,2.8889
10:56:38,2.8877
10:56:39,2.3443
10:56:40,2.8901
10:56:41,2.7277
10:56:42,2.8864
10:56:43,2.8864
10:56:44,2.8864
10:56:45,2.8889
10:56:46,2.8877
10:56:47,2.8877
10:56:48,2.8889
10:56:49,2.8864
10:56:50,2.8852
10:56:51,2.8852
10:56:52,2.8877
10:56:53,2.8877
10:56:54,2.8864
10:56:55,2.8889
10:56:56,2.8864
10:56:57,2.8864
10:56:58,2.8864
10:56:59,2.8828
10:57:00,2.8864
10:57:01,2.8852
10:57:02,2.8877
10:57:03,2.8864
10:57:04,2.8864
10:57:05,2.8864
10:57:06,2.8864
10:57:07,2.8852
10:57:08,2.884
10:57:09,2.8852
10:57:10,2.884
10:57:11,2.8852
10:57:12,2.8828
10:57:14,2.884
10:57:15,2.8852
10:57:16,2.8877
10:57:17,2.8816
10:57:18,2.8852
10:57:19,2.8828
10:57:20,2.8852
10:57:21,2.8828
10:57:22,2.8852
10:57:23,2.8864
10:57:24,2.8803
10:57:25,2.8828
10:57:26,2.8755
10:57:27,2.8816
10:57:28,2.8803
10:57:29,2.8816
10:57:30,2.8816
10:57:31,2.8816
10:57:32,2.8779
10:57:33,2.8816
10:57:34,2.8816
10:57:35,2.8791
10:57:36,2.8816
10:57:37,2.8767
10:57:38,2.8779
10:57:39,2.8767
10:57:40,2.8779
10:57:41,2.8742
10:57:42,2.8742
10:57:43,2.8742
10:57:44,2.8767
10:57:45,2.8742
10:57:46,2.8755
10:57:47,2.8767
10:57:48,2.8742
10:57:49,2.873
10:57:50,2.8718
10:57:51,2.8718
10:57:52,2.8718
10:57:53,2.8718
10:57:54,2.8742
10:57:55,2.873
10:57:56,2.873
10:57:57,2.8681
10:57:58,2.8706
10:57:59,2.8669
10:58:00,2.8694
10:58:01,2.8694
10:58:02,2.8694
10:58:03,2.8669
10:58:04,2.8706
10:58:05,2.8645
10:58:06,2.8694
10:58:07,2.8669
10:58:08,2.8645
10:58:09,2.8706
10:58:10,2.8657
10:58:11,2.8681
10:58:12,2.8657
10:58:13,2.862
10:58:14,2.8632
10:58:15,2.8632
10:58:16,2.8632
10:58:18,2.8632
10:58:19,2.8632
10:58:20,2.862
10:58:21,2.8645
10:58:22,2.862
10:58:23,2.8645
10:58:24,2.8608
10:58:25,2.862
10:58:26,2.8584
10:58:27,2.8596
10:58:28,2.8596
10:58:29,2.8571
10:58:30,2.8571
10:58:31,2.8571
10:58:32,2.8571
10:58:33,2.8584
10:58:34,2.8559
10:58:35,2.8584
10:58:36,2.8559
10:58:37,2.8608
10:58:38,2.8584
10:58:39,2.8596
10:58:40,2.8571
10:58:41,2.8584
10:58:42,2.8547
10:58:43,2.8596
10:58:44,2.8559
10:58:45,2.8584
10:58:46,2.8584
10:58:47,2.8608
10:58:48,2.8559
10:58:49,2.8596
10:58:50,2.8571
10:58:51,2.8608
10:58:52,2.8547
10:58:53,2.8547
10:58:54,2.8571
10:58:55,2.8596
10:58:56,2.8596
10:58:57,2.8608
10:58:58,2.8584
10:58:59,2.862
10:59:00,2.8571
10:59:01,2.8596
10:59:02,2.8547
10:59:03,2.8608
10:59:04,2.8571
10:59:05,2.8584
10:59:06,2.8608
10:59:07,2.8608
10:59:08,2.8571
10:59:09,2.8596
10:59:10,2.8571
10:59:11,2.862
10:59:12,2.8608
10:59:13,2.862
10:59:14,2.862
10:59:15,2.8596
10:59:16,2.8632
10:59:17,2.8608
10:59:18,2.862
10:59:20,2.8632
10:59:21,2.8645
10:59:22,2.862
10:59:23,2.8632
10:59:24,2.8645
10:59:25,2.8657
10:59:26,2.8645
10:59:27,2.8657
10:59:28,2.8645
10:59:29,2.8657
10:59:30,2.8645
10:59:31,2.8657
10:59:32,2.8657
10:59:33,2.8681
10:59:34,2.8669
10:59:35,2.8694
10:59:36,2.8694
10:59:37,2.8694
10:59:38,2.8694
10:59:39,2.8694
10:59:40,2.8681
10:59:41,2.8694
10:59:42,2.8706
10:59:43,2.8718
10:59:44,2.873
10:59:45,2.873
10:59:46,2.873
10:59:47,2.8718
10:59:48,2.873
10:59:49,2.8742
10:59:50,2.8755
10:59:51,2.8767
10:59:52,2.8767
10:59:53,2.8767
10:59:54,2.8767
10:59:55,2.8791
10:59:56,2.8767
10:59:57,2.8755
10:59:58,2.8755
10:59:59,2.8803
11:00:00,2.8803
11:00:01,2.8803
11:00:02,2.8803
11:00:03,2.8779
11:00:04,2.884
11:00:05,2.8816
11:00:06,2.8803
11:00:07,2.8828
11:00:08,2.884
11:00:09,2.884
11:00:10,2.8852
11:00:11,2.8828
11:00:12,2.8816
11:00:13,2.8803
11:00:14,2.884
11:00:15,2.8864
11:00:16,2.8913
11:00:17,2.8901
11:00:18,2.8864
11:00:19,2.8889
11:00:20,2.8864
11:00:21,2.8901
11:00:23,2.8901
11:00:24,2.8901
11:00:25,2.8913
11:00:26,2.8889
11:00:27,2.8901
11:00:28,2.8926
11:00:29,2.8913
11:00:30,2.8901
11:00:31,2.8913
11:00:32,2.8913
11:00:33,2.895
11:00:34,2.8913
11:00:35,2.895
11:00:36,2.8962
11:00:37,2.8962
11:00:38,2.8938
11:00:39,2.8962
11:00:40,2.8913
11:00:41,2.895
11:00:42,2.8962
11:00:43,2.895
11:00:44,2.8974
11:00:45,2.8962
11:00:46,2.8974
11:00:47,2.8987
11:00:48,2.8962
11:00:49,2.8962
11:00:50,2.9011
11:00:51,2.8999
11:00:52,2.9023
11:00:53,2.8987
11:00:54,2.9023
11:00:55,2.9035
11:00:56,2.9023
11:00:57,2.9035
11:00:58,2.9011
11:00:59,2.9048
11:01:00,2.906
11:01:01,2.9084
11:01:02,2.906
11:01:03,2.9023
11:01:04,2.9084
11:01:05,2.9072
11:01:06,2.906
11:01:07,2.9084
11:01:08,2.9048
11:01:09,2.9096
11:01:10,2.9072
11:01:11,2.9096
11:01:12,2.9084
11:01:13,2.9084
11:01:14,2.9121
11:01:15,2.9109
11:01:16,2.906
11:01:17,2.9121
11:01:18,2.9133
11:01:19,2.9121
11:01:20,2.9133
11:01:21,2.9109
11:01:22,2.9121
11:01:23,2.9158
11:01:24,2.9121
11:01:26,2.9145
11:01:27,2.9145
11:01:28,2.9158
11:01:29,2.917
11:01:30,2.917
11:01:31,2.9145
11:01:32,2.9145
11:01:33,2.9182
11:01:34,2.9145
11:01:35,2.9182
11:01:36,2.9194
11:01:37,2.9158
11:01:38,2.9194
11:01:39,2.9219
11:01:40,2.9194
11:01:41,2.9194
11:01:42,2.9231
11:01:43,2.9231
11:01:44,2.9219
11:01:45,2.9206
11:01:46,2.9255
11:01:47,2.9231
11:01:48,2.9267
11:01:49,2.9243
11:01:50,2.9243
11:01:51,2.9255
11:01:52,2.9231
11:01:53,2.9267
11:01:54,2.928
11:01:55,2.9267
11:01:56,2.9292
11:01:57,2.9292
11:01:58,2.9267
11:01:59,2.9304
11:02:00,2.9267
11:02:01,2.9304
11:02:02,2.9304
11:02:03,2.9341
11:02:04,2.9316
11:02:05,2.9292
11:02:06,2.9328
11:02:07,2.9316
11:02:08,2.9304
11:02:09,2.9328
11:02:10,2.9328
11:02:11,2.9328
11:02:12,2.9328
11:02:13,2.9353
11:02:14,2.9365
11:02:15,2.9328
11:02:16,2.9353
11:02:17,2.9341
11:02:18,2.9328
11:02:19,2.9353
11:02:20,2.9353
11:02:21,2.9389
11:02:22,2.9389
11:02:23,2.9353
11:02:24,2.9377
11:02:25,2.9377
11:02:26,2.9365
11:02:28,2.9365
11:02:29,2.9402
11:02:30,2.9389
11:02:31,2.9402
11:02:32,2.9389
11:02:33,2.9365
11:02:34,2.9426
11:02:35,2.9389
11:02:36,2.9389
11:02:37,2.9402
11:02:38,2.9426
11:02:39,2.9389
11:02:40,2.9365
11:02:41,2.9353
11:02:42,2.9414
11:02:43,2.9402
11:02:44,2.9377
11:02:45,2.9377
11:02:46,2.9377
11:02:47,2.9377
11:02:48,2.9377
11:02:49,2.9402
11:02:50,2.9389
11:02:51,2.9389
11:02:52,2.9414
11:02:53,2.9365
11:02:54,2.9402
11:02:55,2.9377
11:02:56,2.9353
11:02:57,2.9377
11:02:58,2.9377
11:02:59,2.9389
11:03:00,2.9414
11:03:01,2.9377
11:03:02,2.9402
11:03:03,2.9402
11:03:04,2.9377
11:03:05,2.9377
11:03:06,2.9353
11:03:07,2.9341
11:03:08,2.9389
11:03:09,2.9353
11:03:10,2.9402
11:03:11,2.9341
11:03:12,2.9328
11:03:13,2.9341
11:03:14,2.9377
11:03:15,2.9341
11:03:16,2.9353
11:03:17,2.9341
11:03:18,2.9328
11:03:19,2.9353
11:03:20,2.9328
11:03:21,2.9353
11:03:22,2.9304
11:03:23,2.9304
11:03:24,2.9328
11:03:25,2.9341
11:03:26,2.9304
11:03:27,2.9328
11:03:28,2.9292
11:03:29,2.9304
11:03:31,2.9328
11:03:32,2.9328
11:03:33,2.928
11:03:34,2.9316
11:03:35,2.9328
11:03:36,2.9292
11:03:37,2.9304
11:03:38,2.9292
11:03:39,2.9292
11:03:40,2.928
11:03:41,2.9267
11:03:42,2.9267
11:03:43,2.9304
11:03:44,2.9292
11:03:45,2.9243
11:03:46,2.9243
11:03:47,2.928
11:03:48,2.9243
11:03:49,2.9267
11:03:50,2.9255
11:03:51,2.9231
11:03:52,2.9243
11:03:53,2.9243
11:03:54,2.9219
11:03:55,2.9243
11:03:56,2.9243
11:03:57,2.9219
11:03:58,2.9231
11:03:59,2.9231
11:04:00,2.9206
11:04:01,2.9231
11:04:02,2.9219
11:04:03,2.9243
11:04:04,2.9231
11:04:05,2.9219
11:04:06,2.9231
11:04:07,2.9194
11:04:08,2.9219
11:04:09,2.9194
11:04:10,2.9194
11:04:11,2.9194
11:04:12,2.9231
11:04:13,2.9206
11:04:14,2.917
11:04:15,2.9206
11:04:16,2.9145
11:04:17,2.9194
11:04:18,2.9194
11:04:19,2.9206
11:04:20,2.9219
11:04:21,2.917
11:04:22,2.9194
11:04:23,2.9219
11:04:24,2.9158
11:04:25,2.9158
11:04:26,2.9182
11:04:27,2.9182
11:04:28,2.917
11:04:29,2.9121
11:04:30,2.9194
11:04:31,2.9182
11:04:32,2.9158
11:04:34,2.917
11:04:35,2.917
11:04:36,2.9158
11:04:37,2.9182
11:04:38,2.9158
11:04:39,2.917
11:04:40,2.9182
11:04:41,2.917
11:04:42,2.9145
11:04:43,2.9145
11:04:44,2.9194
11:04:45,2.917
11:04:46,2.917
11:04:47,2.9231
11:04:48,2.9133
11:04:49,2.9158
11:04:50,2.9182
11:04:51,2.9158
11:04:52,2.9182
11:04:53,2.917
11:04:54,2.9158
11:04:55,2.9121
11:04:56,2.917
11:04:57,2.917
11:04:58,2.9158
11:04:59,2.9182
11:05:00,2.9158
11:05:01,2.9109
11:05:02,2.9145
11:05:03,2.9158
11:05:04,2.9182
11:05:05,2.9145
11:05:06,2.917
11:05:07,2.9158
11:05:08,2.9158
11:05:09,2.9158
11:05:10,2.9182
11:05:11,2.9194
11:05:12,2.9158
11:05:13,2.9194
11:05:14,2.9158
11:05:15,2.917
11:05:16,2.917
11:05:17,2.9182
11:05:18,2.9145
11:05:19,2.9158
11:05:20,2.9182
11:05:21,2.917
11:05:22,2.9145
11:05:23,2.9182
11:05:24,2.9133
11:05:25,2.9158
11:05:26,2.9158
11:05:27,2.9145
11:05:28,2.9194
11:05:29,2.9145
11:05:30,2.917
11:05:31,2.917
11:05:32,2.9133
11:05:33,2.9194
11:05:34,2.9145
11:05:35,2.9133
11:05:37,2.917
11:05:38,2.9145
11:05:39,2.9145
11:05:40,2.917
11:05:41,2.9145
11:05:42,2.917
11:05:43,2.9145
11:05:44,2.9145
11:05:45,2.9182
11:05:46,2.9109
11:05:47,2.917
11:05:48,2.9182
11:05:49,2.9145
11:05:50,2.9145
11:05:51,2.9158
11:05:52,2.9158
11:05:53,2.9158
11:05:54,2.9133
11:05:55,2.917
11:05:56,2.9145
11:05:57,2.9145
11:05:58,2.9133
11:05:59,2.9133
11:06:00,2.9158
11:06:01,2.917
11:06:02,2.9133
11:06:03,2.917
11:06:04,2.9121
11:06:05,2.9182
11:06:06,2.9182
11:06:07,2.9158
11:06:08,2.9158
11:06:09,2.9182
11:06:10,2.9133
11:06:11,2.9158
11:06:12,2.9182
11:06:13,2.9145
11:06:14,2.9182
11:06:15,2.9158
11:06:16,2.9182
11:06:17,2.9194
11:06:18,2.9182
11:06:19,2.9158
11:06:20,2.9121
11:06:21,2.9182
11:06:22,2.917
11:06:23,2.9206
11:06:24,2.9194
11:06:25,2.9194
11:06:26,2.9206
11:06:27,2.9194
11:06:28,2.9194
11:06:29,2.9182
11:06:30,2.9194
11:06:31,2.9206
11:06:32,2.9219
11:06:33,2.9206
11:06:34,2.9219
11:06:35,2.9194
11:06:36,2.9231
11:06:37,2.9243
11:06:39,2.9219
11:06:40,2.9243
11:06:41,2.9219
11:06:42,2.9206
11:06:43,2.9206
11:06:44,2.9255
11:06:45,2.9243
11:06:46,2.9231
11:06:47,2.928
11:06:48,2.9267
11:06:49,2.9255
11:06:50,2.9267
11:06:51,2.9255
11:06:52,2.9304
11:06:53,2.9292
11:06:54,2.9292
11:06:55,2.9267
11:06:56,2.9292
11:06:57,2.9292
11:06:58,2.9316
11:06:59,2.9328
11:07:00,2.9316
11:07:01,2.9304
11:07:02,2.9353
11:07:03,2.9316
11:07:04,2.9328
11:07:05,2.9316
11:07:06,2.9292
11:07:07,2.9341
11:07:08,2.9341
11:07:09,2.9341
11:07:10,2.9341
11:07:11,2.9353
11:07:12,2.9377
11:07:13,2.9389
11:07:14,2.9365
11:07:15,2.9353
11:07:16,2.9402
11:07:17,2.9377
11:07:18,2.9402
11:07:19,2.9377
11:07:20,2.9426
11:07:21,2.9402
11:07:22,2.9426
11:07:23,2.9402
11:07:24,2.9402
11:07:25,2.9414
11:07:26,2.9438
11:07:27,2.9414
11:07:28,2.9426
11:07:29,2.9426
11:07:30,2.9426
11:07:31,2.9426
11:07:32,2.9426
11:07:33,2.6007
11:07:34,2.9389
11:07:35,2.9438
11:07:36,2.9402
11:07:37,2.9438
11:07:38,2.4762
11:07:39,2.442
11:07:41,2.9499
11:07:42,2.9536
11:07:43,2.9536
11:07:44,2.9573
11:07:45,2.9536
11:07:46,2.9585
11:07:47,2.9609
11:07:48,2.956
11:07:49,2.9609
11:07:50,2.9597
11:07:51,2.9621
11:07:52,2.9621
11:07:53,2.9634
11:07:54,2.9609
11:07:55,2.9621
11:07:56,2.9658
11:07:57,2.9658
11:07:58,2.9658
11:07:59,2.9646
11:08:00,2.9597
11:08:01,2.9646
11:08:02,2.9695
11:08:03,2.9658
11:08:04,2.967
11:08:05,2.9646
11:08:06,2.9646
11:08:07,2.9695
11:08:08,2.967
11:08:09,2.9658
11:08:10,2.9658
11:08:11,2.9695
11:08:12,2.9609
11:08:13,2.9695
11:08:14,2.9695
11:08:15,2.9695
11:08:16,2.9695
11:08:17,2.9719
11:08:18,2.9695
11:08:19,2.9695
11:08:20,2.9707
11:08:21,2.9707
11:08:22,2.9695
11:08:23,2.9756
11:08:24,2.9719
11:08:25,2.9719
11:08:26,2.9707
11:08:27,2.9719
11:08:28,2.9731
11:08:29,2.9731
11:08:30,2.978
11:08:31,2.9744
11:08:32,2.9744
11:08:33,2.9756
11:08:34,2.9744
11:08:35,2.9744
11:08:36,2.9805
11:08:37,2.9744
11:08:38,2.978
11:08:39,2.9792
11:08:41,2.9792
11:08:42,2.9817
11:08:43,2.9744
11:08:44,2.9817
11:08:45,2.9829
11:08:46,2.9792
11:08:47,2.978
11:08:48,2.9817
11:08:49,2.978
11:08:50,2.9805
11:08:51,2.9866
11:08:52,2.9792
11:08:53,2.9805
11:08:54,2.9792
11:08:55,2.9817
11:08:56,2.9805
11:08:57,2.9792
11:08:58,2.9841
11:08:59,2.9805
11:09:00,2.9841
11:09:01,2.9829
11:09:02,2.9841
11:09:03,2.9829
11:09:04,2.9829
11:09:05,2.9841
11:09:06,2.989
11:09:07,2.9841
11:09:08,2.9878
11:09:09,2.9853
11:09:10,2.9878
11:09:11,2.9853
11:09:12,2.9878
11:09:13,2.989
11:09:14,2.9878
11:09:15,2.9915
11:09:16,2.9902
11:09:17,2.9927
11:09:18,2.9927
11:09:19,2.9902
11:09:20,2.9902
11:09:21,2.989
11:09:22,2.989
11:09:23,2.9915
11:09:24,2.989
11:09:25,2.9951
11:09:26,2.9939
11:09:27,2.9927
11:09:28,2.9939
11:09:29,2.9927
11:09:30,2.9976
11:09:31,2.9988
11:09:32,2.9927
11:09:33,2.9976
11:09:34,2.9976
11:09:35,2.9976
11:09:36,2.9963
11:09:37,3.0
11:09:38,3.0
11:09:39,3.0
11:09:40,3.0024
11:09:41,3.0024
11:09:42,3.0037
11:09:44,3.0024
11:09:45,3.0024
11:09:46,3.0024
11:09:47,3.0024
11:09:48,3.0024
11:09:49,3.0049
11:09:50,3.0037
11:09:51,3.0061
11:09:52,3.0098
11:09:53,3.011
11:09:54,3.0073
11:09:55,3.0098
11:09:56,3.0085
11:09:57,3.0098
11:09:58,3.011
11:09:59,3.011
11:10:00,3.0147
11:10:01,3.0098
11:10:02,3.0171
11:10:03,3.0171
11:10:04,3.0171
11:10:05,3.0159
11:10:06,3.0171
11:10:07,3.0171
11:10:08,3.0208
11:10:09,3.0183
11:10:10,3.0171
11:10:11,3.0183
11:10:12,3.022
11:10:13,3.0244
11:10:14,3.0232
11:10:15,3.0244
11:10:16,3.0244
11:10:17,3.0269
11:10:18,3.0256
11:10:19,3.0244
11:10:20,3.0256
11:10:21,3.0244
11:10:22,3.0281
11:10:23,3.0269
11:10:24,3.0293
11:10:25,3.0317
11:10:26,3.0305
11:10:27,3.0317
11:10:28,3.0317
11:10:29,3.0305
11:10:30,3.033
11:10:31,3.033
11:10:32,3.0379
11:10:33,3.0354
11:10:34,3.0342
11:10:35,3.0379
11:10:36,3.0366
11:10:37,3.033
11:10:38,3.0391
11:10:39,3.0403
11:10:40,3.0379
11:10:41,3.0427
11:10:42,3.0366
11:10:43,3.0427
11:10:44,3.0427
11:10:45,3.0415
11:10:47,3.0415
11:10:48,3.044
11:10:49,3.0464
11:10:50,3.0427
11:10:51,3.0476
11:10:52,3.0476
11:10:53,3.0464
11:10:54,3.0488
11:10:55,3.0464
11:10:56,3.0513
11:10:57,3.0513
11:10:58,3.0476
11:10:59,3.0513
11:11:00,3.0525
11:11:01,3.0525
11:11:02,3.0501
11:11:03,3.0537
11:11:04,3.0513
11:11:05,3.0525
11:11:06,3.0562
11:11:07,3.0525
11:11:08,3.0537
11:11:09,3.0549
11:11:10,3.0562
11:11:11,3.0513
11:11:12,3.0562
11:11:13,3.0562
11:11:14,3.0549
11:11:15,3.0562
11:11:16,3.0586
11:11:17,3.0562
11:11:18,3.0598
11:11:19,3.0598
11:11:20,3.0598
11:11:21,3.0611
11:11:22,3.0598
11:11:23,3.0611
11:11:24,3.0586
11:11:25,3.0611
11:11:26,3.0562
11:11:27,3.0598
11:11:28,3.0623
11:11:29,3.0574
11:11:30,3.0635
11:11:31,3.0611
11:11:32,3.0635
11:11:33,3.0611
11:11:34,3.0611
11:11:35,3.0647
11:11:36,3.0647
11:11:37,3.0647
11:11:38,3.0647
11:11:39,3.0623
11:11:40,3.0635
11:11:41,3.0623
11:11:42,3.0672
11:11:43,3.0635
11:11:44,3.0647
11:11:45,3.0635
11:11:46,3.0659
11:11:47,3.0647
11:11:49,3.0623
11:11:50,3.0659
11:11:51,3.0635
11:11:52,3.0659
11:11:53,3.0659
11:11:54,3.0647
11:11:55,3.0647
11:11:56,3.0635
11:11:57,3.0647
11:11:58,3.0672
11:11:59,3.0659
11:12:00,3.0659
11:12:01,3.0586
11:12:02,3.0672
11:12:03,3.0672
11:12:04,3.0672
11:12:05,3.0647
11:12:06,3.0647
11:12:07,3.0684
11:12:08,3.0659
11:12:09,3.0672
11:12:10,3.0659
11:12:11,3.0659
11:12:12,3.0659
11:12:13,3.0659
11:12:14,3.0696
11:12:15,3.0708
11:12:16,3.0672
11:12:17,3.072
11:12:18,3.0672
11:12:19,3.0659
11:12:20,3.0659
11:12:21,3.0684
11:12:22,3.0659
11:12:23,3.0672
11:12:24,3.0672
11:12:25,3.0672
11:12:26,3.0684
11:12:27,3.0708
11:12:28,3.0708
11:12:29,3.0684
11:12:30,3.0672
11:12:31,3.0672
11:12:32,3.0708
11:12:33,3.0696
11:12:34,3.0708
11:12:35,3.0672
11:12:36,3.072
11:12:37,3.0672
11:12:38,3.0708
11:12:39,3.0696
11:12:40,3.0684
11:12:41,3.0684
11:12:42,3.0672
11:12:43,3.0672
11:12:44,3.0708
11:12:45,3.0708
11:12:46,3.072
11:12:47,3.0672
11:12:48,3.072
11:12:49,3.0696
11:12:50,3.0672
11:12:52,3.0708
11:12:53,3.0708
11:12:54,3.0684
11:12:55,3.0696
11:12:56,3.0684
11:12:57,3.0696
11:12:58,3.0672
11:12:59,3.0708
11:13:00,3.0684
11:13:01,3.0684
11:13:02,3.072
11:13:03,3.0708
11:13:04,3.0708
11:13:05,3.0708
11:13:06,3.0696
11:13:07,3.0672
11:13:08,3.0684
11:13:09,3.0684
11:13:10,3.0696
11:13:11,3.0757
11:13:12,3.0757
11:13:13,3.072
11:13:14,3.072
11:13:15,3.0708
11:13:16,3.0708
11:13:17,3.0708
11:13:18,3.0708
11:13:19,3.0696
11:13:20,3.0708
11:13:21,3.072
11:13:22,3.072
11:13:23,3.0684
11:13:24,3.072
11:13:25,3.0733
11:13:26,3.0733
11:13:27,3.0696
11:13:28,3.0708
11:13:29,3.0733
11:13:30,3.072
11:13:31,3.072
11:13:32,3.072
11:13:33,3.072
11:13:34,3.0672
11:13:35,3.0757
11:13:36,3.0757
11:13:37,3.0745
11:13:38,3.072
11:13:39,3.0733
11:13:40,3.0708
11:13:41,3.0745
11:13:42,3.072
11:13:43,3.072
11:13:44,3.0745
11:13:45,3.072
11:13:46,3.0745
11:13:47,3.072
11:13:48,3.0757
11:13:49,3.072
11:13:50,3.072
11:13:51,3.072
11:13:52,3.072
11:13:54,3.072
11:13:55,3.072
11:13:56,3.0769
11:13:57,3.0745
11:13:58,3.0757
11:13:59,3.0733
11:14:00,3.0745
11:14:01,3.0745
11:14:02,3.0745
11:14:03,3.0745
11:14:04,3.0733
11:14:05,3.0733
11:14:06,3.0696
11:14:07,3.0745
11:14:08,3.0733
11:14:09,3.0757
11:14:10,3.072
11:14:11,3.0745
11:14:12,3.0745
11:14:13,3.072
11:14:14,3.072
11:14:15,3.072
11:14:16,3.072
11:14:17,3.072
11:14:18,3.072
11:14:19,3.072
11:14:20,3.0757
11:14:21,3.0672
11:14:22,3.0733
11:14:23,3.0684
11:14:24,3.072
11:14:25,3.0696
11:14:26,3.072
11:14:27,3.072
11:14:28,3.0696
11:14:29,3.0684
11:14:30,3.0733
11:14:31,3.0696
11:14:32,3.0684
11:14:33,3.0696
11:14:34,3.0684
11:14:35,3.0672
11:14:36,3.0696
11:14:37,3.072
11:14:38,3.0696
11:14:39,3.0672
11:14:40,3.0659
11:14:41,3.0672
11:14:42,3.0684
11:14:43,3.0635
11:14:44,3.0647
11:14:45,3.0672
11:14:46,3.0672
11:14:47,3.0635
11:14:48,3.0647
11:14:49,3.0659
11:14:50,3.0672
11:14:51,3.0672
11:14:52,3.0623
11:14:53,3.0611
11:14:54,3.0659
11:14:55,3.0623
11:14:57,3.0635
11:14:58,3.0635
11:14:59,3.0586
11:15:00,3.0647
11:15:01,3.0611
11:15:02,3.0635
11:15:03,3.0598
11:15:04,3.0598
11:15:05,3.0635
11:15:06,3.0611
11:15:07,3.0647
11:15:08,3.0635
11:15:09,3.0598
11:15:10,3.0574
11:15:11,3.0598
11:15:12,3.0623
11:15:13,3.0586
11:15:14,3.0574
11:15:15,3.0574
11:15:16,3.0586
11:15:17,3.0611
11:15:18,3.0611
11:15:19,3.0623
11:15:20,3.0611
11:15:21,3.0586
11:15:22,3.0611
11:15:23,3.0598
11:15:24,3.0574
11:15:25,3.0598
11:15:26,3.0623
11:15:27,3.0598
11:15:28,3.0574
11:15:29,3.0611
11:15:30,3.0586
11:15:31,3.0574
11:15:32,3.0574
11:15:33,3.0562
11:15:34,3.0598
11:15:35,3.0562
11:15:36,3.0586
11:15:37,3.0611
11:15:38,3.0537
11:15:39,3.0611
11:15:40,3.0586
11:15:41,3.0574
11:15:42,3.0598
11:15:43,3.0574
11:15:44,3.0574
11:15:45,3.0586
11:15:46,3.0586
11:15:47,3.0574
11:15:48,3.0549
11:15:49,3.0586
11:15:50,3.0574
11:15:51,3.0574
11:15:52,3.0598
11:15:53,3.0574
11:15:54,3.0562
11:15:55,3.0549
11:15:56,3.0586
11:15:57,3.0586
11:15:58,3.0586
11:16:00,3.0549
11:16:01,3.0525
11:16:02,3.0598
11:16:03,3.0598
11:16:04,3.0562
11:16:05,3.0586
11:16:06,3.0574
11:16:07,3.0574
11:16:08,3.0549
11:16:09,3.0574
11:16:10,3.0574
11:16:11,3.0537
11:16:12,3.0549
11:16:13,3.0574
11:16:14,3.0598
11:16:15,3.0574
11:16:16,3.0586
11:16:17,3.0586
11:16:18,3.0598
11:16:19,3.0598
11:16:20,3.0586
11:16:21,3.0574
11:16:22,3.0598
11:16:23,3.0574
11:16:24,3.0574
11:16:25,3.0574
11:16:26,3.0598
11:16:27,3.0574
11:16:28,3.0574
11:16:29,3.0586
11:16:30,3.0611
11:16:31,3.0635
11:16:32,3.0598
11:16:33,3.0586
11:16:34,3.0623
11:16:35,3.0598
11:16:36,3.0623
11:16:37,3.0586
11:16:38,3.0574
11:16:39,3.0586
11:16:40,3.0598
11:16:41,3.0586
11:16:42,3.0586
11:16:43,3.0586
11:16:44,3.0598
11:16:45,3.0623
11:16:46,3.0598
11:16:47,3.0611
11:16:48,3.0647
11:16:49,2.4554
11:16:50,3.0623
11:16:51,3.0586
11:16:52,3.0623
11:16:53,3.0611
11:16:54,3.0574
11:16:55,3.0586
11:16:56,3.0598
11:16:57,3.0623
11:16:58,3.0623
11:16:59,3.0647
11:17:00,3.0623
11:17:02,3.0598
11:17:03,3.0598
11:17:04,2.5482
11:17:05,3.0647
11:17:06,3.0623
11:17:07,3.0647
11:17:08,3.0611
11:17:09,3.0598
11:17:10,3.0623
11:17:11,3.0635
11:17:12,3.0611
11:17:13,3.0623
11:17:14,2.4713
11:17:15,3.0623
11:17:16,3.0623
11:17:17,3.0598
11:17:18,3.0635
11:17:19,3.0635
11:17:20,2.5128
11:17:21,3.0635
11:17:22,3.0635
11:17:23,3.0586
11:17:24,3.0623
11:17:25,3.0598
11:17:26,3.0574
11:17:27,3.0611
11:17:28,2.4847
11:17:29,3.0611
11:17:30,3.0598
11:17:31,3.0623
11:17:32,3.0611
11:17:33,3.0623
11:17:34,3.0611
11:17:35,3.0611
11:17:36,3.0623
11:17:37,3.0598
11:17:38,2.5446
11:17:39,3.0611
11:17:40,3.0635
11:17:41,3.0598
11:17:42,3.0623
11:17:43,3.0623
11:17:44,3.0586
11:17:45,2.5482
11:17:46,3.0611
11:17:47,3.0635
11:17:48,3.0586
11:17:49,3.0623
11:17:50,3.0598
11:17:51,3.0611
11:17:52,2.5043
11:17:53,3.0635
11:17:54,3.0574
11:17:55,3.0611
11:17:56,2.5336
11:17:57,3.0586
11:17:58,3.0635
11:17:59,3.0586
11:18:00,3.0635
11:18:01,3.0611
11:18:03,2.5421
11:18:04,2.5214
11:18:05,2.5726
11:18:06,3.0562
11:18:07,3.0574
11:18:08,3.0562
11:18:09,2.514
11:18:10,2.5189
11:18:11,3.0586
11:18:12,3.0611
11:18:13,3.0598
11:18:14,3.0586
11:18:15,3.0574
11:18:16,2.4921
11:18:17,2.5055
11:18:18,2.5214
11:18:19,3.0586
11:18:20,3.0574
11:18:21,3.0574
11:18:22,2.5165
11:18:23,3.0623
11:18:24,3.0586
11:18:25,3.0598
11:18:26,3.0598
11:18:27,3.0611
11:18:28,3.0525
11:18:29,3.0611
11:18:30,3.0574
11:18:31,3.0574
11:18:32,3.0574
11:18:33,3.0574
11:18:34,3.0574
11:18:35,3.0525
11:18:36,2.5104
11:18:37,2.5324
11:18:38,3.0611
11:18:39,3.0611
11:18:40,3.0574
11:18:41,2.5421
11:18:42,3.0574
11:18:43,3.0586
11:18:44,3.0598
11:18:45,3.0586
11:18:46,3.0549
11:18:47,3.0537
11:18:48,3.0574
11:18:49,3.0586
11:18:50,3.0586
11:18:51,3.0549
11:18:52,3.0549
11:18:53,3.0598
11:18:54,3.0574
11:18:55,3.0598
11:18:56,3.0574
11:18:57,3.0598
11:18:58,3.0562
11:18:59,3.0574
11:19:00,3.0574
11:19:01,3.0586
11:19:02,3.0549
11:19:03,3.0574
11:19:05,3.0549
11:19:06,3.0586
11:19:07,3.0537
11:19:08,3.0549
11:19:09,3.0562
11:19:10,3.0574
11:19:11,3.0574
11:19:12,3.0562
11:19:13,3.0562
11:19:14,3.0562
11:19:15,3.0574
11:19:16,3.0562
11:19:17,3.0525
11:19:18,3.0549
11:19:19,3.0586
11:19:20,3.0574
11:19:21,3.0562
11:19:22,3.0562
11:19:23,3.0562
11:19:24,3.0562
11:19:25,3.0525
11:19:26,3.0562
11:19:27,3.0574
11:19:28,3.0574
11:19:29,3.0549
11:19:30,3.0549
11:19:31,3.0537
11:19:32,3.0562
11:19:33,3.0562
11:19:34,3.0525
11:19:35,3.0562
11:19:36,3.0525
11:19:37,3.0537
11:19:38,3.0525
11:19:39,3.0562
11:19:40,3.0562
11:19:41,3.0537
11:19:42,3.0574
11:19:43,3.0562
11:19:44,3.0537
11:19:45,3.0525
11:19:46,3.0525
11:19:47,3.0537
11:19:48,3.0537
11:19:49,3.0513
11:19:50,3.0525
11:19:51,3.0513
11:19:52,3.0549
11:19:53,3.0525
11:19:54,3.0513
11:19:55,3.0549
11:19:56,3.0537
11:19:57,3.0537
11:19:58,3.0476
11:19:59,3.0513
11:20:00,3.0501
11:20:01,3.0549
11:20:02,3.0513
11:20:03,3.0501
11:20:04,3.0513
11:20:05,3.0525
11:20:07,3.0549
11:20:08,3.0513
11:20:09,3.0513
11:20:10,3.0476
11:20:11,3.0513
11:20:12,3.0513
11:20:13,3.0501
11:20:14,3.0501
11:20:15,3.0513
11:20:16,3.0525
11:20:17,3.0501
11:20:18,3.0549
11:20:19,3.0525
11:20:20,3.0525
11:20:21,3.0513
11:20:22,3.0525
11:20:23,3.0525
11:20:24,3.0501
11:20:25,3.0537
11:20:26,3.0513
11:20:27,3.0501
11:20:28,3.0501
11:20:29,3.0525
11:20:30,3.0513
11:20:31,3.0501
11:20:32,3.0488
11:20:33,3.0513
11:20:34,3.0476
11:20:35,3.0513
11:20:36,3.0513
11:20:37,3.0513
11:20:38,3.0488
11:20:39,3.0476
11:20:40,3.0525
11:20:41,3.0476
11:20:42,3.0549
11:20:43,3.0464
11:20:44,3.0525
11:20:45,3.0501
11:20:46,3.0513
11:20:47,3.0513
11:20:48,3.0537
11:20:49,3.0501
11:20:50,3.0513
11:20:51,3.0488
11:20:52,3.0525
11:20:53,3.0488
11:20:54,3.0525
11:20:55,3.0525
11:20:56,3.0549
11:20:57,3.0525
11:20:58,3.0537
11:20:59,3.0513
11:21:00,3.0537
11:21:01,3.0513
11:21:02,3.0537
11:21:03,3.0537
11:21:04,3.0549
11:21:05,3.0537
11:21:06,3.0525
11:21:07,3.0549
11:21:09,3.0549
11:21:10,3.0537
11:21:11,3.0513
11:21:12,3.0549
11:21:13,3.0549
11:21:14,3.0549
11:21:15,3.0574
11:21:16,3.0562
11:21:17,3.0586
11:21:18,3.0549
11:21:19,3.0562
11:21:20,3.0549
11:21:21,3.0562
11:21:22,3.0537
11:21:23,3.0574
11:21:24,3.0525
11:21:25,3.0586
11:21:26,3.0549
11:21:27,3.0562
11:21:28,3.0549
11:21:29,3.0574
11:21:30,3.0598
11:21:31,3.0574
11:21:32,3.0562
11:21:33,3.0586
11:21:34,3.0598
11:21:35,3.0598
11:21:36,3.0574
11:21:37,3.0623
11:21:38,3.0598
11:21:39,3.0586
11:21:40,3.0586
11:21:41,3.0635
11:21:42,3.0611
11:21:43,3.0611
11:21:44,3.0623
11:21:45,3.0635
11:21:46,3.0623
11:21:47,3.0611
11:21:48,3.0647
11:21:49,3.0598
11:21:50,3.0635
11:21:51,3.0623
11:21:52,3.0623
11:21:53,3.0623
11:21:54,3.0647
11:21:55,3.0647
11:21:56,3.0659
11:21:57,3.0659
11:21:58,3.0672
11:21:59,3.0623
11:22:00,3.0659
11:22:01,3.0659
11:22:02,3.0696
11:22:03,3.0659
11:22:04,3.0684
11:22:05,3.0684
11:22:06,3.0684
11:22:07,3.0684
11:22:08,3.0708
11:22:09,3.072
11:22:11,3.0696
11:22:12,3.0733
11:22:13,3.072
11:22:14,3.072
11:22:15,3.0708
11:22:16,3.0769
11:22:17,3.0745
11:22:18,3.0745
11:22:19,3.0745
11:22:20,3.0769
11:22:21,3.0757
11:22:22,3.0769
11:22:23,3.0745
11:22:24,3.0781
11:22:25,3.0806
11:22:26,3.0769
11:22:27,3.0818
11:22:28,3.0818
11:22:29,3.0806
11:22:30,3.0794
11:22:31,3.0806
11:22:32,3.0794
11:22:33,3.0818
11:22:34,3.0818
11:22:35,3.083
11:22:36,3.0818
11:22:37,3.0842
11:22:38,3.0818
11:22:39,3.0867
11:22:40,3.0855
11:22:41,3.0855
11:22:42,3.0879
11:22:43,3.0855
11:22:44,3.0879
11:22:45,3.0879
11:22:46,3.0879
11:22:47,3.0867
11:22:48,3.0879
11:22:49,3.0928
11:22:50,3.0879
11:22:51,3.0904
11:22:52,3.0928
11:22:53,3.0891
11:22:54,3.0928
11:22:55,3.0928
11:22:56,3.0952
11:22:57,3.0952
11:22:58,3.0891
11:22:59,3.0965
11:23:00,3.0952
11:23:01,3.0952
11:23:02,3.0928
11:23:03,3.094
11:23:04,3.0989
11:23:05,3.0989
11:23:06,3.1001
11:23:07,3.1001
11:23:08,3.0965
11:23:09,3.1013
11:23:10,3.1001
11:23:11,3.0989
11:23:13,3.1026
11:23:14,3.1001
11:23:15,3.1038
11:23:16,3.1013
11:23:17,3.105
11:23:18,3.1013
11:23:19,3.105
11:23:20,3.1026
11:23:21,3.105
11:23:22,3.1026
11:23:23,3.1026
11:23:24,3.1038
11:23:25,3.1062
11:23:26,3.1038
11:23:27,3.105
11:23:28,3.1099
11:23:29,3.105
11:23:30,3.1074
11:23:31,3.1074
11:23:32,3.1087
11:23:33,3.1099
11:23:34,3.1087
11:23:35,3.1099
11:23:36,3.1099
11:23:37,3.1136
11:23:38,3.1136
11:23:39,3.1123
11:23:40,3.1062
11:23:41,3.1099
11:23:42,3.1123
11:23:43,3.1111
11:23:44,3.1172
11:23:45,3.1123
11:23:46,3.1148
11:23:47,3.1148
11:23:48,3.1136
11:23:49,3.1148
11:23:50,3.116
11:23:51,3.1184
11:23:52,3.116
11:23:53,3.1172
11:23:54,3.1148
11:23:55,3.1136
11:23:56,3.1172
11:23:57,3.1172
11:23:58,3.1148
11:23:59,3.1197
11:24:00,3.116
11:24:01,3.1209
11:24:02,3.1172
11:24:03,3.1221
11:24:04,3.1209
11:24:05,3.1233
11:24:06,3.1184
11:24:07,3.1233
11:24:08,3.1209
11:24:09,3.1184
11:24:10,3.1209
11:24:11,3.1184
11:24:12,3.1233
11:24:13,3.1197
11:24:14,3.1233
11:24:16,3.1221
11:24:17,3.1258
11:24:18,3.1233
11:24:19,3.1258
11:24:20,3.1233
11:24:21,3.1294
11:24:22,3.1258
11:24:23,3.1258
11:24:24,3.1282
11:24:25,3.1258
11:24:26,3.1258
11:24:27,3.1258
11:24:28,3.127
11:24:29,3.1282
11:24:30,3.1282
11:24:31,3.127
11:24:32,3.127
11:24:33,3.1258
11:24:34,3.127
11:24:35,3.1282
11:24:36,3.1258
11:24:37,3.1258
11:24:38,3.1282
11:24:39,3.1258
11:24:40,3.1294
11:24:41,3.1282
11:24:42,3.1294
11:24:43,3.1282
11:24:44,3.127
11:24:45,3.1306
11:24:46,3.1306
11:24:47,3.1294
11:24:48,3.1282
11:24:49,3.127
11:24:50,3.1294
11:24:51,3.1282
11:24:52,3.1306
11:24:53,3.1319
11:24:54,3.1319
11:24:55,3.1306
11:24:56,3.1294
11:24:57,3.1319
11:24:58,3.1343
11:24:59,3.1294
11:25:00,3.1331
11:25:01,3.1319
11:25:02,3.1355
11:25:03,3.1294
11:25:04,3.1343
11:25:05,3.1319
11:25:06,3.1331
11:25:07,3.1343
11:25:08,3.1282
11:25:09,3.1355
11:25:10,3.1331
11:25:11,3.1355
11:25:12,3.1355
11:25:13,3.1343
11:25:14,3.1343
11:25:15,3.1355
11:25:16,3.1331
11:25:18,3.1355
11:25:19,3.1355
11:25:20,3.1343
11:25:21,3.1368
11:25:22,3.138
11:25:23,3.1368
11:25:24,3.1404
11:25:25,3.1343
11:25:26,3.1392
11:25:27,3.1355
11:25:28,3.1368
11:25:29,3.138
11:25:30,3.1368
11:25:31,3.1404
11:25:32,3.1404
11:25:33,3.1392
11:25:34,3.1404
11:25:35,3.138
11:25:36,3.1441
11:25:37,3.138
11:25:38,3.1416
11:25:39,3.1404
11:25:40,3.1416
11:25:41,3.1416
11:25:42,3.1404
11:25:43,3.1441
11:25:44,3.138
11:25:45,3.1416
11:25:46,3.138
11:25:47,3.1404
11:25:48,3.1404
11:25:49,3.1429
11:25:50,3.1416
11:25:51,3.1404
11:25:52,3.1404
11:25:53,3.1441
11:25:54,3.1465
11:25:55,3.1453
11:25:56,3.1416
11:25:57,3.1465
11:25:58,3.1441
11:25:59,3.1441
11:26:00,3.1429
11:26:01,3.1477
11:26:02,3.1465
11:26:03,3.149
11:26:04,3.1502
11:26:05,3.1502
11:26:06,3.1465
11:26:07,3.1502
11:26:08,3.1502
11:26:09,3.1477
11:26:10,3.149
11:26:11,3.1502
11:26:12,3.1514
11:26:13,3.1502
11:26:14,3.1526
11:26:15,3.1502
11:26:16,3.1514
11:26:17,3.1538
11:26:18,3.1514
11:26:20,3.1538
11:26:21,3.1514
11:26:22,3.1526
11:26:23,3.1538
11:26:24,3.1502
11:26:25,3.1538
11:26:26,3.1514
11:26:27,3.1551
11:26:28,3.1538
11:26:29,3.1563
11:26:30,3.1575
11:26:31,3.1563
11:26:32,3.1587
11:26:33,3.1575
11:26:34,3.1612
11:26:35,3.1624
11:26:36,3.16
11:26:37,3.1624
11:26:38,3.1636
11:26:39,3.1636
11:26:40,3.1636
11:26:41,3.1624
11:26:42,3.1624
11:26:43,3.1624
11:26:44,3.1661
11:26:45,3.1661
11:26:46,3.1648
11:26:47,3.1697
11:26:48,3.1685
11:26:49,3.1661
11:26:50,3.1673
11:26:51,3.1685
11:26:52,3.1673
11:26:53,3.1722
11:26:54,3.1709
11:26:55,3.1746
11:26:56,3.1746
11:26:57,3.1734
11:26:58,3.1758
11:26:59,3.1734
11:27:00,3.1746
11:27:01,3.1783
11:27:02,3.1746
11:27:03,3.1807
11:27:04,3.1758
11:27:05,3.1783
11:27:06,3.1807
11:27:07,3.1819
11:27:08,3.1832
11:27:09,3.1832
11:27:10,3.1844
11:27:11,3.1868
11:27:12,3.1844
11:27:13,3.1856
11:27:14,3.188
11:27:15,3.1844
11:27:16,3.1893
11:27:17,3.1844
11:27:18,3.1905
11:27:19,3.1905
11:27:20,3.1917
11:27:22,3.1917
11:27:23,3.1954
11:27:24,3.1966
11:27:25,3.1929
11:27:26,3.1978
11:27:27,3.1966
11:27:28,3.199
11:27:29,3.2015
11:27:30,3.2015
11:27:31,3.199
11:27:32,3.1978
11:27:33,3.2027
11:27:34,3.2027
11:27:35,3.2039
11:27:36,3.2051
11:27:37,3.2051
11:27:38,3.2063
11:27:39,3.2063
11:27:40,3.2088
11:27:41,3.2076
11:27:42,3.21
11:27:43,3.2112
11:27:44,3.2503
11:27:45,2.9414
11:27:46,3.2552
11:27:47,3.243
11:27:48,3.2332
11:27:49,3.2247
11:27:50,3.2149
11:27:51,3.2039
11:27:52,3.1966
11:27:53,3.2576
11:27:54,3.2576
11:27:55,3.2601
11:27:56,3.2601
11:27:57,3.2613
11:27:58,3.2576
11:27:59,3.2613
11:28:00,3.2589
11:28:01,3.2613
11:28:02,3.2613
11:28:03,3.2613
11:28:04,3.2576
11:28:05,3.2613
11:28:06,3.2589
11:28:07,3.265
11:28:08,3.2613
11:28:09,3.2625
11:28:10,3.2662
11:28:11,3.265
11:28:12,3.2662
11:28:13,3.265
11:28:14,3.265
11:28:15,3.2625
11:28:16,3.2637
11:28:17,3.2686
11:28:18,3.2637
11:28:19,3.2662
11:28:20,3.2625
11:28:21,3.2674
11:28:22,3.2662
11:28:24,3.2662
11:28:25,3.2686
11:28:26,3.2674
11:28:27,3.2698
11:28:28,3.2674
11:28:29,3.2698
11:28:30,3.2662
11:28:31,3.2698
11:28:32,3.2686
11:28:33,3.2686
11:28:34,3.2662
11:28:35,3.2674
11:28:36,3.2637
11:28:37,3.2686
11:28:38,3.2674
11:28:39,3.2674
11:28:40,3.2711
11:28:41,3.2662
11:28:42,3.2723
11:28:43,3.2698
11:28:44,3.2674
11:28:45,3.2686
11:28:46,3.2625
11:28:47,3.2662
11:28:48,3.2637
11:28:49,3.2686
11:28:50,3.2637
11:28:51,3.2674
11:28:52,3.2674
11:28:53,3.2662
11:28:54,3.2662
11:28:55,3.2662
11:28:56,3.2662
11:28:57,3.2662
11:28:58,3.265
11:28:59,3.265
11:29:00,3.2637
11:29:01,3.2674
11:29:02,3.2674
11:29:03,3.2686
11:29:04,3.265
11:29:05,3.2662
11:29:06,3.2625
11:29:07,3.2625
11:29:08,3.265
11:29:09,3.2625
11:29:10,3.2613
11:29:11,3.265
11:29:12,3.2637
11:29:13,3.2625
11:29:14,3.2637
11:29:15,3.2637
11:29:16,3.265
11:29:17,3.2589
11:29:18,3.2625
11:29:19,3.2613
11:29:20,3.2674
11:29:21,3.2637
11:29:22,3.2625
11:29:23,3.2601
11:29:24,3.2625
11:29:25,3.2613
11:29:27,3.2625
11:29:28,3.2625
11:29:29,3.2625
11:29:30,3.2637
11:29:31,3.2613
11:29:32,3.2613
11:29:33,3.2589
11:29:34,3.2613
11:29:35,3.2601
11:29:36,3.2601
11:29:37,3.2613
11:29:38,3.2576
11:29:39,3.2552
11:29:40,3.2564
11:29:41,3.2589
11:29:42,3.2552
11:29:43,3.2564
11:29:44,3.2564
11:29:45,3.2576
11:29:46,3.254
11:29:47,3.2564
11:29:48,3.2576
11:29:49,3.2576
11:29:50,3.2527
11:29:51,3.2601
11:29:52,3.254
11:29:53,3.254
11:29:54,3.2564
11:29:55,3.2552
11:29:56,3.2589
11:29:57,3.2552
11:29:58,3.2552
11:29:59,3.2564
11:30:00,3.254
11:30:01,3.2515
11:30:02,3.2527
11:30:03,3.254
11:30:04,3.254
11:30:05,3.254
11:30:06,3.2552
11:30:07,3.2527
11:30:08,3.2576
11:30:09,3.254
11:30:10,3.2576
11:30:11,3.2564
11:30:12,3.2564
11:30:13,3.2564
11:30:14,3.2576
11:30:15,3.254
11:30:16,3.2576
11:30:17,3.2564
11:30:18,3.2564
11:30:19,3.2552
11:30:20,3.2552
11:30:21,3.254
11:30:22,3.2564
11:30:23,3.2552
11:30:24,3.2552
11:30:25,3.2552
11:30:26,3.2576
11:30:27,3.2576
11:30:28,3.2564
11:30:30,3.2589
11:30:31,3.2576
11:30:32,3.2601
11:30:33,3.2613
11:30:34,3.2601
11:30:35,3.2589
11:30:36,3.2601
11:30:37,3.2637
11:30:38,3.2625
11:30:39,3.265
11:30:40,3.2576
11:30:41,3.2613
11:30:42,3.2552
11:30:43,3.2637
11:30:44,3.2625
11:30:45,3.2601
11:30:46,3.2625
11:30:47,3.2625
11:30:48,3.2637
11:30:49,3.265
11:30:50,3.2686
11:30:51,3.2674
11:30:52,3.2662
11:30:53,3.2662
11:30:54,3.2674
11:30:55,3.2686
11:30:56,3.2686
11:30:57,3.265
11:30:58,3.2698
11:30:59,3.2698
11:31:00,3.2674
11:31:01,3.2711
11:31:02,3.2698
11:31:03,3.2747
11:31:04,3.2723
11:31:05,3.2747
11:31:06,3.2723
11:31:07,3.2711
11:31:08,3.2747
11:31:09,3.2772
11:31:10,3.2772
11:31:11,3.2759
11:31:12,3.2759
11:31:13,3.2772
11:31:14,3.2747
11:31:15,3.2784
11:31:16,3.2747
11:31:17,3.2796
11:31:18,3.2784
11:31:19,3.2808
11:31:20,3.2772
11:31:21,3.2808
11:31:22,3.2796
11:31:23,3.2772
11:31:24,3.2796
11:31:25,3.2821
11:31:26,3.2808
11:31:27,3.2821
11:31:28,3.2821
11:31:29,3.2808
11:31:30,3.2869
11:31:31,3.2833
11:31:33,3.2808
11:31:34,3.2821
11:31:35,3.2821
11:31:36,3.2821
11:31:37,3.2821
11:31:38,3.2821
11:31:39,3.2857
11:31:40,3.2882
11:31:41,3.2882
11:31:42,3.2894
11:31:43,3.2894
11:31:44,3.2845
11:31:45,3.2821
11:31:46,3.2869
11:31:47,3.2857
11:31:48,3.2894
11:31:49,3.2894
11:31:50,3.2894
11:31:51,3.2857
11:31:52,3.2857
11:31:53,3.2869
11:31:54,3.2894
11:31:55,3.2906
11:31:56,3.2894
11:31:57,3.2894
11:31:58,3.2894
11:31:59,3.2906
11:32:00,3.2882
11:32:01,3.2894
11:32:02,3.2894
11:32:03,3.293
11:32:04,3.2943
11:32:05,3.293
11:32:06,3.2918
11:32:07,3.293
11:32:08,3.293
11:32:09,3.2894
11:32:10,3.293
11:32:11,3.293
11:32:12,3.2943
11:32:13,3.2955
11:32:14,3.2943
11:32:15,3.293
11:32:16,3.2967
11:32:17,3.2991
11:32:18,3.2991
11:32:19,3.3004
11:32:20,3.2979
11:32:21,3.2967
11:32:22,3.2991
11:32:23,3.2991
11:32:24,3.2991
11:32:25,3.2979
11:32:26,3.2967
11:32:27,3.2991
11:32:28,3.3028
11:32:29,3.3028
11:32:30,3.3004
11:32:31,3.2967
11:32:32,3.3016
11:32:33,3.3053
11:32:35,3.3065
11:32:36,3.3065
11:32:37,3.304
11:32:38,3.3053
11:32:39,3.3016
11:32:40,3.3016
11:32:41,3.3016
11:32:42,3.3028
11:32:43,3.3065
11:32:44,3.3016
11:32:45,3.3065
11:32:46,3.3089
11:32:47,3.304
11:32:48,3.3089
11:32:49,3.3065
11:32:50,3.3077
11:32:51,3.304
11:32:52,3.3101
11:32:53,3.3089
11:32:54,3.3089
11:32:55,3.3101
11:32:56,3.3101
11:32:57,3.3114
11:32:58,3.3114
11:32:59,3.3114
11:33:00,3.3126
11:33:01,3.3114
11:33:02,3.3077
11:33:03,3.3101
11:33:04,3.3101
11:33:05,3.3101
11:33:06,3.3126
11:33:07,3.3138
11:33:08,3.3114
11:33:09,3.3138
11:33:10,3.3101
11:33:11,3.3114
11:33:12,3.3138
11:33:13,3.3138
11:33:14,3.3126
11:33:15,3.3126
11:33:16,3.3114
11:33:17,3.3114
11:33:18,3.3101
11:33:19,3.315
11:33:20,3.315
11:33:21,3.3138
11:33:22,3.3126
11:33:23,3.3175
11:33:24,3.3162
11:33:25,3.3162
11:33:26,3.3162
11:33:27,3.3187
11:33:28,3.3187
11:33:29,3.3199
11:33:30,3.3162
11:33:31,3.3187
11:33:32,3.3187
11:33:33,3.3187
11:33:34,3.3175
11:33:35,3.3138
11:33:37,3.3199
11:33:38,3.3187
11:33:39,3.3187
11:33:40,3.3211
11:33:41,3.3199
11:33:42,3.3199
11:33:43,3.3187
11:33:44,3.3199
11:33:45,3.3162
11:33:46,3.3211
11:33:47,3.3162
11:33:48,3.3223
11:33:49,3.3138
11:33:50,3.3223
11:33:51,3.3199
11:33:52,3.3199
11:33:53,3.3211
11:33:54,3.3211
11:33:55,3.3175
11:33:56,3.3223
11:33:57,3.3199
11:33:58,3.3199
11:33:59,3.3211
11:34:00,3.3187
11:34:01,3.3211
11:34:02,3.3187
11:34:03,3.3199
11:34:04,3.315
11:34:05,3.3199
11:34:06,3.3199
11:34:07,3.3187
11:34:08,3.3187
11:34:09,3.3175
11:34:10,3.3162
11:34:11,3.3138
11:34:12,3.3162
11:34:13,3.3126
11:34:14,3.3175
11:34:15,3.3162
11:34:16,3.3162
11:34:17,3.3126
11:34:18,3.3162
11:34:19,3.3138
11:34:20,3.315
11:34:21,3.3114
11:34:22,3.3126
11:34:23,3.3089
11:34:24,3.3126
11:34:25,3.3077
11:34:26,3.3101
11:34:27,3.3053
11:34:28,3.3114
11:34:29,3.3077
11:34:30,3.3089
11:34:31,3.3065
11:34:32,3.3065
11:34:33,3.3077
11:34:34,3.3077
11:34:35,3.3016
11:34:36,3.304
11:34:37,3.3028
11:34:38,3.3016
11:34:40,3.3004
11:34:41,3.3016
11:34:42,3.3016
11:34:43,3.3016
11:34:44,3.3004
11:34:45,3.3004
11:34:46,3.3016
11:34:47,3.2967
11:34:48,3.2955
11:34:49,3.2979
11:34:50,3.2955
11:34:51,3.2979
11:34:52,3.2967
11:34:53,3.2979
11:34:54,3.2943
11:34:55,3.2918
11:34:56,3.2918
11:34:57,3.293
11:34:58,3.2918
11:34:59,3.2906
11:35:00,3.2906
11:35:01,3.2906
11:35:02,3.2882
11:35:03,3.2918
11:35:04,3.2894
11:35:05,3.2882
11:35:06,3.2869
11:35:07,3.2857
11:35:08,3.2869
11:35:09,3.2869
11:35:10,3.2906
11:35:11,3.2882
11:35:12,3.2882
11:35:13,3.2894
11:35:14,3.2882
11:35:15,3.2869
11:35:16,3.2869
11:35:17,3.2869
11:35:18,3.2869
11:35:19,3.2833
11:35:20,3.2857
11:35:21,3.2845
11:35:22,3.2821
11:35:23,3.2857
11:35:24,3.2808
11:35:25,3.2833
11:35:26,3.2821
11:35:27,3.2808
11:35:28,3.2821
11:35:29,3.2833
11:35:30,3.2821
11:35:31,3.2821
11:35:32,3.2833
11:36:04,3.2772
11:36:05,3.2759
11:36:06,3.2796
11:36:07,3.2735
11:36:08,3.2747
11:36:10,3.2772
11:36:11,3.2747
11:36:12,3.2735
11:36:13,3.2808
11:36:14,3.2747
11:36:15,3.2747
11:36:16,3.2723
11:36:17,3.2711
11:36:18,3.2698
11:36:19,3.2698
11:36:20,3.2711
11:36:21,3.2723
11:36:22,3.2637
11:36:23,3.2674
11:36:24,3.2698
11:36:25,3.2711
11:36:26,3.2662
11:36:27,3.2686
11:36:28,3.2698
11:36:29,3.2662
11:36:30,3.2674
11:36:31,3.2637
11:36:32,3.2674
11:36:33,3.2637
11:36:34,3.2674
11:36:35,3.2674
11:36:36,3.2674
11:36:37,3.2637
11:36:38,3.265
11:36:39,3.2637
11:36:40,3.2625
11:36:41,3.2637
11:36:42,3.2637
11:36:43,3.265
11:36:44,3.2625
11:36:45,3.2601
11:36:46,3.2576
11:36:47,3.2589
11:36:48,3.2637
11:36:49,3.2613
11:36:50,3.2589
11:36:51,3.2589
11:36:52,3.2589
11:36:53,3.2601
11:36:54,3.2576
11:36:55,3.2589
11:36:56,3.2589
11:36:57,3.2589
11:36:58,3.2576
11:36:59,3.2564
11:37:00,3.2564
11:37:01,3.2589
11:37:02,3.2589
11:37:03,3.2601
11:37:04,3.2564
11:37:05,3.2576
11:37:06,3.2552
11:37:07,3.2527
11:37:08,3.2552
11:37:09,3.2564
11:37:10,3.2552
11:37:11,3.2576
11:37:13,3.2576
11:37:14,3.2576
11:37:15,3.2552
11:37:16,3.254
11:37:17,3.2552
11:37:18,3.2589
11:37:19,3.2576
11:37:20,3.2576
11:37:21,3.2564
11:37:22,3.2552
11:37:23,3.2564
11:37:24,3.2527
11:37:25,3.254
11:37:26,3.2552
11:37:27,3.2589
11:37:28,3.2576
11:37:29,3.2552
11:37:30,3.2576
11:37:31,3.2552
11:37:32,3.2576
11:37:33,3.2589
11:37:34,3.2564
11:37:35,3.2564
11:37:36,3.2576
11:37:37,3.2589
11:37:38,3.2576
11:37:39,3.2625
11:37:40,3.2601
11:37:41,3.2613
11:37:42,3.2552
11:37:43,3.2576
11:37:44,3.2601
11:37:45,3.2613
11:37:46,3.2662
11:37:47,3.2637
11:37:48,3.2613
11:37:49,3.2601
11:37:50,3.2576
11:37:51,3.2613
11:37:52,3.2637
11:37:53,3.2637
11:37:54,3.2625
11:37:55,3.2625
11:37:56,3.265
11:37:57,3.2625
11:37:58,3.2625
11:37:59,3.265
11:38:00,3.2662
11:38:01,3.2662
11:38:02,3.2674
11:38:03,3.2686
11:38:04,3.2674
11:38:05,3.2723
11:38:06,3.2686
11:38:07,3.2723
11:38:08,3.2759
11:38:09,3.2772
11:38:10,3.2735
11:38:11,3.2723
11:38:12,3.2747
11:38:13,3.2759
11:38:15,3.2759
11:38:16,3.2772
11:38:17,3.2808
11:38:18,3.2784
11:38:19,3.2821
11:38:20,3.2808
11:38:21,3.2796
11:38:22,3.2845
11:38:23,3.2808
11:38:24,3.2857
11:38:25,3.2845
11:38:26,3.2845
11:38:27,3.2845
11:38:28,3.2882
11:38:29,3.2869
11:38:30,3.2894
11:38:31,3.2882
11:38:32,3.2894
11:38:33,3.2943
11:38:34,3.2918
11:38:35,3.293
11:38:36,3.2918
11:38:37,3.293
11:38:38,3.2955
11:38:39,3.2943
11:38:40,3.2979
11:38:41,3.2967
11:38:42,3.3004
11:38:43,3.2967
11:38:44,3.2955
11:38:45,3.2955
11:38:46,3.2979
11:38:47,3.2979
11:38:48,3.2967
11:38:49,3.2991
11:38:50,3.2943
11:38:51,2.5556
11:38:52,2.5409
11:38:53,3.2955
11:38:54,3.2918
11:38:55,3.2943
11:38:56,3.293
11:38:57,3.2967
11:38:58,3.2991
11:38:59,2.6178
11:39:00,2.4737
11:39:01,2.4444
11:39:02,3.2967
11:39:03,3.2955
11:39:04,3.3016
11:39:05,2.5873
11:39:06,3.3016
11:39:07,3.3028
11:39:08,3.304
11:39:09,3.304
11:39:10,3.3065
11:39:11,3.3089
11:39:12,3.3065
11:39:13,3.304
11:39:14,2.6203
11:39:15,2.6386
11:39:16,2.5885
11:39:18,3.3016
11:39:19,3.3028
11:39:20,3.3065
11:39:21,3.3077
11:39:22,3.3077
11:39:23,3.3089
11:39:24,2.6557
11:39:25,3.3089
11:39:26,3.3138
11:39:27,3.3114
11:39:28,3.3065
11:39:29,3.3089
11:39:30,3.3138
11:39:31,3.3101
11:39:32,3.3114
11:39:33,3.3089
11:39:34,2.6972
11:39:35,2.5946
11:39:36,2.5861
11:39:37,3.3101
11:39:38,3.3138
11:39:39,2.7595
11:39:40,3.3162
11:39:41,3.3211
11:39:42,3.3162
11:39:43,3.3199
11:39:44,3.3138
11:39:45,3.2259
11:39:46,3.3175
11:39:47,3.3211
11:39:48,3.3199
11:39:49,3.3211
11:39:50,2.7509
11:39:51,2.7302
11:39:52,3.3223
11:39:53,3.3223
11:39:54,3.3223
11:39:55,3.3199
11:39:56,3.3223
11:39:57,3.326
11:39:58,3.3199
11:39:59,2.6728
11:40:00,3.3272
11:40:01,2.8046
11:40:02,3.3248
11:40:03,3.3248
11:40:04,3.3248
11:40:05,3.3272
11:40:06,3.326
11:40:07,3.3211
11:40:08,2.895
11:40:09,3.3248
11:40:10,3.3236
11:40:11,3.3236
11:40:12,3.044
11:40:13,2.7314
11:40:14,3.3248
11:40:15,3.326
11:40:16,3.3248
11:40:17,3.326
11:40:19,2.7192
11:40:20,2.7118
11:40:21,3.326
11:40:22,3.3211
11:40:23,3.3223
11:40:24,3.3211
11:40:25,3.2161
11:40:26,3.0684
11:40:27,3.326
11:40:28,3.326
11:40:29,3.3297
11:40:30,3.3309
11:40:31,2.7021
11:40:32,2.7204
11:40:33,3.3297
11:40:34,3.3297
11:40:35,3.3309
11:40:36,3.3309
11:40:37,3.3309
11:40:38,2.6459
11:40:39,3.3321
11:40:40,3.3309
11:40:41,3.3309
11:40:42,3.3309
11:40:43,3.3297
11:40:44,3.3297
11:40:45,3.3309
11:40:46,3.3284
11:40:47,3.3297
11:40:48,3.3321
11:40:49,3.3321
11:40:50,3.3321
11:40:51,3.3321
11:40:52,3.3297
11:40:53,3.3309
11:40:54,3.326
11:40:55,3.3284
11:40:56,3.3309
11:40:57,3.3309
11:40:58,3.3297
11:40:59,3.3297
11:41:00,3.3309
11:41:01,3.3321
11:41:02,3.326
11:41:03,3.3297
11:41:04,3.3309
11:41:05,3.3321
11:41:06,3.3297
11:41:07,3.3284
11:41:08,3.3284
11:41:09,3.3284
11:41:10,3.3297
11:41:11,3.326
11:41:12,3.326
11:41:13,3.3272
11:41:14,3.3284
11:41:15,3.3284
11:41:16,3.3297
11:41:17,3.326
11:41:18,3.3321
11:41:19,3.3297
11:41:20,3.3297
11:41:22,3.3297
11:41:23,3.3297
11:41:24,3.3272
11:41:25,3.3309
11:41:26,3.3284
11:41:27,3.3297
11:41:28,3.3297
11:41:29,3.3309
11:41:30,3.3297
11:41:31,3.3309
11:41:32,3.3309
11:41:33,3.3297
11:41:34,3.3284
11:41:35,3.3309
11:41:36,3.3272
11:41:37,3.3321
11:41:38,3.3297
11:41:39,3.3333
11:41:40,3.3309
11:41:41,3.3309
11:41:42,3.3309
11:41:43,3.3333
11:41:44,3.3284
11:41:45,3.3358
11:41:46,3.3297
11:41:47,3.3309
11:41:48,3.3333
11:41:49,3.3309
11:41:50,3.3297
11:41:51,3.3309
11:41:52,3.3297
11:41:53,3.3284
11:41:54,3.3297
11:41:55,3.3321
11:41:56,3.3272
11:41:57,3.3321
11:41:58,3.3333
11:41:59,3.3333
11:42:00,3.3346
11:42:01,3.3321
11:42:02,3.3284
11:42:03,3.3309
11:42:04,3.3309
11:42:05,3.3309
11:42:06,3.3309
11:42:07,3.3321
11:42:08,3.3297
11:42:09,3.3346
11:42:10,3.3309
11:42:11,3.3346
11:42:12,3.3346
11:42:13,3.3333
11:42:14,3.3297
11:42:15,3.3309
11:42:16,3.3321
11:42:17,3.3346
11:42:18,3.3297
11:42:19,3.3321
11:42:20,3.3309
11:42:21,3.3333
11:42:22,3.3309
11:42:24,3.3309
11:42:25,3.3297
11:42:26,3.3333
11:42:27,3.3297
11:42:28,3.3321
11:42:29,3.3333
11:42:30,3.3346
11:42:31,3.3333
11:42:32,3.3333
11:42:33,3.3333
11:42:34,3.3346
11:42:35,3.3346
11:42:36,3.3284
11:42:37,3.3321
11:42:38,3.3309
11:42:39,3.3358
11:42:40,3.3346
11:42:41,3.3358
11:42:42,3.3321
11:42:43,3.3346
11:42:44,3.3346
11:42:45,3.3382
11:42:46,3.3358
11:42:47,3.337
11:42:48,3.3358
11:42:49,3.3394
11:42:50,3.3346
11:42:51,3.3394
11:42:52,3.337
11:42:53,3.3346
11:42:54,3.3358
11:42:55,3.3382
11:42:56,3.337
11:42:57,3.3382
11:42:58,3.3382
11:42:59,3.3358
11:43:00,3.3358
11:43:01,3.337
11:43:02,3.3346
11:43:03,3.3382
11:43:04,3.3358
11:43:05,3.3419
11:43:06,3.3358
11:43:07,3.337
11:43:08,3.3407
11:43:09,3.3394
11:43:10,3.3419
11:43:11,3.3394
11:43:12,3.3407
11:43:13,3.3431
11:43:14,3.3394
11:43:15,3.3407
11:43:16,3.3394
11:43:17,3.3407
11:43:18,3.3443
11:43:19,3.3455
11:43:20,3.3407
11:43:21,3.3431
11:43:22,3.3419
11:43:23,3.3468
11:43:24,3.3443
11:43:25,3.3431
11:43:27,3.3455
11:43:28,3.348
11:43:29,3.3468
11:43:30,3.3443
11:43:31,3.3455
11:43:32,3.348
11:43:33,3.3455
11:43:34,3.3468
11:43:35,3.3431
11:43:36,3.3455
11:43:37,3.348
11:43:38,3.3443
11:43:39,3.3455
11:43:40,3.3455
11:43:41,3.3468
11:43:42,3.348
11:43:43,3.348
11:43:44,3.348
11:43:45,3.3455
11:43:46,3.348
11:43:47,3.3455
11:43:48,3.3455
11:43:49,3.3492
11:43:50,3.3516
11:43:51,3.3443
11:43:52,3.348
11:43:53,3.3455
11:43:54,3.3504
11:43:55,3.3529
11:43:56,3.3492
11:43:57,3.348
11:43:58,3.3504
11:43:59,3.3541
11:44:00,3.3468
11:44:01,3.3541
11:44:02,3.348
11:44:03,3.3504
11:44:04,3.348
11:44:05,3.3529
11:44:06,3.3504
11:44:07,3.3541
11:44:08,3.3492
11:44:09,3.3529
11:44:10,3.348
11:44:11,3.3529
11:44:12,3.3541
11:44:13,3.3504
11:44:14,3.3541
11:44:15,3.3541
11:44:16,3.3565
11:44:17,3.3553
11:44:18,3.3565
11:44:19,3.3516
11:44:20,3.3516
11:44:21,3.3516
11:44:22,3.3553
11:44:23,3.3529
11:44:24,3.3541
11:44:25,3.3504
11:44:26,3.3553
11:44:27,3.3541
11:44:28,3.3541
11:44:30,3.3553
11:44:31,3.3541
11:44:32,3.3516
11:44:33,3.3529
11:44:34,3.3553
11:44:35,3.3553
11:44:36,3.3565
11:44:37,3.359
11:44:38,3.3516
11:44:39,3.3602
11:44:40,3.3553
11:44:41,3.3578
11:44:42,3.3529
11:44:43,3.3529
11:44:44,3.3553
11:44:45,3.3553
11:44:46,3.3565
11:44:47,3.3565
11:44:48,3.3541
11:44:49,3.3541
11:44:50,3.3565
11:44:51,3.3516
11:44:52,3.3553
11:44:53,3.3541
11:44:54,3.3541
11:44:55,3.3553
11:44:56,3.3516
11:44:57,3.3529
11:44:58,3.3504
11:44:59,3.3516
11:45:00,3.3516
11:45:01,3.3541
11:45:02,3.3516
11:45:03,3.3516
11:45:04,3.3529
11:45:05,3.3504
11:45:06,3.3504
11:45:07,3.3529
11:45:08,3.3541
11:45:09,3.3492
11:45:10,3.3529
11:45:11,3.348
11:45:12,3.3455
11:45:13,3.3504
11:45:14,3.348
11:45:15,3.348
11:45:16,3.3492
11:45:17,3.3516
11:45:18,3.348
11:45:19,3.3492
11:45:20,3.3504
11:45:21,3.3492
11:45:22,3.3468
11:45:23,3.348
11:45:24,3.3492
11:45:25,3.3504
11:45:26,3.3443
11:45:27,3.3455
11:45:28,3.3455
11:45:29,3.3504
11:45:30,3.3455
11:45:31,3.348
11:45:33,3.3443
11:45:34,3.3468
11:45:35,3.3468
11:45:36,3.3492
11:45:37,3.3455
11:45:38,3.348
11:45:39,3.3431
11:45:40,3.3455
11:45:41,3.3468
11:45:42,3.348
11:45:43,3.3455
11:45:44,3.3455
11:45:45,3.3455
11:45:46,3.3468
11:45:47,3.3492
11:45:48,3.3443
11:45:49,3.348
11:45:50,3.348
11:45:51,3.3468
11:45:52,3.3443
11:45:53,3.3455
11:45:54,3.3443
11:45:55,3.3431
11:45:56,3.3443
11:45:57,3.3468
11:45:58,3.348
11:45:59,3.3468
11:46:00,3.348
11:46:01,3.3455
11:46:02,3.348
11:46:03,3.3455
11:46:04,3.3492
11:46:05,3.3468
11:46:06,3.3455
11:46:07,3.3468
11:46:08,3.3492
11:46:09,3.3455
11:46:10,3.3455
11:46:11,3.3492
11:46:12,3.3443
11:46:13,3.3492
11:46:14,3.3443
11:46:15,3.3455
11:46:16,3.3431
11:46:17,3.3443
11:46:18,3.3419
11:46:19,3.3443
11:46:20,3.3455
11:46:21,3.3455
11:46:22,3.3455
11:46:23,3.3443
11:46:24,3.3455
11:46:25,3.3431
11:46:26,3.3443
11:46:27,3.3394
11:46:28,3.3431
11:46:29,3.3407
11:46:30,3.3382
11:46:31,3.3382
11:46:32,3.3394
11:46:33,3.3407
11:46:34,3.337
11:46:36,3.337
11:46:37,3.3358
11:46:38,3.3394
11:46:39,3.3394
11:46:40,3.3407
11:46:41,3.3358
11:46:42,3.337
11:46:43,3.3394
11:46:44,3.337
11:46:45,3.337
11:46:46,3.3358
11:46:47,3.3358
11:46:48,3.3297
11:46:49,3.337
11:46:50,3.3333
11:46:51,3.337
11:46:52,3.3346
11:46:53,3.3382
11:46:54,3.3358
11:46:55,3.3358
11:46:56,3.3333
11:46:57,3.3382
11:46:58,3.3346
11:46:59,3.3358
11:47:00,3.3333
11:47:01,3.3358
11:47:02,3.3321
11:47:03,3.3346
11:47:04,3.3321
11:47:05,3.3358
11:47:06,3.3309
11:47:07,3.3358
11:47:08,3.3346
11:47:09,3.3346
11:47:10,3.3309
11:47:11,3.3346
11:47:12,3.3309
11:47:13,3.3321
11:47:14,3.3297
11:47:15,3.3309
11:47:16,3.3309
11:47:17,3.3297
11:47:18,3.3309
11:47:19,3.3248
11:47:20,3.3321
11:47:21,3.3309
11:47:22,3.3333
11:47:23,3.3272
11:47:24,3.3333
11:47:25,3.3321
11:47:26,3.3297
11:47:27,3.3309
11:47:28,3.3309
11:47:29,3.3284
11:47:30,3.3309
11:47:31,3.3309
11:47:32,3.326
11:47:33,3.3284
11:47:34,3.3309
11:47:35,3.3321
11:47:36,3.3321
11:47:37,3.3321
11:47:39,3.3321
11:47:40,3.3346
11:47:41,3.3321
11:47:42,3.3297
11:47:43,3.3321
11:47:44,3.3321
11:47:45,3.3346
11:47:46,3.3333
11:47:47,3.3309
11:47:48,3.3309
11:47:49,3.3333
11:47:50,3.3309
11:47:51,3.3321
11:47:52,3.3333
11:47:53,2.9915
11:47:54,3.337
11:47:55,3.3394
11:47:56,3.3455
11:47:57,3.3516
11:47:58,3.359
11:47:59,2.8181
11:48:00,2.7937
11:48:01,3.3724
11:48:02,0.1172
11:48:03,1.9353
11:48:04,2.1905
11:48:05,0.7473
11:48:06,0.0
11:48:07,0.8071
11:48:08,2.1954
11:48:09,2.2027
11:48:10,0.0
11:48:11,0.0
11:48:12,2.1954
11:48:13,2.1978
11:48:14,0.0
11:48:15,0.0
11:48:16,2.1941
11:48:17,2.1319
11:48:18,0.0
11:48:19,0.0
11:48:20,2.1954
11:48:21,2.2002
11:48:22,0.0
11:48:23,0.0
11:48:24,2.1917
11:48:25,2.1978
11:48:26,0.5336
11:48:27,0.0
11:48:28,1.2295
11:48:29,2.1954
11:48:30,1.1978
11:48:31,0.0
11:48:32,0.0672
11:48:33,2.1954
11:48:34,2.2015
11:48:35,0.0
11:48:36,0.0
11:48:37,2.1941
11:48:38,0.9341
11:48:39,0.0
11:48:40,1.2186
11:48:42,2.1917
11:48:43,1.3639
11:48:44,0.0
11:48:45,0.9463
11:48:46,2.1978
11:48:47,1.0354
11:48:48,0.0
11:48:49,1.2479
11:48:50,2.1966
11:48:51,1.6532
11:48:52,0.0
11:48:53,0.0
11:48:54,2.1893
11:48:55,2.1856
11:48:56,0.0916
11:48:57,0.0
11:48:58,1.2076
11:48:59,2.1941
11:49:00,2.1844
11:49:01,0.0
11:49:02,0.0
11:49:03,1.2137
11:49:04,2.1954
11:49:05,1.9023
11:49:06,0.0
11:49:07,0.0
11:49:08,2.1941
11:49:09,2.0708
11:49:10,0.0
11:49:11,0.0
11:49:12,2.1941
11:49:13,2.1978
11:49:14,0.0
11:49:15,0.0
11:49:16,2.1905
11:49:17,2.1856
11:49:18,0.0
11:49:19,0.0
11:49:20,2.0586
11:49:21,2.1905
11:49:22,0.8657
11:49:23,0.0
11:49:24,0.8999
11:49:25,2.1905
11:49:26,1.1819
11:49:27,0.0
11:49:28,0.0
11:49:29,2.1941
11:49:30,2.2027
11:49:31,0.0
11:49:32,0.0
11:49:33,1.8291
11:49:34,2.188
11:49:35,1.1551
11:49:36,0.0
11:49:37,0.0
11:49:38,2.1941
11:49:39,2.2039
11:49:40,0.0
11:49:41,0.0
11:49:42,2.1978
11:49:43,2.1905
11:49:45,2.1905
11:49:46,1.2857
11:49:47,0.0
11:49:48,0.0
11:49:49,2.1929
11:49:50,2.188
11:49:51,0.0
11:49:52,0.0
11:49:53,2.1954
11:49:54,2.1832
11:49:55,1.7741
11:49:56,0.0
11:49:57,1.0842
11:49:58,2.1978
11:49:59,2.1722
11:50:00,0.0
11:50:01,0.0
11:50:02,2.1941
11:50:03,2.1954
11:50:04,0.2308
11:50:05,0.0
11:50:06,0.8535
11:50:07,2.1941
11:50:08,2.1978
11:50:09,0.0
11:50:10,0.0
11:50:11,2.1966
11:50:12,2.1954
11:50:13,0.3236
11:50:14,0.0
11:50:15,1.1343
11:50:16,2.1929
11:50:17,1.9744
11:50:18,0.0
11:50:19,0.0
11:50:20,2.1526
11:50:21,2.1954
11:50:22,0.5116
11:50:23,0.0
11:50:24,1.1465
11:50:25,2.1966
11:50:26,1.9243
11:50:27,0.0
11:50:28,0.0
11:50:29,2.1941
11:50:30,2.1954
11:50:31,0.0
11:50:32,0.0
11:50:33,2.1954
11:50:34,2.1954
11:50:35,0.0
11:50:36,0.0
11:50:37,1.9817
11:50:38,2.1819
11:50:39,1.1026
11:50:40,0.0
11:50:41,0.9731
11:50:42,2.1929
11:50:43,0.5763
11:50:44,0.0
11:50:45,1.1148
11:50:46,2.1917
11:50:48,1.8156
11:50:49,0.0
11:50:50,0.0
11:50:51,2.1941
11:50:52,2.1941
11:50:53,0.0024
11:50:54,0.0
11:50:55,2.1856
11:50:56,2.1941
11:50:57,2.1954
11:50:58,0.0
11:50:59,0.0
11:51:00,2.1941
11:51:01,2.188
11:51:02,0.7106
11:51:03,0.0
11:51:04,0.4298
11:51:05,2.1954
11:51:06,2.199
11:51:07,0.0
11:51:08,0.0
11:51:09,2.1929
11:51:10,2.1929
11:51:11,0.8071
11:51:12,0.0
11:51:13,0.4347
11:51:14,2.1954
11:51:15,1.801
11:51:16,0.0
11:51:17,0.0
11:51:18,2.1978
11:51:19,2.1954
11:51:20,0.0
11:51:21,0.0
11:51:22,2.188
11:51:23,2.1978
11:51:24,0.5714
11:51:25,0.0
11:51:26,1.0232
11:51:27,2.1966
11:51:28,1.0073
11:51:29,0.0
11:51:30,1.0867
11:51:31,2.1941
11:51:32,1.9756
11:51:33,0.0
11:51:34,0.0
11:51:35,2.1905
11:51:36,2.1917
11:51:37,0.0
11:51:38,0.0
11:51:39,1.5873
11:51:40,2.1929
11:51:41,1.5385
11:51:42,0.0
11:51:43,0.6618
11:51:44,2.199
11:51:45,1.2369
11:51:46,0.0
11:51:47,0.0
11:51:48,2.1941
11:51:50,2.1966
11:51:51,0.2137
11:51:52,0.0
11:51:53,0.9121
11:51:54,2.1954
11:51:55,2.1954
11:51:56,0.0
11:51:57,0.0
11:51:58,2.1929
11:51:59,2.188
11:52:00,0.823
11:52:01,0.0
11:52:02,0.0
11:52:03,0.3773
11:52:04,2.1929
11:52:05,2.1941
11:52:06,0.0
11:52:07,0.0
11:52:08,1.7643
11:52:09,2.1905
11:52:10,1.5629
11:52:11,0.0
11:52:12,0.0
11:52:13,2.1929
11:52:14,2.1929
11:52:15,0.6593
11:52:16,0.0
11:52:17,0.3236
11:52:18,2.1941
11:52:19,1.7192
11:52:20,0.0
11:52:21,0.0
11:52:22,2.1929
11:52:23,2.1893
11:52:24,0.2295
11:52:25,0.0
11:52:26,2.1722
11:52:27,2.1929
11:52:28,0.0
11:52:29,0.0
11:52:30,1.8962
11:52:31,2.1929
11:52:32,0.2552
11:52:33,0.0
11:52:34,1.6654
11:52:35,0.0
11:52:36,2.1917
11:52:37,2.1868
11:52:38,0.0
11:52:39,0.0
11:52:40,2.1954
11:52:41,2.1893
11:52:42,0.2808
11:52:43,0.0
11:52:44,1.1197
11:52:45,2.1941
11:52:46,1.7912
11:52:47,0.0
11:52:48,0.0
11:52:49,2.1929
11:52:50,2.1954
11:52:52,0.442
11:52:53,0.0
11:52:54,0.1709
11:52:55,2.1954
11:52:56,2.1954
11:52:57,0.5995
11:52:58,0.0
11:52:59,0.3883
11:53:00,2.1905
11:53:01,2.188
11:53:02,0.4567
11:53:03,0.0
11:53:04,1.6862
11:53:05,2.1917
11:53:06,2.1905
11:53:07,0.3297
11:53:08,0.0
11:53:09,0.0
11:53:10,2.1929
11:53:11,2.1978
11:53:12,0.0244
11:53:13,0.0
11:53:14,0.4762
11:53:15,2.1941
11:53:16,2.1917
11:53:17,0.4176
11:53:18,0.0
11:53:19,0.0
11:53:20,2.1905
11:53:21,2.1917
11:53:22,0.0
11:53:23,0.0
11:53:24,1.7021
11:53:25,2.1917
11:53:26,2.0635
11:53:27,0.0
11:53:28,0.0
11:53:29,2.1917
11:53:30,2.1954
11:53:31,0.2063
11:53:32,0.0
11:53:33,1.1074
11:53:34,2.1941
11:53:35,2.1905
11:53:36,0.0
11:53:37,0.0
11:53:38,2.0952
11:53:39,2.1893
11:53:40,0.8364
11:53:41,0.0
11:53:42,0.1184
11:53:43,2.1929
11:53:44,2.1929
11:53:45,1.1282
11:53:46,0.0
11:53:47,0.0
11:53:48,2.1917
11:53:49,2.1868
11:53:50,1.7656
11:53:51,0.0
11:53:52,0.0
11:53:53,2.1038
11:53:55,2.1893
11:53:56,1.6569
11:53:57,0.0
11:53:58,0.0
11:53:59,2.1929
11:54:00,2.1917
11:54:01,2.2015
11:54:02,0.0
11:54:03,0.0
11:54:04,2.1832
11:54:05,2.1893
11:54:06,1.8681
11:54:07,0.0
11:54:08,0.0
11:54:09,2.1905
11:54:10,2.1905
11:54:11,0.5983
11:54:12,0.0
11:54:13,1.2015
11:54:14,2.1929
11:54:15,1.7973
11:54:16,0.0
11:54:17,0.0
11:54:18,2.1941
11:54:19,2.1954
11:54:20,0.4335
11:54:21,0.0
11:54:22,0.6752
11:54:23,2.1941
11:54:24,1.5788
11:54:25,0.0
11:54:26,0.0
11:54:27,2.1941
11:54:28,2.1978
11:54:29,0.0
11:54:30,0.0
11:54:31,2.1941
11:54:32,2.1905
11:54:33,0.0
11:54:34,0.0
11:54:35,2.1673
11:54:36,2.1929
11:54:37,0.768
11:54:38,0.0
11:54:39,0.9499
11:54:40,2.1893
11:54:41,1.6105
11:54:42,0.0
11:54:43,0.42
11:54:44,2.1929
11:54:45,2.127
11:54:46,0.0
11:54:47,0.0
11:54:48,2.1893
11:54:49,2.1966
11:54:50,0.0
11:54:51,0.0
11:54:52,2.1783
11:54:53,2.188
11:54:54,0.0818
11:54:55,0.0
11:54:56,0.9121
11:54:58,2.1941
11:54:59,1.5067
11:55:00,0.0
11:55:01,0.0122
11:55:02,2.1917
11:55:03,2.1917
11:55:04,0.0379
11:55:05,0.0
11:55:06,0.0
11:55:07,2.1917
11:55:08,2.1929
11:55:09,0.0
11:55:10,0.0
11:55:11,0.2918
11:55:12,2.1954
11:55:13,2.1954
11:55:14,0.1783
11:55:15,0.0
11:55:16,1.0024
11:55:17,2.1917
11:55:18,1.4969
11:55:19,0.0
11:55:20,0.7033
11:55:21,2.1941
11:55:22,1.6422
11:55:23,0.0
11:55:24,0.0024
11:55:25,2.1917
11:55:26,2.1929
11:55:27,0.0
11:55:28,0.0
11:55:29,1.3284
11:55:30,2.1905
11:55:31,2.1917
11:55:32,0.0
11:55:33,0.0
11:55:34,2.1929
11:55:35,2.1966
11:55:36,0.0
11:55:37,0.0
11:55:38,2.1807
11:55:39,2.1905
11:55:40,0.0
11:55:41,0.0
11:55:42,1.6093
11:55:43,2.1917
11:55:44,2.1941
11:55:45,0.0
11:55:46,0.0
11:55:47,1.7558
11:55:48,2.1929
11:55:49,1.0415
11:55:50,0.0
11:55:51,0.0183
11:55:52,2.1905
11:55:53,2.1941
11:55:54,0.5324
11:55:55,0.0
11:55:56,0.2381
11:55:57,2.1905
11:55:58,2.1978
11:56:00,0.0
11:56:01,0.0
11:56:02,0.1197
11:56:03,2.1966
11:56:04,2.1893
11:56:05,0.0
11:56:06,0.0
11:56:07,2.1954
11:56:08,1.8657
11:56:09,0.0
11:56:10,0.0
11:56:11,2.1905
11:56:12,2.188
11:56:13,0.0
11:56:14,0.1441
11:56:15,2.1929
11:56:16,1.9365
11:56:17,0.0
11:56:18,0.707
11:56:19,2.1954
11:56:20,2.1978
11:56:21,0.0
11:56:22,0.0
11:56:23,2.1917
11:56:24,2.1832
11:56:25,0.0
11:56:26,0.0
11:56:27,1.1087
11:56:28,2.1893
11:56:29,1.7692
11:56:30,0.0
11:56:31,0.0
11:56:32,2.1917
11:56:33,2.1868
11:56:34,0.6581
11:56:35,0.0
11:56:36,0.0
11:56:37,2.1893
11:56:38,2.1893
11:56:39,0.0537
11:56:40,0.0
11:56:41,1.3162
11:56:42,2.1905
11:56:43,1.5189
11:56:44,0.0
11:56:45,0.0
11:56:46,0.0
11:56:47,1.7802
11:56:48,2.1929
11:56:49,2.1905
11:56:50,0.7582
11:56:51,0.0
11:56:52,0.0
11:56:53,0.7216
11:56:54,2.1905
11:56:55,2.1404
11:56:56,0.0
11:56:57,0.0
11:56:58,2.1905
11:56:59,2.1893
11:57:00,0.0354
11:57:02,0.0
11:57:03,0.5006
11:57:04,2.1905
11:57:05,2.188
11:57:06,0.0
11:57:07,0.0
11:57:08,0.8205
11:57:09,0.5946
11:57:10,2.1905
11:57:11,2.188
11:57:12,1.6911
11:57:13,0.0
11:57:14,0.0
11:57:15,1.1514
11:57:16,2.1941
11:57:17,2.1893
11:57:18,0.7424
11:57:19,0.0
11:57:20,0.0
11:57:21,2.0952
11:57:22,2.1917
11:57:23,2.199
11:57:24,0.1819
11:57:25,0.0
11:57:26,0.0
11:57:27,2.1929
11:57:28,2.1929
11:57:29,2.1917
11:57:30,0.0
11:57:31,0.0
11:57:32,0.0
11:57:33,2.177
11:57:34,2.1941
11:57:35,2.1941
11:57:36,0.8266
11:57:37,0.0
11:57:38,0.0
11:57:39,2.1502
11:57:40,2.1941
11:57:41,1.619
11:57:42,0.0
11:57:43,0.0
11:57:44,0.0
11:57:45,0.8779
11:57:46,2.1954
11:57:47,2.1917
11:57:48,0.5189
11:57:49,0.0
11:57:50,0.0
11:57:51,1.1294
11:57:52,2.1917
11:57:53,2.1954
11:57:54,0.0
11:57:55,0.0
11:57:56,0.0293
11:57:57,2.1917
11:57:58,2.1954
11:57:59,1.1673
11:58:00,0.0
11:58:01,0.0
11:58:02,2.1917
11:58:03,2.1929
11:58:05,0.9487
11:58:06,0.0
11:58:07,0.0
11:58:08,1.2674
11:58:09,2.1929
11:58:10,2.188
11:58:11,0.652
11:58:12,0.0
11:58:13,0.0
11:58:14,2.1893
11:58:15,2.1807
11:58:16,1.4786
11:58:17,0.0
11:58:18,0.0
11:58:19,0.0
11:58:20,0.6532
11:58:21,2.1917
11:58:22,2.1917
11:58:23,0.0024
11:58:24,0.0
11:58:25,0.0
11:58:26,2.1905
11:58:27,2.1868
11:58:28,1.685
11:58:29,0.0
11:58:30,0.0
11:58:31,2.1453
11:58:32,2.1941
11:58:33,2.1966
11:58:34,0.0
11:58:35,0.0
11:58:36,0.0
11:58:37,2.1429
11:58:38,2.1929
11:58:39,2.0085
11:58:40,0.0
11:58:41,0.0
11:58:42,1.1832
11:58:43,2.1917
11:58:44,2.1941
11:58:45,0.8681
11:58:46,0.0
11:58:47,0.0
11:58:48,2.1905
11:58:49,2.1893
11:58:50,1.8755
11:58:51,1.9805
11:58:52,0.0
11:58:53,0.0
11:58:54,2.1929
11:58:55,2.1905
11:58:56,0.9634
11:58:57,0.0
11:58:58,0.0
11:58:59,2.1758
11:59:00,2.1905
11:59:01,1.4896
11:59:02,0.0
11:59:03,0.1148
11:59:04,2.1929
11:59:05,2.1954
11:59:06,0.0
11:59:08,0.0
11:59:09,1.199
11:59:10,2.1905
11:59:11,2.0769
11:59:12,0.0
11:59:13,0.0611
11:59:14,2.1917
11:59:15,2.1893
11:59:16,0.0
11:59:17,0.0
11:59:18,2.1526
11:59:19,2.188
11:59:20,1.8938
11:59:21,0.0
11:59:22,0.0
11:59:23,2.188
11:59:24,2.1844
11:59:25,0.0
11:59:26,0.0
11:59:27,2.1917
11:59:28,2.1929
11:59:29,0.0
11:59:30,0.0
11:59:31,0.315
11:59:32,0.0
11:59:33,0.6593
11:59:34,2.188
11:59:35,1.3187
11:59:36,0.0
11:59:37,1.3028
11:59:38,2.1832
11:59:39,0.9451
11:59:40,0.0
11:59:41,1.138
11:59:42,2.1905
11:59:43,1.6581
11:59:44,0.0
11:59:45,0.0
11:59:46,2.1905
11:59:47,2.1978
11:59:48,0.0
11:59:49,0.0
11:59:50,1.4603
11:59:51,2.1917
11:59:52,1.8962
11:59:53,0.0
11:59:54,0.0
11:59:55,2.1905
11:59:56,2.1954
11:59:57,0.0
11:59:58,0.0
11:59:59,2.1917
12:00:00,2.1929
12:00:01,0.0
12:00:02,0.0
12:00:03,2.1917
12:00:04,2.1978
12:00:05,0.0
12:00:06,0.7949
12:00:07,2.1917
12:00:08,2.1966
12:00:10,0.0
12:00:11,0.0
12:00:12,2.1978
12:00:13,2.188
12:00:14,0.0
12:00:15,0.0
12:00:16,2.1868
12:00:17,2.1893
12:00:18,0.4335
12:00:19,0.0
12:00:20,0.0
12:00:21,2.1819
12:00:22,2.1795
12:00:23,0.9048
12:00:24,0.0
12:00:25,0.7741
12:00:26,2.1905
12:00:27,1.5128
12:00:28,0.0
12:00:29,0.0
12:00:30,2.1929
12:00:31,2.1929
12:00:32,0.0
12:00:33,0.0
12:00:34,0.0
12:00:35,2.1929
12:00:36,2.1893
12:00:37,0.0
12:00:38,0.0
12:00:39,2.1929
12:00:40,2.1941
12:00:41,0.0
12:00:42,0.0
12:00:43,2.1917
12:00:44,2.1905
12:00:45,0.0
12:00:46,0.0
12:00:47,2.1917
12:00:48,1.3639
12:00:49,0.0
12:00:50,0.602
12:00:51,2.1868
12:00:52,1.2063
12:00:53,0.0
12:00:54,1.0024
12:00:55,2.1795
12:00:56,0.0
12:00:57,0.0
12:00:58,2.188
12:00:59,2.1929
12:01:00,0.0
12:01:01,0.0
12:01:02,2.188
12:01:03,2.1978
12:01:04,0.0
12:01:05,0.0
12:01:06,2.1917
12:01:07,2.1832
12:01:08,0.0
12:01:09,0.0
12:01:10,2.1917
12:01:12,2.188
12:01:13,0.6691
12:01:14,0.0
12:01:15,1.602
12:01:16,2.1905
12:01:17,0.4591
12:01:18,0.0
12:01:19,1.3675
12:01:20,2.1917
12:01:21,0.7253
12:01:22,0.0
12:01:23,0.7485
12:01:24,2.1929
12:01:25,1.9585
12:01:26,0.0
12:01:27,0.2759
12:01:28,2.1929
12:01:29,2.1819
12:01:30,0.1978
12:01:31,0.0
12:01:32,2.0659
12:01:33,0.0
12:01:34,0.0
12:01:35,2.1905
12:01:36,2.1856
12:01:37,0.0
12:01:38,0.3004
12:01:39,2.1893
12:01:40,1.1441
12:01:41,0.0
12:01:42,1.9805
12:01:43,2.1819
12:01:44,0.0
12:01:45,0.0
12:01:46,2.1905
12:01:47,1.6178
12:01:48,0.0
12:01:49,1.2711
12:01:50,2.1905
12:01:51,0.0
12:01:52,0.0
12:01:53,2.188
12:01:54,2.1929
12:01:55,0.0
12:01:56,0.0
12:01:57,2.1893
12:01:58,1.5409
12:01:59,0.0
12:02:00,2.0501
12:02:01,2.1917
12:02:02,0.0
12:02:03,0.0
12:02:04,2.1905
12:02:05,2.1893
12:02:06,0.0
12:02:07,0.0
12:02:08,2.1893
12:02:09,2.033
12:02:10,0.0
12:02:11,0.9182
12:02:13,2.1929
12:02:14,1.0879
12:02:15,2.1954
12:02:16,0.0
12:02:17,0.0
12:02:18,2.1832
12:02:19,2.1868
12:02:20,0.0
12:02:21,0.0
12:02:22,0.4701
12:02:23,2.1905
12:02:24,1.9621
12:02:25,0.0
12:02:26,1.0195
12:02:27,2.188
12:02:28,2.1941
12:02:29,0.0
12:02:30,0.0513
12:02:31,2.1905
12:02:32,2.2002
12:02:33,0.0
12:02:34,0.0
12:02:35,2.1905
12:02:36,2.1893
12:02:37,0.0
12:02:38,0.0
12:02:39,1.9951
12:02:40,2.177
12:02:41,0.8083
12:02:42,0.0
12:02:43,1.3712
12:02:44,2.188
12:02:45,2.1734
12:02:46,0.0
12:02:47,0.0
12:02:48,0.2759
12:02:49,2.1905
12:02:50,2.1929
12:02:51,0.0
12:02:52,0.6447
12:02:53,2.1905
12:02:54,2.1893
12:02:55,1.3358
12:02:56,0.0
12:02:57,0.0
12:02:58,1.9512
12:02:59,2.1941
12:03:00,2.1245
12:03:01,0.0
12:03:02,0.0
12:03:03,0.6532
12:03:04,2.1929
12:03:05,2.188
12:03:06,0.84
12:03:07,0.0
12:03:08,0.0
12:03:09,1.8828
12:03:10,2.188
12:03:11,1.7534
12:03:12,0.0
12:03:14,0.0
12:03:15,1.6105
12:03:16,2.1917
12:03:17,1.9792
12:03:18,0.0
12:03:19,0.0
12:03:20,2.1844
12:03:21,2.1868
12:03:22,1.4322
12:03:23,0.0
12:03:24,0.0
12:03:25,0.3187
12:03:26,2.188
12:03:27,2.1856
12:03:28,1.6276
12:03:29,0.0
12:03:30,0.0
12:03:31,2.1136
12:03:32,2.1929
12:03:33,2.1905
12:03:34,0.1526
12:03:35,0.0
12:03:36,0.0
12:03:37,2.1819
12:03:38,2.188
12:03:39,2.1465
12:03:40,0.0
12:03:41,0.0
12:03:42,0.8803
12:03:43,2.1893
12:03:44,2.188
12:03:45,1.0904
12:03:46,0.0
12:03:47,0.0
12:03:48,2.1844
12:03:49,2.188
12:03:50,1.7961
12:03:51,0.0
12:03:52,0.0
12:03:53,0.8046
12:03:54,2.1905
12:03:55,2.1905
12:03:56,2.1917
12:03:57,0.0061
12:03:58,0.0
12:03:59,0.0
12:04:00,2.1905
12:04:01,2.1905
12:04:02,1.558
12:04:03,0.0
12:04:04,0.0
12:04:05,0.8242
12:04:06,2.1929
12:04:07,2.1893
12:04:08,1.0452
12:04:09,0.0
12:04:10,0.0
12:04:11,1.7998
12:04:12,2.188
12:04:13,1.7729
12:04:14,0.0
12:04:15,0.0
12:04:17,1.7998
12:04:18,2.1868
12:04:19,1.5543
12:04:20,0.0
12:04:21,0.0
12:04:22,1.9646
12:04:23,2.188
12:04:24,1.7485
12:04:25,0.0
12:04:26,0.0
12:04:27,2.1905
12:04:28,2.1783
12:04:29,1.6252
12:04:30,0.0
12:04:31,0.0
12:04:32,1.5409
12:04:33,2.1917
12:04:34,2.1905
12:04:35,0.8364
12:04:36,0.0
12:04:37,0.0
12:04:38,1.7741
12:04:39,2.1893
12:04:40,2.188
12:04:41,0.0122
12:04:42,0.0
12:04:43,0.0
12:04:44,1.8962
12:04:45,2.1893
12:04:46,2.177
12:04:47,0.0293
12:04:48,0.0
12:04:49,0.0
12:04:50,2.1929
12:04:51,2.1795
12:04:52,1.9121
12:04:53,0.0
12:04:54,0.0
12:04:55,0.8523
12:04:56,2.1905
12:04:57,2.1929
12:04:58,0.0403
12:04:59,0.0
12:05:00,0.0
12:05:01,1.6422
12:05:02,2.1905
12:05:03,2.1893
12:05:04,0.0
12:05:05,0.0
12:05:06,0.105
12:05:07,2.1905
12:05:08,2.1856
12:05:09,2.0366
12:05:10,0.3004
12:05:11,0.0
12:05:12,0.0
12:05:13,1.9487
12:05:14,2.1917
12:05:15,2.188
12:05:16,0.0171
12:05:17,0.0
12:05:19,0.0
12:05:20,0.3956
12:05:21,2.1929
12:05:22,2.188
12:05:23,1.1795
12:05:24,0.0
12:05:25,0.0
12:05:26,0.0
12:05:27,0.0
12:05:28,0.0
12:05:29,0.2369
12:05:30,1.7021
12:05:31,2.188
12:05:32,2.1929
12:05:33,2.1844
12:05:34,2.1893
12:05:35,1.7924
12:05:36,0.0
12:05:37,0.0
12:05:38,0.0
12:05:39,0.0
12:05:40,0.0
12:05:41,0.1856
12:05:42,1.8315
12:05:43,2.1893
12:05:44,2.188
12:05:45,2.1746
12:05:46,2.0244
12:05:47,0.7741
12:05:48,0.0049
12:05:49,0.0
12:05:50,0.0
12:05:51,0.0
12:05:52,1.5116
12:05:53,2.1905
12:05:54,2.188
12:05:55,1.6972
12:05:56,0.0
12:05:57,0.0
12:05:58,0.0
12:05:59,2.1893
12:06:00,2.1856
12:06:01,2.188
12:06:02,0.0342
12:06:03,0.0
12:06:04,0.0
12:06:05,1.917
12:06:06,2.1868
12:06:07,2.1905
12:06:08,0.7863
12:06:09,2.1795
12:06:10,2.1929
12:06:11,0.7827
12:06:12,0.0
12:06:13,0.0
12:06:14,0.0
12:06:15,2.177
12:06:16,2.1905
12:06:17,2.1551
12:06:19,0.0
12:06:20,0.0
12:06:21,0.4811
12:06:22,2.1917
12:06:23,2.188
12:06:24,0.0
12:06:25,0.0
12:06:26,1.6886
12:06:27,2.1844
12:06:28,1.5629
12:06:29,0.0
12:06:30,0.0
12:06:31,2.188
12:06:32,2.188
12:06:33,0.5763
12:06:34,0.0
12:06:35,0.0
12:06:36,2.1917
12:06:37,2.188
12:06:38,1.0855
12:06:39,0.0
12:06:40,0.0
12:06:41,2.1905
12:06:42,2.188
12:06:43,0.0
12:06:44,0.0
12:06:45,0.0
12:06:46,2.1905
12:06:47,2.1783
12:06:48,1.4762
12:06:49,0.0
12:06:50,0.0
12:06:51,2.1868
12:06:52,2.1893
12:06:53,2.1905
12:06:54,0.2295
12:06:55,0.0
12:06:56,0.1233
12:06:57,2.188
12:06:58,2.1893
12:06:59,0.8694
12:07:00,0.0
12:07:01,0.0073
12:07:02,2.188
12:07:03,2.1917
12:07:04,0.0415
12:07:05,0.0
12:07:06,0.6496
12:07:07,2.1929
12:07:08,2.1856
12:07:09,0.0
12:07:10,0.0
12:07:11,2.1807
12:07:12,2.1758
12:07:13,1.547
12:07:14,0.0
12:07:15,0.0
12:07:16,2.188
12:07:17,2.1905
12:07:18,0.0794
12:07:19,0.0
12:07:20,1.5153
12:07:22,2.1917
12:07:23,1.5177
12:07:24,0.0
12:07:25,0.0
12:07:26,1.2271
12:07:27,2.1905
12:07:28,2.188
12:07:29,1.0427
12:07:30,0.0
12:07:31,0.0
12:07:32,1.0379
12:07:33,2.188
12:07:34,2.1832
12:07:35,0.7399
12:07:36,0.0
12:07:37,0.0
12:07:38,2.1905
12:07:39,2.1929
12:07:40,2.0354
12:07:41,0.0
12:07:42,0.0
12:07:43,0.0
12:07:44,2.188
12:07:45,2.1807
12:07:46,1.8168
12:07:47,0.0611
12:07:48,0.0
12:07:49,0.0305
12:07:50,2.1905
12:07:51,2.1844
12:07:52,1.3321
12:07:53,0.0
12:07:54,0.0
12:07:55,2.1929
12:07:56,2.188
12:07:57,1.5287
12:07:58,0.0
12:07:59,0.0
12:08:00,2.1905
12:08:01,2.1893
12:08:02,1.1258
12:08:03,0.0
12:08:04,0.0
12:08:05,1.8852
12:08:06,2.1856
12:08:07,1.602
12:08:08,0.0
12:08:09,0.0
12:08:10,2.1197
12:08:11,2.1856
12:08:12,2.0549
12:08:13,0.0
12:08:14,0.0
12:08:15,2.2357
12:08:16,2.2369
12:08:17,0.9487
12:08:18,0.0
12:08:19,0.0
12:08:20,2.2418
12:08:21,2.2454
12:08:22,0.6691
12:08:24,0.0
12:08:25,0.2418
12:08:26,2.2405
12:08:27,2.2308
12:08:28,2.2393
12:08:29,2.2503
12:08:30,0.0
12:08:31,0.0
12:08:32,1.0061
12:08:33,2.2381
12:08:34,2.2442
12:08:35,0.0
12:08:36,0.0
12:08:37,0.5958
12:08:38,2.2369
12:08:39,2.232
12:08:40,0.6691
12:08:41,0.0
12:08:42,0.0
12:08:43,2.1624
12:08:44,2.2357
12:08:45,2.2357
12:08:46,0.2295
12:08:47,0.0
12:08:48,0.2625
12:08:49,2.2295
12:08:50,2.2344
12:08:51,1.5092
12:08:52,0.0
12:08:53,0.0
12:08:54,1.5983
12:08:55,2.2369
12:08:56,2.1258
12:08:57,0.0
12:08:58,0.0
12:08:59,1.5531
12:09:00,2.2357
12:09:01,2.2369
12:09:02,0.0
12:09:03,0.0
12:09:04,0.9573
12:09:05,2.2357
12:09:06,2.2344
12:09:07,0.0
12:09:08,0.0
12:09:09,1.956
12:09:10,2.2295
12:09:11,1.6752
12:09:12,0.0
12:09:13,0.0
12:09:14,2.232
12:09:15,2.2295
12:09:16,1.0623
12:09:17,0.0
12:09:18,0.105
12:09:19,2.2357
12:09:20,2.2393
12:09:21,0.0
12:09:22,0.0
12:09:23,2.1954
12:09:24,2.232
12:09:25,1.8266
12:09:27,0.0
12:09:28,0.0
12:09:29,2.2344
12:09:30,2.2271
12:09:31,0.3126
12:09:32,0.0
12:09:33,0.0
12:09:34,2.2344
12:09:35,2.2369
12:09:36,0.0
12:09:37,0.0
12:09:38,1.0525
12:09:39,2.2295
12:09:40,1.326
12:09:41,0.0
12:09:42,0.0
12:09:43,2.2369
12:09:44,2.2344
12:09:45,0.0
12:09:46,0.0
12:09:47,2.1795
12:09:48,2.2344
12:09:49,0.7143
12:09:50,0.0
12:09:51,0.0
12:09:52,2.2332
12:09:53,2.2283
12:09:54,0.6801
12:09:55,0.0
12:09:56,0.0
12:09:57,2.232
12:09:58,2.2332
12:09:59,0.8926
12:10:00,0.0
12:10:01,0.0
12:10:02,2.2295
12:10:03,2.2247
12:10:04,1.5482
12:10:05,0.0
12:10:06,0.0
12:10:07,1.5885
12:10:08,2.232
12:10:09,2.2344
12:10:10,0.0
12:10:11,0.0
12:10:12,2.1294
12:10:13,2.2271
12:10:14,1.823
12:10:15,0.0
12:10:16,0.0
12:10:17,2.2222
12:10:18,2.2308
12:10:19,1.1612
12:10:20,0.0
12:10:21,0.0
12:10:22,2.232
12:10:23,2.2344
12:10:24,0.0
12:10:25,0.0
12:10:26,0.7802
12:10:27,2.232
12:10:29,1.4432
12:10:30,0.0
12:10:31,0.0
12:10:32,2.2295
12:10:33,2.232
12:10:34,0.0
12:10:35,0.0
12:10:36,2.2198
12:10:37,2.2247
12:10:38,1.5006
12:10:39,0.0
12:10:40,0.0
12:10:41,1.989
12:10:42,2.232
12:10:43,2.2271
12:10:44,0.0
12:10:45,0.0
12:10:46,0.1734
12:10:47,2.2344
12:10:48,2.232
12:10:49,1.0049
12:10:50,0.0
12:10:51,0.0
12:10:52,1.6825
12:10:53,2.2308
12:10:54,2.2357
12:10:55,0.0
12:10:56,0.0
12:10:57,1.8254
12:10:58,2.232
12:10:59,1.9695
12:11:00,0.0
12:11:01,0.0
12:11:02,1.8376
12:11:03,2.232
12:11:04,2.2393
12:11:05,0.0
12:11:06,0.0
12:11:07,1.1123
12:11:08,2.2344
12:11:09,2.2381
12:11:10,0.0159
12:11:11,0.0
12:11:12,0.1331
12:11:13,2.2295
12:11:14,2.2344
12:11:15,0.0
12:11:16,0.0
12:11:17,1.6532
12:11:18,2.2344
12:11:19,2.2332
12:11:20,0.4371
12:11:21,0.0
12:11:22,0.0
12:11:23,2.232
12:11:24,2.2332
12:11:25,1.0647
12:11:26,0.0
12:11:27,0.0
12:11:28,1.1758
12:11:29,2.2332
12:11:30,2.2295
12:11:32,1.1563
12:11:33,0.0
12:11:34,0.0
12:11:35,0.6935
12:11:36,2.2283
12:11:37,2.232
12:11:38,2.2418
12:11:39,0.0
12:11:40,0.0
12:11:41,2.232
12:11:42,2.2295
12:11:43,2.2247
12:11:44,0.0
12:11:45,0.0
12:11:46,0.0
12:11:47,2.2259
12:11:48,2.2271
12:11:49,1.7973
12:11:50,0.0
12:11:51,0.0
12:11:52,0.0
12:11:53,0.0
12:11:54,2.2332
12:11:55,2.2308
12:11:56,1.6435
12:11:57,0.0
12:11:58,0.0
12:11:59,2.1868
12:12:00,2.2332
12:12:01,2.2295
12:12:02,0.0
12:12:03,0.0
12:12:04,0.4078
12:12:05,2.2332
12:12:06,2.232
12:12:07,0.0
12:12:08,0.0
12:12:09,1.3651
12:12:10,2.2283
12:12:11,2.2381
12:12:12,0.0
12:12:13,0.0
12:12:14,1.3895
12:12:15,2.2308
12:12:16,1.619
12:12:17,0.0
12:12:18,0.0
12:12:19,1.9206
12:12:20,2.232
12:12:21,2.2357
12:12:22,0.0769
12:12:23,0.0
12:12:24,0.7424
12:12:25,2.2332
12:12:26,2.2308
12:12:27,2.2295
12:12:28,2.2357
12:12:29,0.326
12:12:30,0.0
12:12:31,0.0
12:12:32,0.2857
12:12:34,2.2295
12:12:35,2.2332
12:12:36,2.2295
12:12:37,0.0
12:12:38,0.0
12:12:39,0.0
12:12:40,0.2833
12:12:41,2.2308
12:12:42,2.2271
12:12:43,2.221
12:12:44,0.0195
12:12:45,0.0
12:12:46,0.0
12:12:47,0.0
12:12:48,2.2186
12:12:49,2.2295
12:12:50,2.232
12:12:51,0.6129
12:12:52,0.0
12:12:53,0.0
12:12:54,0.0
12:12:55,2.2308
12:12:56,2.2283
12:12:57,2.2234
12:12:58,0.7082
12:12:59,0.0
12:13:00,0.0
12:13:01,0.0159
12:13:02,2.2295
12:13:03,2.2271
12:13:04,2.2259
12:13:05,0.5067
12:13:06,0.0
12:13:07,0.0
12:13:08,0.5556
12:13:09,2.2295
12:13:10,2.2344
12:13:11,1.7961
12:13:12,0.0
12:13:13,0.0
12:13:14,0.0
12:13:15,1.9756
12:13:16,2.2271
12:13:17,2.2222
12:13:18,2.2344
12:13:19,0.0
12:13:20,0.0
12:13:21,0.0
12:13:22,2.1783
12:13:23,2.2295
12:13:24,2.2247
12:13:25,0.6325
12:13:26,0.0
12:13:27,0.0
12:13:28,0.0
12:13:29,2.2259
12:13:30,2.2259
12:13:31,2.2344
12:13:32,0.4505
12:13:33,0.0
12:13:34,0.0
12:13:36,1.4066
12:13:37,2.2283
12:13:38,2.2283
12:13:39,2.0513
12:13:40,0.0
12:13:41,0.0
12:13:42,0.0208
12:13:43,2.2308
12:13:44,2.2283
12:13:45,1.7448
12:13:46,0.0
12:13:47,0.0
12:13:48,0.0
12:13:49,2.2283
12:13:50,2.2283
12:13:51,2.2393
12:13:52,0.022
12:13:53,0.0
12:13:54,0.0
12:13:55,1.0977
12:13:56,2.2259
12:13:57,2.2259
12:13:58,1.7827
12:13:59,0.0
12:14:00,0.0
12:14:01,0.0
12:14:02,0.8449
12:14:03,2.2308
12:14:04,2.2283
12:14:05,2.2283
12:14:06,0.9756
12:14:07,0.0
12:14:08,0.0
12:14:09,0.0
12:14:10,1.0366
12:14:11,2.2271
12:14:12,2.2271
12:14:13,2.2344
12:14:14,0.0
12:14:15,0.0
12:14:16,0.3297
12:14:17,2.2271
12:14:18,2.2247
12:14:19,1.602
12:14:20,0.0
12:14:21,0.0
12:14:22,0.6093
12:14:23,2.2308
12:14:24,2.2076
12:14:25,0.9512
12:14:26,0.0
12:14:27,0.0
12:14:28,1.895
12:14:29,2.2283
12:14:30,2.232
12:14:31,0.5201
12:14:32,0.0
12:14:33,0.0
12:14:34,1.8132
12:14:35,2.2283
12:14:36,2.2344
12:14:37,0.116
12:14:39,0.0
12:14:40,0.0
12:14:41,2.2247
12:14:42,2.232
12:14:43,2.2186
12:14:44,0.0635
12:14:45,0.0
12:14:46,0.0
12:14:47,0.1306
12:14:48,2.2271
12:14:49,2.221
12:14:50,2.2137
12:14:51,0.0
12:14:52,0.0
12:14:53,0.0
12:14:54,2.2283
12:14:55,2.2308
12:14:56,2.2308
12:14:57,0.0
12:14:58,0.0
12:14:59,0.0
12:15:00,0.5873
12:15:01,2.2271
12:15:02,2.2357
12:15:03,1.9902
12:15:04,0.0
12:15:05,0.0
12:15:06,0.0
12:15:07,2.2295
12:15:08,2.2271
12:15:09,2.2259
12:15:10,0.0305
12:15:11,0.0
12:15:12,0.0
12:15:13,0.0904
12:15:14,2.2271
12:15:15,2.2283
12:15:16,2.2369
12:15:17,0.5592
12:15:18,0.0
12:15:19,0.0
12:15:20,0.1111
12:15:21,2.2271
12:15:22,2.2271
12:15:23,1.8095
12:15:24,0.0
12:15:25,0.0
12:15:26,0.0
12:15:27,2.2271
12:15:28,2.2344
12:15:29,1.8107
12:15:30,0.0
12:15:31,0.0
12:15:32,1.8938
12:15:33,2.2259
12:15:34,2.2173
12:15:35,0.5214
12:15:36,0.0
12:15:37,0.0
12:15:38,2.2271
12:15:39,2.2283
12:15:40,1.1148
12:15:42,0.0
12:15:43,0.0
12:15:44,1.1477
12:15:45,2.2308
12:15:46,2.2393
12:15:47,1.4799
12:15:48,0.0
12:15:49,0.0
12:15:50,0.0
12:15:51,2.2271
12:15:52,2.2271
12:15:53,2.2137
12:15:54,0.4371
12:15:55,0.0
12:15:56,0.0
12:15:57,2.2295
12:15:58,2.2247
12:15:59,1.8999
12:16:00,0.0
12:16:01,0.0
12:16:02,0.0
12:16:03,2.2283
12:16:04,2.2271
12:16:05,2.0794
12:16:06,0.0
12:16:07,0.0
12:16:08,1.7411
12:16:09,2.2271
12:16:10,2.2308
12:16:11,2.2332
12:16:12,0.0
12:16:13,0.0
12:16:14,0.0
12:16:15,2.0232
12:16:16,2.2283
12:16:17,2.21
12:16:18,0.0
12:16:19,0.0
12:16:20,0.0
12:16:21,1.7546
12:16:22,2.2295
12:16:23,2.2283
12:16:24,0.3077
12:16:25,0.0
12:16:26,0.0
12:16:27,0.0
12:16:28,2.2259
12:16:29,2.2259
12:16:30,2.2393
12:16:31,0.0
12:16:32,0.0
12:16:33,0.0
12:16:34,1.2869
12:16:35,2.2186
12:16:36,2.2173
12:16:37,1.8376
12:16:38,0.0
12:16:39,0.0
12:16:40,0.0
12:16:41,2.2186
12:16:42,2.221
12:16:43,2.2222
12:16:45,0.3333
12:16:46,0.0
12:16:47,0.0
12:16:48,0.6606
12:16:49,2.2198
12:16:50,2.21
12:16:51,2.1343
12:16:52,0.0
12:16:53,0.0
12:16:54,0.0
12:16:55,1.9072
12:16:56,2.2186
12:16:57,2.2222
12:16:58,0.0
12:16:59,0.0
12:17:00,0.0
12:17:01,0.0
12:17:02,0.7057
12:17:03,2.2198
12:17:04,2.2161
12:17:05,1.812
12:17:06,0.9341
12:17:07,0.0
12:17:08,0.0
12:17:09,0.0
12:17:10,0.0
12:17:11,0.0
12:17:12,0.304
12:17:13,2.0952
12:17:14,2.221
12:17:15,2.2186
12:17:16,2.2234
12:17:17,2.2173
12:17:18,2.2015
12:17:19,2.2222
12:17:20,0.6081
12:17:21,0.0
12:17:22,0.0
12:17:23,0.0
12:17:24,0.0
12:17:25,0.0
12:17:26,0.0464
12:17:27,0.6496
12:17:28,1.8168
12:17:29,2.2173
12:17:30,2.221
12:17:31,2.2234
12:17:32,2.2186
12:17:33,2.2186
12:17:34,2.2198
12:17:35,2.2002
12:17:36,2.2015
12:17:37,2.2271
12:17:38,1.9829
12:17:39,0.7949
12:17:40,0.0
12:17:41,0.0
12:17:43,0.0
12:17:44,1.6923
12:17:45,2.2198
12:17:46,2.2173
12:17:47,2.2125
12:17:48,2.2247
12:17:49,0.9878
12:17:50,0.0
12:17:51,0.0
12:17:52,0.0
12:17:53,2.2125
12:17:54,2.2173
12:17:55,2.21
12:17:56,0.0
12:17:57,0.0
12:17:58,0.6068
12:17:59,2.2198
12:18:00,2.2308
12:18:01,1.4774
12:18:02,0.0
12:18:03,0.0
12:18:04,0.4347
12:18:05,2.2222
12:18:06,2.2173
12:18:07,2.1819
12:18:08,0.0
12:18:09,0.0
12:18:10,0.5726
12:18:11,2.2222
12:18:12,2.2186
12:18:13,2.221
12:18:14,0.42
12:18:15,0.0
12:18:16,0.0
12:18:17,1.243
12:18:18,2.2186
12:18:19,2.2015
12:18:20,0.2601
12:18:21,0.0
12:18:22,0.0
12:18:23,2.1392
12:18:24,2.2173
12:18:25,2.2173
12:18:26,0.1514
12:18:27,0.0
12:18:28,0.0
12:18:29,2.2173
12:18:30,2.2222
12:18:31,2.2271
12:18:32,1.1856
12:18:33,0.0
12:18:34,0.0
12:18:35,0.9536
12:18:36,2.2198
12:18:37,2.2027
12:18:38,2.2186
12:18:39,2.2247
12:18:40,0.6337
12:18:41,0.0
12:18:42,0.0
12:18:43,1.7363
12:18:45,2.221
12:18:46,2.2027
12:18:47,1.7778
12:18:48,0.2198
12:18:49,0.0
12:18:50,0.0
12:18:51,0.0
12:18:52,2.221
12:18:53,2.221
12:18:54,2.2369
12:18:55,0.2503
12:18:56,0.0
12:18:57,0.0
12:18:58,0.0
12:18:59,1.0513
12:19:00,2.2198
12:19:01,2.2222
12:19:02,1.6313
12:19:03,0.0
12:19:04,0.0
12:19:05,0.3883
12:19:06,2.2198
12:19:07,2.2161
12:19:08,1.7033
12:19:09,0.0
12:19:10,0.0
12:19:11,0.0
12:19:12,0.0
12:19:13,0.8462
12:19:14,2.2186
12:19:15,2.2259
12:19:16,1.9328
12:19:17,0.0
12:19:18,0.0
12:19:19,0.0
12:19:20,2.2198
12:19:21,2.2198
12:19:22,2.2051
12:19:23,0.022
12:19:24,0.0
12:19:25,0.0
12:19:26,0.0965
12:19:27,2.2161
12:19:28,2.2198
12:19:29,2.2002
12:19:30,2.2283
12:19:31,1.4212
12:19:32,0.0012
12:19:33,0.0
12:19:34,0.0
12:19:35,0.0
12:19:36,0.0
12:19:37,0.0586
12:19:38,1.4957
12:19:39,1.9158
12:19:40,2.2198
12:19:41,2.2173
12:19:42,2.2271
12:19:43,1.9109
12:19:45,2.2173
12:19:46,2.232
12:19:47,1.4225
12:19:48,0.0
12:19:49,0.0
12:19:50,0.0
12:19:51,0.0
12:19:52,0.9524
12:19:53,2.2173
12:19:54,2.2186
12:19:55,2.221
12:19:56,2.2222
12:19:57,1.3236
12:19:58,0.0
12:19:59,0.0
12:20:00,0.0
12:20:01,0.3614
12:20:02,1.696
12:20:03,2.2186
12:20:04,2.221
12:20:05,2.232
12:20:06,2.2198
12:20:07,0.7314
12:20:08,0.0
12:20:09,0.0
12:20:10,0.0
12:20:11,1.7802
12:20:12,2.2173
12:20:13,2.2149
12:20:14,2.2234
12:20:15,2.2173
12:20:16,2.232
12:20:17,1.21
12:20:18,0.0
12:20:19,0.0
12:20:20,0.0
12:20:21,1.6215
12:20:22,2.2198
12:20:23,2.2002
12:20:24,1.6618
12:20:25,0.0
12:20:26,0.0
12:20:27,0.0
12:20:28,0.1184
12:20:29,1.9243
12:20:30,2.221
12:20:31,2.2247
12:20:32,2.1819
12:20:33,1.2125
12:20:34,0.0
12:20:35,0.0
12:20:36,0.0
12:20:37,0.7241
12:20:38,1.6496
12:20:39,2.2186
12:20:40,2.2063
12:20:41,1.8767
12:20:43,0.0
12:20:44,0.0
12:20:45,0.0
12:20:46,0.199
12:20:47,2.1209
12:20:48,2.2198
12:20:49,2.2027
12:20:50,2.2125
12:20:51,0.4335
12:20:52,0.0
12:20:53,0.0
12:20:54,2.0183
12:20:55,2.2161
12:20:56,2.1734
12:20:57,0.0
12:20:58,0.0
12:20:59,2.1319
12:21:00,2.221
12:21:01,2.2332
12:21:02,0.1722
12:21:03,0.0
12:21:04,0.4103
12:21:05,2.221
12:21:06,2.2198
12:21:07,0.6642
12:21:08,0.0
12:21:09,0.0
12:21:10,2.2222
12:21:11,2.2259
12:21:12,1.7814
12:21:13,0.0
12:21:14,0.0
12:21:15,1.8474
12:21:16,2.2161
12:21:17,2.2112
12:21:18,0.0
12:21:19,0.0
12:21:20,0.9573
12:21:21,2.221
12:21:22,2.2271
12:21:23,0.0
12:21:24,0.0
12:21:25,0.0
12:21:26,2.1819
12:21:27,2.221
12:21:28,1.7314
12:21:29,0.0
12:21:30,0.0
12:21:31,1.9866
12:21:32,2.2161
12:21:33,2.2271
12:21:34,0.0
12:21:35,0.0
12:21:36,0.7631
12:21:37,2.2198
12:21:38,2.2088
12:21:39,0.188
12:21:40,0.0
12:21:41,1.5263
12:21:42,2.2222
12:21:43,2.2259
12:21:45,0.0
12:21:46,0.0
12:21:47,0.7692
12:21:48,2.2186
12:21:49,2.2259
12:21:50,0.0
12:21:51,0.0
12:21:52,1.0183
12:21:53,2.221
12:21:54,2.2149
12:21:55,2.2259
12:21:56,0.0
12:21:57,0.0
12:21:58,1.6227
12:21:59,2.2173
12:22:00,2.2295
12:22:01,0.0
12:22:02,0.0
12:22:03,0.011
12:22:04,2.2173
12:22:05,2.2002
12:22:06,2.2161
12:22:07,2.2222
12:22:08,2.21
12:22:09,0.0
12:22:10,0.0
12:22:11,0.2833
12:22:12,2.2161
12:22:13,2.2271
12:22:14,0.0733
12:22:15,0.0
12:22:16,0.2527
12:22:17,2.2198
12:22:18,2.2051
12:22:19,1.1551
12:22:20,0.0
12:22:21,0.0
12:22:22,2.2198
12:22:23,2.2161
12:22:24,2.149
12:22:25,0.0
12:22:26,0.0
12:22:27,1.5885
12:22:28,2.2198
12:22:29,2.2015
12:22:30,0.0769
12:22:31,0.0
12:22:32,0.0
12:22:33,1.9475
12:22:34,2.2173
12:22:35,2.2295
12:22:36,0.0
12:22:37,0.0
12:22:38,0.0427
12:22:39,2.2173
12:22:40,2.2198
12:22:41,2.2234
12:22:42,0.0
12:22:43,0.0
12:22:44,0.6862
12:22:45,2.2186
12:22:47,2.2137
12:22:48,1.6947
12:22:49,0.0
12:22:50,0.0
12:22:51,0.0
12:22:52,0.5116
12:22:53,2.2173
12:22:54,2.2015
12:22:55,1.978
12:22:56,0.0
12:22:57,0.0
12:22:58,0.0
12:22:59,2.2125
12:23:00,2.2173
12:23:01,2.2198
12:23:02,2.2173
12:23:03,2.2247
12:23:04,0.221
12:23:05,0.0
12:23:06,0.0
12:23:07,1.6361
12:23:08,2.1905
12:23:09,1.3712
12:23:10,0.0745
12:23:11,0.105
12:23:12,0.1746
12:23:13,0.3919
12:23:14,0.4457
12:23:15,0.3712
12:23:16,0.21
12:23:17,0.0
12:23:18,0.0842
12:23:19,0.1807
12:23:20,0.337
12:23:21,0.4139
12:23:22,0.3968
12:23:23,0.3199
12:23:24,0.1502
12:23:25,0.0525
12:23:26,0.011
12:23:27,0.1868
12:23:28,0.442
12:23:29,0.409
12:23:30,0.3675
12:23:31,0.1722
12:23:32,0.0
12:23:33,0.1453
12:23:34,0.3712
12:23:35,0.4469
12:23:36,0.3284
12:23:37,0.2283
12:23:38,0.0
12:23:39,0.0965
12:23:40,0.1636
12:23:41,0.4237
12:23:42,0.4457
12:23:43,0.3651
12:23:44,0.2601
12:23:45,0.0476
12:23:46,0.0977
12:23:47,0.2149
12:23:49,0.4921
12:23:50,0.3895
12:23:51,0.2747
12:23:52,0.0
12:23:53,0.1001
12:23:54,0.2063
12:23:55,0.4567
12:23:56,0.3919
12:23:57,0.3236
12:23:58,0.1624
12:23:59,0.033
12:24:00,0.1441
12:24:01,0.3358
12:24:02,0.4115
12:24:03,0.3761
12:24:04,0.083
12:24:05,0.0745
12:24:06,0.1758
12:24:07,0.5177
12:24:08,0.3504
12:24:09,0.2076
12:24:10,0.0
12:24:11,0.1087
12:24:12,0.2222
12:24:13,0.5031
12:24:14,0.3858
12:24:15,0.293
12:24:16,0.0232
12:24:17,0.0513
12:24:18,0.199
12:24:19,0.4799
12:24:20,0.4042
12:24:21,0.2405
12:24:22,0.0
12:24:23,0.0305
12:24:24,0.2247
12:24:25,0.4896
12:24:26,0.3956
12:24:27,0.2857
12:24:28,0.0012
12:24:29,0.0244
12:24:30,0.2418
12:24:31,0.4762
12:24:32,0.3651
12:24:33,0.265
12:24:34,0.0708
12:24:35,0.0525
12:24:36,0.1123
12:24:37,0.3492
12:24:38,0.4444
12:24:39,0.2918
12:24:40,0.1404
12:24:41,0.0269
12:24:42,0.127
12:24:43,0.3883
12:24:44,0.3675
12:24:45,0.2821
12:24:46,0.033
12:24:47,0.0317
12:24:48,0.1013
12:24:49,0.3455
12:24:50,0.3736
12:24:52,0.3077
12:24:53,0.0623
12:24:54,0.0147
12:24:55,0.0379
12:24:56,0.2564
12:24:57,0.4591
12:24:58,1.1416
12:24:59,1.9048
12:25:00,1.9524
12:25:01,0.5531
12:25:02,0.0
12:25:03,0.0
12:25:04,2.1477
12:25:05,2.2357
12:25:06,2.3785
12:25:07,0.7937
12:25:08,0.0
12:25:09,0.0
12:25:10,1.7131
12:25:11,2.4212
12:25:12,2.4383
12:25:13,0.1368
12:25:14,0.0
12:25:15,3.5104
12:25:16,3.5153
12:25:17,3.5104
12:25:18,3.5104
12:25:19,3.5128
12:25:20,3.5153
12:25:21,3.5153
12:25:22,3.5153
12:25:23,3.5177
12:25:24,3.5153
12:25:25,3.5299
12:25:26,3.3077
12:25:27,3.2589
12:25:28,3.2943
12:25:29,3.2943
12:25:30,3.2955
12:25:31,3.221
12:25:32,3.1807
12:25:33,3.1636
12:25:34,3.1575
12:25:35,3.2393
12:25:36,3.2393
12:25:37,3.2369
12:25:38,3.2405
12:25:39,3.2357
12:25:40,3.1795
12:25:41,3.5031
12:25:42,3.4908
12:25:43,3.5092
12:25:44,3.5153
12:25:45,3.5165
12:25:46,3.514
12:25:47,3.5153
12:25:48,3.5201
12:25:49,3.5153
12:25:50,3.5128
12:25:51,3.5189
12:25:52,3.5104
12:25:54,3.5092
12:25:55,3.5153
12:25:56,3.5287
12:25:57,3.2613
12:25:58,3.2576
12:25:59,3.2564
12:26:00,3.2161
12:26:01,3.2039
12:26:02,3.1722
12:26:03,3.1343
12:26:04,3.1368
12:26:05,3.1514
12:26:06,3.1514
12:26:07,3.1563
12:26:08,3.1844
12:26:09,3.1783
12:26:10,3.1844
12:26:11,3.1807
12:26:12,3.1783
12:26:13,3.1795
12:26:14,3.1807
12:26:15,3.177
12:26:16,3.1783
12:26:17,3.1746
12:26:18,3.1746
12:26:19,3.1734
12:26:20,2.9915
12:26:21,3.1526
12:26:22,3.1587
12:26:23,3.1563
12:26:24,3.1587
12:26:25,3.1563
12:26:26,3.1429
12:26:27,3.1404
12:26:28,3.1453
12:26:29,3.1429
12:26:30,3.1404
12:26:31,3.138
12:26:32,3.138
12:26:33,3.1355
12:26:34,3.1404
12:26:35,3.1355
12:26:36,3.1355
12:26:37,3.1343
12:26:38,3.1368
12:26:39,3.1355
12:26:40,3.1368
12:26:41,3.1441
12:26:42,3.1392
12:26:43,3.1453
12:26:44,3.1429
12:26:45,3.1392
12:26:46,3.1416
12:26:47,3.1343
12:26:48,3.1306
12:26:49,3.1331
12:26:50,3.1258
12:26:51,3.1233
12:26:52,3.1258
12:26:53,3.1294
12:26:54,3.1209
12:26:56,3.1282
12:26:57,3.1209
12:26:58,3.1221
12:26:59,3.1258
12:27:00,3.1233
12:27:01,3.1209
12:27:02,3.1282
12:27:03,3.1221
12:27:04,3.1197
12:27:05,3.127
12:27:06,3.1245
12:27:07,3.1258
12:27:08,3.1258
12:27:09,3.1258
12:27:10,3.1258
12:27:11,3.1258
12:27:12,3.127
12:27:13,3.1282
12:27:14,3.1258
12:27:15,3.1282
12:27:16,3.1258
12:27:17,3.1258
12:27:18,3.1282
12:27:19,3.1294
12:27:20,3.1306
12:27:21,3.1282
12:27:22,3.1343
12:27:23,3.1319
12:27:24,3.1306
12:27:25,3.1355
12:27:26,3.1331
12:27:27,3.1306
12:27:28,3.1368
12:27:29,3.1355
12:27:30,3.1306
12:27:31,3.138
12:27:32,3.1319
12:27:33,3.1306
12:27:34,3.1404
12:27:35,3.1368
12:27:36,3.1343
12:27:37,3.1416
12:27:38,3.1355
12:27:39,3.1331
12:27:40,3.138
12:27:41,3.1441
12:27:42,3.1502
12:27:43,3.1551
12:27:44,3.315
12:27:45,3.2564
12:27:46,3.1526
12:27:47,3.1526
12:27:48,3.1575
12:27:49,3.1526
12:27:50,3.1514
12:27:51,3.1551
12:27:52,3.1514
12:27:53,3.1551
12:27:54,3.1575
12:27:55,3.1526
12:27:56,3.1538
12:27:57,3.1587
12:27:59,3.1551
12:28:00,3.1526
12:28:01,3.1441
12:28:02,3.1538
12:28:03,3.1587
12:28:04,3.1563
12:28:05,3.1526
12:28:06,3.1587
12:28:07,3.1575
12:28:08,3.1551
12:28:09,3.1551
12:28:10,3.16
12:28:11,3.1514
12:28:12,3.1563
12:28:13,3.4762
12:28:14,3.4774
12:28:15,3.1612
12:28:16,3.16
12:28:17,3.1587
12:28:18,3.1612
12:28:19,3.1636
12:28:20,3.16
12:28:21,3.1575
12:28:22,3.16
12:28:23,3.1624
12:28:24,3.1587
12:28:25,3.16
12:28:26,3.1575
12:28:27,3.1587
12:28:28,3.1587
12:28:29,3.1636
12:28:30,3.16
12:28:31,3.16
12:28:32,3.1612
12:28:33,3.1587
12:28:34,3.1575
12:28:35,3.16
12:28:36,3.1551
12:28:37,3.1563
12:28:38,3.1587
12:28:39,3.1587
12:28:40,3.1563
12:28:41,3.1563
12:28:42,3.1612
12:28:43,3.1551
12:28:44,3.1563
12:28:45,3.1563
12:28:46,3.1612
12:28:47,3.1563
12:28:48,3.1563
12:28:49,3.16
12:28:50,3.1575
12:28:51,3.1575
12:28:52,3.1538
12:28:53,3.1514
12:28:54,3.1514
12:28:55,3.1526
12:28:56,3.1551
12:28:57,3.1453
12:28:58,3.1538
12:28:59,3.1526
12:29:00,3.1538
12:29:02,3.1563
12:29:03,3.1575
12:29:04,3.1514
12:29:05,3.1551
12:29:06,3.1551
12:29:07,3.1563
12:29:08,3.1514
12:29:09,3.1514
12:29:10,3.1563
12:29:11,3.1551
12:29:12,3.1514
12:29:13,3.1551
12:29:14,3.1551
12:29:15,3.1538
12:29:16,3.1575
12:29:17,3.1514
12:29:18,3.1514
12:29:19,3.1526
12:29:20,3.149
12:29:21,3.1514
12:29:22,3.1538
12:29:23,3.149
12:29:24,3.1465
12:29:25,3.149
12:29:26,3.1563
12:29:27,3.1502
12:29:28,3.1477
12:29:29,3.1563
12:29:30,3.149
12:29:31,3.149
12:29:32,3.1477
12:29:33,3.149
12:29:34,3.1526
12:29:35,3.1551
12:29:36,3.1526
12:29:37,3.1551
12:29:38,3.1538
12:29:39,3.1477
12:29:40,3.1502
12:29:41,3.1502
12:29:42,3.149
12:29:43,3.1502
12:29:44,3.1502
12:29:45,3.1465
12:29:46,3.1477
12:29:47,3.1465
12:29:48,3.1477
12:29:49,3.1465
12:29:50,3.1477
12:29:51,3.1465
12:29:52,3.1551
12:29:53,3.149
12:29:54,3.1502
12:29:55,3.1575
12:29:56,3.1563
12:29:57,3.1526
12:29:58,3.16
12:29:59,3.1514
12:30:00,3.1526
12:30:01,3.1563
12:30:02,3.1538
12:30:04,3.1502
12:30:05,3.1526
12:30:06,3.1526
12:30:07,3.1477
12:30:08,3.1477
12:30:09,3.1526
12:30:10,3.1502
12:30:11,3.1538
12:30:12,3.1551
12:30:13,3.1477
12:30:14,3.1538
12:30:15,3.1477
12:30:16,3.1502
12:30:17,3.1526
12:30:18,3.1453
12:30:19,3.1477
12:30:20,3.1526
12:30:21,3.1453
12:30:22,3.1368
12:30:23,3.1404
12:30:24,3.1392
12:30:25,3.1392
12:30:26,3.1404
12:30:27,3.1306
12:30:28,3.1258
12:30:29,3.1343
12:30:30,3.127
12:30:31,3.1258
12:30:32,3.1258
12:30:33,3.1258
12:30:34,3.1258
12:30:35,3.1245
12:30:36,3.1245
12:30:37,3.1258
12:30:38,3.1221
12:30:39,3.1209
12:30:40,3.1258
12:30:41,3.1209
12:30:42,3.1245
12:30:43,3.1197
12:30:44,3.1233
12:30:45,3.1221
12:30:46,3.116
12:30:47,3.1221
12:30:48,3.1221
12:30:49,3.1197
12:30:50,3.1258
12:30:51,3.1221
12:30:52,3.1197
12:30:53,3.1258
12:30:54,3.1209
12:30:55,3.1209
12:30:56,3.1258
12:30:57,3.1197
12:30:58,3.1184
12:30:59,3.1184
12:31:00,3.1209
12:31:01,3.1209
12:31:02,3.1184
12:31:03,3.1209
12:31:04,3.1209
12:31:06,3.1233
12:31:07,3.1209
12:31:08,3.1197
12:31:09,3.1245
12:31:10,3.1184
12:31:11,3.1245
12:31:12,3.127
12:31:13,3.1209
12:31:14,3.1221
12:31:15,3.127
12:31:16,3.1209
12:31:17,3.1209
12:31:18,3.1233
12:31:19,3.1197
12:31:20,3.1258
12:31:21,3.1258
12:31:22,3.1209
12:31:23,3.1258
12:31:24,3.1221
12:31:25,3.1197
12:31:26,3.1221
12:31:27,3.1245
12:31:28,3.1245
12:31:29,3.1221
12:31:30,3.1282
12:31:31,3.1245
12:31:32,3.1221
12:31:33,3.1294
12:31:34,3.1233
12:31:35,3.1221
12:31:36,3.1258
12:31:37,3.1209
12:31:38,3.1282
12:31:39,3.1233
12:31:40,3.1209
12:31:41,3.1258
12:31:42,3.1258
12:31:43,3.1197
12:31:44,3.1258
12:31:45,3.1221
12:31:46,3.1209
12:31:47,3.1209
12:31:48,3.1184
12:31:49,3.1197
12:31:50,3.1209
12:31:51,3.1184
12:31:52,3.1197
12:31:53,3.1209
12:31:54,3.1209
12:31:55,3.1221
12:31:56,3.1197
12:31:57,3.1172
12:31:58,3.1258
12:31:59,3.1172
12:32:00,3.1184
12:32:01,3.1209
12:32:02,3.1197
12:32:03,3.1184
12:32:04,3.1197
12:32:05,3.1172
12:32:06,3.1258
12:32:07,3.1233
12:32:09,3.1184
12:32:10,3.1258
12:32:11,3.1221
12:32:12,3.1197
12:32:13,3.1233
12:32:14,3.1197
12:32:15,3.1197
12:32:16,3.1209
12:32:17,3.1184
12:32:18,3.1233
12:32:19,3.1184
12:32:20,3.116
12:32:21,3.1184
12:32:22,3.1197
12:32:23,3.1209
12:32:24,3.1209
12:32:25,3.1233
12:32:26,3.1233
12:32:27,3.1245
12:32:28,3.1221
12:32:29,3.1197
12:32:30,3.1258
12:32:31,3.1233
12:32:32,3.1209
12:32:33,3.1245
12:32:34,3.1197
12:32:35,3.1221
12:32:36,3.1197
12:32:37,3.1258
12:32:38,3.1209
12:32:39,3.1209
12:32:40,3.1209
12:32:41,3.1221
12:32:42,3.1209
12:32:43,3.1197
12:32:44,3.1209
12:32:45,3.1197
12:32:46,3.1221
12:32:47,3.1197
12:32:48,3.1233
12:32:49,3.1184
12:32:50,3.116
12:32:51,3.1148
12:32:52,3.1172
12:32:53,3.1172
12:32:54,3.1197
12:32:55,3.1184
12:32:56,3.1209
12:32:57,3.1184
12:32:58,3.1184
12:32:59,3.1209
12:33:00,3.116
12:33:01,3.1172
12:33:02,3.1136
12:33:03,3.116
12:33:04,3.1172
12:33:05,3.1172
12:33:06,3.1136
12:33:07,3.116
12:33:08,3.1136
12:33:09,3.1172
12:33:10,3.1136
12:33:12,3.1136
12:33:13,3.1172
12:33:14,3.1136
12:33:15,3.1111
12:33:16,3.1123
12:33:17,3.1148
12:33:18,3.1148
12:33:19,3.1123
12:33:20,3.116
12:33:21,3.1148
12:33:22,3.1136
12:33:23,3.1123
12:33:24,3.1087
12:33:25,3.1136
12:33:26,3.1148
12:33:27,3.1136
12:33:28,3.1148
12:33:29,3.1111
12:33:30,3.1123
12:33:31,3.1148
12:33:32,3.1111
12:33:33,3.1111
12:33:34,3.116
12:33:35,3.1087
12:33:36,3.1136
12:33:37,3.1111
12:33:38,3.1148
12:33:39,3.1099
12:33:40,3.1123
12:33:41,3.1111
12:33:42,3.116
12:33:43,3.1136
12:33:44,3.1111
12:33:45,3.1148
12:33:46,3.1123
12:33:47,3.1136
12:33:48,3.1123
12:33:49,3.1123
12:33:50,3.1148
12:33:51,3.1099
12:33:52,3.1111
12:33:53,3.1148
12:33:54,3.1062
12:33:55,3.1148
12:33:56,3.116
12:33:57,3.1123
12:33:58,3.1136
12:33:59,3.1123
12:34:00,3.1123
12:34:01,3.1136
12:34:02,3.1111
12:34:03,3.1123
12:34:04,3.1087
12:34:05,3.1123
12:34:06,3.116
12:34:07,3.1111
12:34:08,3.1111
12:34:09,3.1062
12:34:10,3.1111
12:34:11,3.1136
12:34:12,3.1099
12:34:13,3.1123
12:34:15,3.1087
12:34:16,3.1123
12:34:17,3.1123
12:34:18,3.1123
12:34:19,3.1099
12:34:20,3.1111
12:34:21,3.1111
12:34:22,3.1099
12:34:23,3.1062
12:34:24,3.1099
12:34:25,3.1062
12:34:26,3.1087
12:34:27,3.1062
12:34:28,3.1087
12:34:29,3.1099
12:34:30,3.105
12:34:31,3.1111
12:34:32,3.1111
12:34:33,3.1099
12:34:34,3.1111
12:34:35,3.1099
12:34:36,3.1111
12:34:37,3.116
12:34:38,3.1123
12:34:39,3.1099
12:34:40,3.1111
12:34:41,3.1111
12:34:42,3.1111
12:34:43,3.1123
12:34:44,3.116
12:34:45,3.1087
12:34:46,3.1172
12:34:47,3.1136
12:34:48,3.1099
12:34:49,3.1136
12:34:50,3.116
12:34:51,3.1099
12:34:52,3.116
12:34:53,3.1148
12:34:54,3.1111
12:34:55,3.1136
12:34:56,3.1148
12:34:57,3.1111
12:34:58,3.1148
12:34:59,3.1111
12:35:00,3.1111
12:35:01,3.1123
12:35:02,3.1136
12:35:03,3.1099
12:35:04,3.1111
12:35:05,3.1099
12:35:06,3.1087
12:35:07,3.1148
12:35:08,3.1136
12:35:09,3.1074
12:35:10,3.1148
12:35:11,3.1099
12:35:12,3.1087
12:35:13,3.1136
12:35:14,3.1099
12:35:16,3.1062
12:35:17,3.1111
12:35:18,3.1087
12:35:19,3.1062
12:35:20,3.1099
12:35:21,3.1074
12:35:22,3.1111
12:35:23,3.1087
12:35:24,3.1062
12:35:25,3.1074
12:35:26,3.1087
12:35:27,3.105
12:35:28,3.1062
12:35:29,3.1074
12:35:30,3.105
12:35:31,3.1074
12:35:32,3.1087
12:35:33,3.105
12:35:34,3.1038
12:35:35,3.1013
12:35:36,3.105
12:35:37,3.1062
12:35:38,3.1001
12:35:39,3.1001
12:35:40,3.1062
12:35:41,3.1013
12:35:42,3.1026
12:35:43,3.1038
12:35:44,3.1013
12:35:45,3.1026
12:35:46,3.105
12:35:47,3.0977
12:35:48,3.1026
12:35:49,3.1074
12:35:50,3.1013
12:35:51,3.0989
12:35:52,3.1062
12:35:53,3.1013
12:35:54,3.0965
12:35:55,3.0977
12:35:56,3.0965
12:35:57,3.1013
12:35:58,3.0965
12:35:59,3.0989
12:36:00,3.1001
12:36:01,3.0965
12:36:02,3.0952
12:36:03,3.0952
12:36:04,3.0965
12:36:05,3.0965
12:36:06,3.094
12:36:07,3.094
12:36:08,3.0952
12:36:09,3.0952
12:36:10,3.0952
12:36:11,3.0965
12:36:12,3.0965
12:36:13,3.0952
12:36:14,3.0916
12:36:15,3.0952
12:36:16,3.0928
12:36:17,3.0952
12:36:19,3.0965
12:36:20,3.0952
12:36:21,3.0965
12:36:22,3.0952
12:36:23,3.0977
12:36:24,3.0952
12:36:25,3.0965
12:36:26,3.1013
12:36:27,3.0977
12:36:28,3.0977
12:36:29,3.0989
12:36:30,3.0965
12:36:31,3.0977
12:36:32,3.1013
12:36:33,3.0965
12:36:34,3.1001
12:36:35,3.1001
12:36:36,3.1001
12:36:37,3.0977
12:36:38,3.1013
12:36:39,3.0977
12:36:40,3.1038
12:36:41,3.1099
12:36:42,3.1038
12:36:43,3.1001
12:36:44,3.1001
12:36:45,3.0977
12:36:46,3.0928
12:36:47,3.0977
12:36:48,3.1001
12:36:49,3.1013
12:36:50,3.0977
12:36:51,3.0965
12:36:52,3.0952
12:36:53,3.0928
12:36:54,3.0928
12:36:55,3.0952
12:36:56,3.0928
12:36:57,3.0891
12:36:58,3.0916
12:36:59,3.0916
12:37:00,3.0928
12:37:01,3.0928
12:37:02,3.0916
12:38:36,3.1551
12:38:37,3.1526
12:38:38,3.3223
12:38:39,3.1477
12:38:40,1.8962
12:38:41,3.1502
12:38:42,3.1526
12:38:43,3.1538
12:38:44,3.1429
12:38:45,3.1429
12:38:46,3.1477
12:38:47,3.1477
12:38:48,3.1087
12:38:49,3.072
12:38:50,3.1404
12:38:51,2.3138
12:38:52,2.2576
12:38:53,2.0806
12:38:54,3.1538
12:38:55,3.1538
12:38:56,3.1502
12:38:57,3.1575
12:38:58,3.1502
12:38:59,3.1551
12:39:00,3.1392
12:39:01,3.1477
12:39:02,3.1538
12:39:03,2.4481
12:39:04,2.2442
12:39:05,2.1123
12:39:06,3.1453
12:39:07,3.1355
12:39:08,3.1465
12:39:09,3.1502
12:39:10,3.1453
12:39:11,3.1429
12:39:12,2.0403
12:39:13,3.1429
12:39:14,3.1526
12:39:15,2.4042
12:39:16,3.1502
12:39:17,3.1453
12:39:18,3.1441
12:39:19,3.1465
12:39:20,3.1453
12:39:21,3.1453
12:39:22,2.42
12:39:23,2.4029
12:39:24,3.1465
12:39:25,3.1502
12:39:26,3.1502
12:39:27,3.1453
12:39:28,2.4554
12:39:29,3.1416
12:39:30,3.1477
12:39:31,3.1453
12:39:32,3.1477
12:39:33,3.1453
12:39:34,3.1477
12:39:35,3.149
12:39:36,2.1856
12:39:38,3.1416
12:39:39,3.1453
12:39:40,3.1416
12:39:41,3.1514
12:39:42,2.293
12:39:43,1.9878
12:39:44,3.1441
12:39:45,3.1453
12:39:46,3.1477
12:39:47,3.1306
12:39:48,3.1294
12:39:49,2.2808
12:39:50,3.138
12:39:51,3.1282
12:39:52,3.1514
12:39:53,3.1319
12:39:54,3.1502
12:39:55,3.1355
12:39:56,2.1136
12:39:57,3.1502
12:39:58,3.1514
12:39:59,3.1404
12:40:00,3.1514
12:40:01,2.3138
12:40:02,2.3101
12:40:03,3.1331
12:40:04,3.1355
12:40:05,3.1404
12:40:06,2.5092
12:40:07,2.2711
12:40:08,3.1477
12:40:09,3.1416
12:40:10,3.1453
12:40:11,3.1355
12:40:12,3.1404
12:40:13,2.1172
12:40:14,3.1502
12:40:15,3.138
12:40:16,3.1502
12:40:17,3.1429
12:40:18,3.1502
12:40:19,2.1197
12:40:20,2.2943
12:40:21,2.293
12:40:22,3.1416
12:40:23,3.1319
12:40:24,3.138
12:40:25,3.1392
12:40:26,3.1441
12:40:27,2.3004
12:40:28,3.1453
12:40:29,3.1404
12:40:30,3.1429
12:40:31,3.1404
12:40:32,2.1319
12:40:33,3.1429
12:40:34,3.1453
12:40:35,3.1368
12:40:36,3.1453
12:40:37,3.138
12:40:38,3.1453
12:40:40,3.1416
12:40:41,3.1477
12:40:42,3.1404
12:40:43,3.1453
12:40:44,3.1416
12:40:45,3.1453
12:40:46,3.1392
12:40:47,3.1441
12:40:48,3.1392
12:40:49,3.1368
12:40:50,3.1429
12:40:51,3.1392
12:40:52,3.1392
12:40:53,3.138
12:40:54,3.1429
12:40:55,3.1404
12:40:56,3.1416
12:40:57,3.138
12:40:58,3.1404
12:40:59,3.1416
12:41:00,3.1355
12:41:01,3.1453
12:41:02,3.1355
12:41:03,3.1429
12:41:04,3.1368
12:41:05,3.1429
12:41:06,3.1343
12:41:07,3.1404
12:41:08,3.1404
12:41:09,3.1355
12:41:10,3.1392
12:41:11,3.1343
12:41:12,3.138
12:41:13,3.1404
12:41:14,3.1355
12:41:15,3.1404
12:41:16,3.1343
12:41:17,3.138
12:41:18,3.1404
12:41:19,3.1331
12:41:20,3.1404
12:41:21,3.1355
12:41:22,3.1355
12:41:23,3.138
12:41:24,3.1331
12:41:25,3.138
12:41:26,3.1331
12:41:27,3.1404
12:41:28,3.1343
12:41:29,3.1355
12:41:30,3.1343
12:41:31,3.1343
12:41:32,3.1343
12:41:33,3.1355
12:41:34,3.1404
12:41:35,3.1343
12:41:36,3.1368
12:41:37,3.1343
12:41:38,3.1343
12:41:39,3.1355
12:41:40,3.1331
12:41:41,3.1355
12:41:42,3.1355
12:41:44,3.1343
12:41:45,3.1306
12:41:46,3.1355
12:41:47,3.1355
12:41:48,3.1343
12:41:49,3.1331
12:41:50,3.1306
12:41:51,3.138
12:41:52,3.127
12:41:53,3.1355
12:41:54,3.1319
12:41:55,3.138
12:41:56,3.1343
12:41:57,3.1331
12:41:58,3.1355
12:41:59,3.1343
12:42:00,3.138
12:42:01,3.138
12:42:02,3.138
12:42:03,3.1343
12:42:04,3.138
12:42:05,3.1294
12:42:06,3.1416
12:42:07,3.1331
12:42:08,3.1368
12:42:09,3.1355
12:42:10,3.138
12:42:11,3.1331
12:42:12,3.1355
12:42:13,3.1331
12:42:14,3.1368
12:42:15,3.138
12:42:16,3.1306
12:42:17,3.1331
12:42:18,3.1306
12:42:19,3.1355
12:42:20,3.1368
12:42:21,3.1319
12:42:22,3.1343
12:42:23,3.1331
12:42:24,3.1319
12:42:25,3.1343
12:42:26,3.1343
12:42:27,3.1331
12:42:28,3.1319
12:42:29,3.138
12:42:30,3.1331
12:42:31,3.1306
12:42:32,3.1355
12:42:33,3.1282
12:42:34,3.1331
12:42:35,3.1319
12:42:36,3.1319
12:42:37,3.1331
12:42:38,3.1306
12:42:39,3.1331
12:42:40,3.127
12:42:41,3.1306
12:42:42,3.1282
12:42:43,3.1282
12:42:44,3.1319
12:42:45,3.1258
12:42:47,3.1319
12:42:48,3.1282
12:42:49,3.1319
12:42:50,3.1294
12:42:51,3.1258
12:42:52,3.1331
12:42:53,3.1233
12:42:54,3.1282
12:42:55,3.1258
12:42:56,3.1294
12:42:57,3.1245
12:42:58,3.1258
12:42:59,3.127
12:43:00,3.127
12:43:01,3.1306
12:43:02,3.1258
12:43:03,3.1294
12:43:04,3.1258
12:43:05,3.1282
12:43:06,3.127
12:43:07,3.1258
12:43:08,3.1319
12:43:09,3.1209
12:43:10,3.1258
12:43:11,3.1258
12:43:12,3.1233
12:43:13,3.1282
12:43:14,3.1209
12:43:15,3.1306
12:43:16,3.1197
12:43:17,3.1258
12:43:18,3.1258
12:43:19,3.1209
12:43:20,3.1258
12:43:21,3.1233
12:43:22,3.1258
12:43:23,3.1209
12:43:24,3.1209
12:43:25,3.1197
12:43:26,3.1221
12:43:27,3.1221
12:43:28,3.1233
12:43:29,3.127
12:43:30,3.116
12:43:31,3.1209
12:43:32,3.1233
12:43:33,3.1197
12:43:34,3.1258
12:43:35,3.1184
12:43:36,3.1258
12:43:37,3.116
12:43:38,3.1209
12:43:39,3.1172
12:43:40,3.1221
12:43:41,3.116
12:43:42,3.1184
12:43:43,3.116
12:43:44,3.1209
12:43:45,3.116
12:43:46,3.116
12:43:47,3.1209
12:43:48,3.1123
12:43:50,3.1184
12:43:51,3.1148
12:43:52,3.116
12:43:53,3.1172
12:43:54,3.1148
12:43:55,3.1148
12:43:56,3.1136
12:43:57,3.1136
12:43:58,3.1123
12:43:59,3.116
12:44:00,3.1111
12:44:01,3.1111
12:44:02,3.1087
12:44:03,3.1111
12:44:04,3.1123
12:44:05,3.1111
12:44:06,3.1111
12:44:07,3.1111
12:44:08,3.1087
12:44:09,3.105
12:44:10,3.1087
12:44:11,3.1062
12:44:12,3.1062
12:44:13,3.1062
12:44:14,3.1074
12:44:15,3.105
12:44:16,3.1062
12:44:17,3.1087
12:44:18,3.1026
12:44:19,3.105
12:44:20,3.1013
12:44:21,3.1062
12:44:22,3.1026
12:44:23,3.1013
12:44:24,3.105
12:44:25,3.1038
12:44:26,3.1038
12:44:27,3.1013
12:44:28,3.1038
12:44:29,3.1038
12:44:30,3.1013
12:44:31,3.1062
12:44:32,3.1026
12:44:33,3.1062
12:44:34,3.1026
12:44:35,3.1074
12:44:36,3.1001
12:44:37,3.1074
12:44:38,3.1001
12:44:39,3.1026
12:44:40,3.1087
12:44:41,3.1038
12:44:42,3.1074
12:44:43,3.1001
12:44:44,3.1062
12:44:45,3.0989
12:44:46,3.105
12:44:47,3.1026
12:44:48,3.1013
12:44:49,3.0965
12:44:50,3.1062
12:44:51,3.1013
12:44:52,3.1013
12:44:54,3.1026
12:44:55,3.1062
12:44:56,3.1062
12:44:57,3.1026
12:44:58,3.1026
12:44:59,3.1026
12:45:00,3.1111
12:45:01,3.1013
12:45:02,3.1074
12:45:03,3.1062
12:45:04,3.1087
12:45:05,3.1087
12:45:06,3.1001
12:45:07,3.1087
12:45:08,3.1062
12:45:09,3.1062
12:45:10,3.1148
12:45:11,3.1062
12:45:12,3.1099
12:45:13,3.1087
12:45:14,3.1099
12:45:15,3.116
12:45:16,3.1099
12:45:17,3.116
12:45:18,3.1087
12:45:19,3.1111
12:45:20,3.1136
12:45:21,3.1099
12:45:22,3.1111
12:45:23,3.1099
12:45:24,3.1136
12:45:25,3.1136
12:45:26,3.1136
12:45:27,3.1172
12:45:28,3.1111
12:45:29,3.1123
12:45:30,3.1111
12:45:31,3.1148
12:45:32,3.1087
12:45:33,3.116
12:45:34,3.1136
12:45:35,3.1148
12:45:36,3.1184
12:45:37,3.1136
12:45:38,3.1197
12:45:39,3.1123
12:45:40,3.1136
12:45:41,3.1136
12:45:42,3.1172
12:45:43,3.1136
12:45:44,3.116
12:45:45,3.116
12:45:46,3.116
12:45:47,3.116
12:45:48,3.1136
12:45:49,3.1172
12:45:50,3.1197
12:45:51,3.1197
12:45:52,3.1172
12:45:53,3.1209
12:45:54,3.116
12:45:55,3.116
12:45:57,3.1172
12:45:58,3.1209
12:45:59,3.1197
12:46:00,3.1209
12:46:01,3.1197
12:46:02,3.1233
12:46:03,3.1209
12:46:04,3.1233
12:46:05,3.1209
12:46:06,3.1209
12:46:07,3.116
12:46:08,3.1221
12:46:09,3.1209
12:46:10,3.1209
12:46:11,3.1184
12:46:12,3.1209
12:46:13,3.1209
12:46:14,3.1197
12:46:15,3.1258
12:46:16,3.1221
12:46:17,3.1209
12:46:18,3.1233
12:46:19,3.1209
12:46:20,3.1258
12:46:21,3.1221
12:46:22,3.1245
12:46:23,3.1258
12:46:24,3.1245
12:46:25,3.1245
12:46:26,3.1233
12:46:27,3.1258
12:46:28,3.1282
12:46:29,3.1258
12:46:30,3.127
12:46:31,3.1233
12:46:32,3.1258
12:46:33,3.1258
12:46:34,3.1282
12:46:35,3.127
12:46:36,3.1258
12:46:37,3.127
12:46:38,3.1233
12:46:39,3.1258
12:46:40,3.1258
12:46:41,3.1258
12:46:42,3.1306
12:46:43,3.1245
12:46:44,3.1294
12:46:45,3.1258
12:46:46,3.1282
12:46:47,3.1245
12:46:48,3.1282
12:46:49,3.1258
12:46:50,3.127
12:46:51,3.127
12:46:52,3.1282
12:46:53,3.1258
12:46:54,3.1258
12:46:55,3.1258
12:46:56,3.1282
12:46:57,3.1294
12:46:59,3.1355
12:47:00,3.1294
12:47:01,3.1221
12:47:02,3.1306
12:47:03,3.1282
12:47:04,3.1294
12:47:05,3.1306
12:47:06,3.127
12:47:07,3.1294
12:47:08,3.1319
12:47:09,3.1282
12:47:10,3.1294
12:47:11,3.1258
12:47:12,3.1306
12:47:13,3.1368
12:47:14,3.1331
12:47:15,3.1331
12:47:16,3.1331
12:47:17,3.1331
12:47:18,3.1319
12:47:19,3.1331
12:47:20,3.138
12:47:21,3.1306
12:47:22,3.138
12:47:23,3.1331
12:47:24,3.1355
12:47:25,3.1368
12:47:26,3.138
12:47:27,3.1355
12:47:28,3.1355
12:47:29,3.1355
12:47:30,3.1355
12:47:31,3.138
12:47:32,3.138
12:47:33,3.138
12:47:34,3.1368
12:47:35,3.1355
12:47:36,3.1392
12:47:37,3.138
12:47:38,3.1392
12:47:39,3.1355
12:47:40,3.138
12:47:41,3.1355
12:47:42,3.138
12:47:43,3.1404
12:47:44,3.1392
12:47:45,3.1404
12:47:46,3.1404
12:47:47,3.1453
12:47:48,3.1404
12:47:49,3.1404
12:47:50,3.1404
12:47:51,3.1441
12:47:52,3.138
12:47:53,3.1416
12:47:54,3.138
12:47:55,3.1453
12:47:56,3.1392
12:47:57,3.138
12:47:58,3.1404
12:47:59,3.1429
12:48:00,3.1416
12:48:02,3.1441
12:48:03,3.1453
12:48:04,3.1453
12:48:05,3.1416
12:48:06,3.1441
12:48:07,3.1441
12:48:08,3.1453
12:48:09,3.1441
12:48:10,3.1465
12:48:11,3.1453
12:48:12,3.1502
12:48:13,3.1477
12:48:14,3.1477
12:48:15,3.1477
12:48:16,3.1514
12:48:17,3.1502
12:48:18,3.149
12:48:19,3.1502
12:48:20,3.1514
12:48:21,3.1538
12:48:22,3.1502
12:48:23,3.1502
12:48:24,3.1526
12:48:25,3.1526
12:48:26,3.1563
12:48:27,3.1526
12:48:28,3.1551
12:48:29,3.1538
12:48:30,3.1514
12:48:31,3.1587
12:48:32,3.1526
12:48:33,3.1587
12:48:34,3.1526
12:48:35,3.1551
12:48:36,3.1551
12:48:37,3.16
12:48:38,3.1575
12:48:39,3.1587
12:48:40,3.1575
12:48:41,3.1575
12:48:42,3.1563
12:48:43,3.16
12:48:44,3.1551
12:48:45,3.1563
12:48:46,3.1551
12:48:47,3.16
12:48:48,3.16
12:48:49,3.1587
12:48:50,3.16
12:48:51,3.1612
12:48:52,3.16
12:48:53,3.1636
12:48:54,3.1624
12:48:55,3.1624
12:48:56,3.1587
12:48:57,3.1636
12:48:58,3.1624
12:48:59,3.1636
12:49:00,3.1636
12:49:01,3.1673
12:49:02,3.1636
12:49:03,3.1636
12:49:05,3.1661
12:49:06,3.1648
12:49:07,3.1648
12:49:08,3.1648
12:49:09,3.1648
12:49:10,3.1648
12:49:11,3.1648
12:49:12,3.1636
12:49:13,3.1661
12:49:14,3.1648
12:49:15,3.1636
12:49:16,3.1673
12:49:17,3.1624
12:49:18,3.1661
12:49:19,3.1661
12:49:20,3.1648
12:49:21,3.1685
12:49:22,3.1673
12:49:23,3.1636
12:49:24,3.1636
12:49:25,3.1673
12:49:26,3.1636
12:49:27,3.1673
12:49:28,3.1648
12:49:29,3.1661
12:49:30,3.1648
12:49:31,3.1722
12:49:32,3.1587
12:49:33,3.1661
12:49:34,3.1636
12:49:35,3.1648
12:49:36,3.1636
12:49:37,3.1624
12:49:38,3.1697
12:49:39,3.1648
12:49:40,3.1648
12:49:41,3.1648
12:49:42,3.1636
12:49:43,3.1661
12:49:44,3.1612
12:49:45,3.1685
12:49:46,3.1624
12:49:47,3.16
12:49:48,3.1673
12:49:49,3.16
12:49:50,3.1648
12:49:51,3.16
12:49:52,3.1648
12:49:53,3.16
12:49:54,3.1636
12:49:55,3.16
12:49:56,3.1636
12:49:57,3.1624
12:49:58,3.1587
12:49:59,3.1648
12:50:00,3.16
12:50:01,3.1648
12:50:02,3.16
12:50:03,3.1648
12:50:04,3.1612
12:50:05,3.1612
12:50:07,3.1587
12:50:08,3.1648
12:50:09,3.1587
12:50:10,3.1624
12:50:11,3.1612
12:50:12,3.16
12:50:13,3.1648
12:50:14,3.1624
12:50:15,3.1624
12:50:16,3.1612
12:50:17,3.1636
12:50:18,3.1624
12:50:19,3.1648
12:50:20,3.1612
12:50:21,3.1624
12:50:22,3.1612
12:50:23,3.16
12:50:24,3.16
12:50:25,3.1636
12:50:26,3.1612
12:50:27,3.1648
12:50:28,3.1624
12:50:29,3.1648
12:50:30,3.1648
12:50:31,3.1661
12:50:32,3.1661
12:50:33,3.1648
12:50:34,3.1648
12:50:35,3.1636
12:50:36,3.1661
12:50:37,3.1648
12:50:38,3.1648
12:50:39,3.1636
12:50:40,3.1661
12:50:41,3.1648
12:50:42,3.1648
12:50:43,3.1661
12:50:44,3.1673
12:50:45,3.1722
12:50:46,3.1673
12:50:47,3.1746
12:50:48,3.1685
12:50:49,3.1697
12:50:50,3.1697
12:50:51,3.1697
12:50:52,3.1758
12:50:53,3.1697
12:50:54,3.1746
12:50:55,3.1722
12:50:56,3.1746
12:50:57,3.1746
12:50:58,3.1746
12:50:59,3.1795
12:51:00,3.1746
12:51:01,3.1758
12:51:02,3.1819
12:51:03,3.177
12:51:04,3.1807
12:51:05,3.177
12:51:06,3.1844
12:51:07,3.1819
12:51:08,3.1819
12:51:10,3.1856
12:51:11,3.1844
12:51:12,3.1856
12:51:13,3.1832
12:51:14,3.1844
12:51:15,3.1844
12:51:16,3.188
12:51:17,3.1893
12:51:18,3.1868
12:51:19,3.1893
12:51:20,3.1905
12:51:21,3.1941
12:51:22,3.1941
12:51:23,3.1929
12:51:24,3.1941
12:51:25,3.1941
12:51:26,3.2015
12:51:27,3.1954
12:51:28,3.2002
12:51:29,3.199
12:51:30,3.1954
12:51:31,3.2039
12:51:32,3.2039
12:51:33,3.2027
12:51:34,3.2027
12:51:35,3.2015
12:51:36,3.2088
12:51:37,3.2088
12:51:38,3.2039
12:51:39,3.2112
12:51:40,3.2051
12:51:41,3.2088
12:51:42,3.21
12:51:43,3.2088
12:51:44,3.2076
12:51:45,3.21
12:51:46,3.2063
12:51:47,3.2125
12:51:48,3.2112
12:51:49,3.2137
12:51:50,3.2161
12:51:51,3.2137
12:51:52,3.2137
12:51:53,3.2173
12:51:54,3.2173
12:51:55,3.2161
12:51:56,3.2186
12:51:57,3.2186
12:51:58,3.221
12:51:59,3.2222
12:52:00,3.2186
12:52:01,3.2186
12:52:02,3.221
12:52:03,3.2173
12:52:04,3.2271
12:52:05,3.2234
12:52:06,3.2198
12:52:07,3.2186
12:52:08,3.2234
12:52:09,3.2222
12:52:10,3.2234
12:52:12,3.2234
12:52:13,3.2234
12:52:14,3.2234
12:52:15,3.2234
12:52:16,3.2247
12:52:17,3.2247
12:52:18,3.2247
12:52:19,3.2222
12:52:20,3.2234
12:52:21,3.2234
12:52:22,3.221
12:52:23,3.221
12:52:24,3.2247
12:52:25,3.2222
12:52:26,3.221
12:52:27,3.221
12:52:28,3.2234
12:52:29,3.2234
12:52:30,3.2222
12:52:31,3.2234
12:52:32,3.2222
12:52:33,3.221
12:52:34,3.221
12:52:35,3.221
12:52:36,3.2234
12:52:37,3.2186
12:52:38,3.2186
12:52:39,3.2186
12:52:40,3.221
12:52:41,3.2198
12:52:42,3.2173
12:52:43,3.2161
12:52:44,3.2186
12:52:45,3.2173
12:52:46,3.2198
12:52:47,3.2149
12:52:48,3.2186
12:52:49,3.2186
12:52:50,3.221
12:52:51,3.2173
12:52:52,3.2161
12:52:53,3.2173
12:52:54,3.2161
12:52:55,3.2161
12:52:56,3.2149
12:52:57,3.2149
12:52:58,3.2161
12:52:59,3.2125
12:53:00,3.2137
12:53:01,3.2149
12:53:02,3.2137
12:53:03,3.21
12:53:04,3.21
12:53:05,3.2112
12:53:06,3.2125
12:53:07,3.2137
12:53:08,3.2137
12:53:09,3.2137
12:53:10,3.2063
12:53:11,3.2112
12:53:12,3.2137
12:53:14,3.2088
12:53:15,3.2112
12:53:16,3.2076
12:53:17,3.2088
12:53:18,3.2088
12:53:19,3.2063
12:53:20,3.2088
12:53:21,3.2076
12:53:22,3.2063
12:53:23,3.2076
12:53:24,3.2088
12:53:25,3.2027
12:53:26,3.2051
12:53:27,3.2051
12:53:28,3.2088
12:53:29,3.2063
12:53:30,3.2039
12:53:31,3.2039
12:53:32,3.2076
12:53:33,3.2039
12:53:34,3.2039
12:53:35,3.2039
12:53:36,3.2039
12:53:37,3.2015
12:53:38,3.2051
12:53:39,3.2063
12:53:40,3.2039
12:53:41,3.2039
12:53:42,3.2063
12:53:43,3.2002
12:53:44,3.2015
12:53:45,3.2039
12:53:46,3.199
12:53:47,3.2063
12:53:48,3.2015
12:53:49,3.1966
12:53:50,3.2039
12:53:51,3.199
12:53:52,3.199
12:53:53,3.199
12:53:54,3.2015
12:53:55,3.1966
12:53:56,3.1966
12:53:57,3.1978
12:53:58,3.2027
12:53:59,3.1966
12:54:00,3.1966
12:54:01,3.199
12:54:02,3.1966
12:54:03,3.2027
12:54:04,3.1978
12:54:05,3.1978
12:54:06,3.1978
12:54:07,3.1966
12:54:08,3.199
12:54:09,3.1966
12:54:10,3.1978
12:54:11,3.2015
12:54:12,3.2027
12:54:13,3.1954
12:54:14,3.199
12:54:16,3.2015
12:54:17,3.199
12:54:18,3.199
12:54:19,3.199
12:54:20,3.2027
12:54:21,3.2015
12:54:22,3.2015
12:54:23,3.199
12:54:24,3.2039
12:54:25,3.199
12:54:26,3.2002
12:54:27,3.2015
12:54:28,3.2039
12:54:29,3.2002
12:54:30,3.1978
12:54:31,3.2027
12:54:32,3.2063
12:54:33,3.2039
12:54:34,3.199
12:54:35,3.2002
12:54:36,3.2051
12:54:37,3.2039
12:54:38,3.2015
12:54:39,3.1966
12:54:40,3.2027
12:54:41,3.2015
12:54:42,3.2039
12:54:43,3.2051
12:54:44,3.2027
12:54:45,3.2063
12:54:46,3.2051
12:54:47,3.2051
12:54:48,3.2051
12:54:49,3.2027
12:54:50,3.2063
12:54:51,3.2112
12:54:52,3.2039
12:54:53,3.2076
12:54:54,3.2027
12:54:55,3.2088
12:54:56,3.2076
12:54:57,3.2076
12:54:58,3.2088
12:54:59,3.2039
12:55:00,3.2076
12:55:01,3.2063
12:55:02,3.2112
12:55:03,3.2137
12:55:04,3.21
12:55:05,3.21
12:55:06,3.2088
12:55:07,3.2088
12:55:08,3.2149
12:55:09,3.2112
12:55:10,3.2112
12:55:11,3.2088
12:55:12,3.2125
12:55:13,3.2112
12:55:14,3.21
12:55:15,3.21
12:55:16,3.2125
12:55:17,3.2112
12:55:19,3.2112
12:55:20,3.2149
12:55:21,3.2125
12:55:22,3.2137
12:55:23,3.2125
12:55:24,3.2137
12:55:25,3.2149
12:55:26,3.2173
12:55:27,3.2125
12:55:28,3.2186
12:55:29,3.2161
12:55:30,3.2149
12:55:31,3.2112
12:55:32,3.2149
12:55:33,3.2173
12:55:34,3.2112
12:55:35,3.2149
12:55:36,3.2173
12:55:37,3.2137
12:55:38,3.2137
12:55:39,3.2161
12:55:40,3.2222
12:55:41,3.2161
12:55:42,3.2137
12:55:43,3.2161
12:55:44,3.2149
12:55:45,3.2161
12:55:46,3.2198
12:55:47,3.2234
12:55:48,3.2137
12:55:49,3.2198
12:55:50,3.2161
12:55:51,3.2161
12:55:52,3.2137
12:55:53,3.2173
12:55:54,3.2161
12:55:55,3.221
12:55:56,3.2198
12:55:57,3.2186
12:55:58,3.2186
12:55:59,3.2186
12:56:00,3.2161
12:56:01,3.2125
12:56:02,3.2161
12:56:03,3.2161
12:56:04,3.221
12:56:05,3.2173
12:56:06,3.2222
12:56:07,3.2161
12:56:08,3.2161
12:56:09,3.2173
12:56:10,3.221
12:56:11,3.2186
12:56:12,3.2161
12:56:13,3.2161
12:56:14,3.2186
12:56:15,3.221
12:56:16,3.2222
12:56:17,3.2283
12:56:18,3.2283
12:56:19,3.2259
12:56:21,3.2234
12:56:22,3.2186
12:56:23,3.2247
12:56:24,3.2222
12:56:25,3.2198
12:56:26,3.221
12:56:27,3.2198
12:56:28,3.2247
12:56:29,3.2271
12:56:30,3.2283
12:56:31,3.2234
12:56:32,3.2234
12:56:33,3.2161
12:56:34,3.221
12:56:35,3.2222
12:56:36,3.2234
12:56:37,3.2234
12:56:38,3.2271
12:56:39,3.2271
12:56:40,3.221
12:56:41,3.2234
12:56:42,3.2271
12:56:43,3.2234
12:56:44,3.2234
12:56:45,3.2234
12:56:46,3.2247
12:56:47,3.2283
12:56:48,3.2271
12:56:49,3.2271
12:56:50,3.2271
12:56:51,3.2283
12:56:52,3.2271
12:56:53,3.2259
12:56:54,3.2247
12:56:55,3.2283
12:56:56,3.2271
12:56:57,3.2271
12:56:58,3.2283
12:56:59,3.2332
12:57:00,3.2283
12:57:01,3.2283
12:57:02,3.2271
12:57:03,3.2295
12:57:04,3.2344
12:57:05,3.2332
12:57:06,3.2308
12:57:07,3.2283
12:57:08,3.2295
12:57:09,3.2344
12:57:10,3.2332
12:57:11,3.2332
12:57:12,3.2357
12:57:13,3.2357
12:57:14,3.2283
12:57:15,3.232
12:57:16,3.2357
12:57:17,3.2344
12:57:18,3.2381
12:57:19,3.2332
12:57:20,3.2369
12:57:21,3.2308
12:57:23,3.2344
12:57:24,3.2344
12:57:25,3.2369
12:57:26,3.2418
12:57:27,3.2357
12:57:28,3.2369
12:57:29,3.2332
12:57:30,3.2344
12:57:31,3.2344
12:57:32,3.243
12:57:33,3.2442
12:57:34,3.2393
12:57:35,3.2369
12:57:36,3.2357
12:57:37,3.2405
12:57:38,3.2418
12:57:39,3.2454
12:57:40,3.243
12:57:41,3.2393
12:57:42,3.2369
12:57:43,3.2381
12:57:44,3.2454
12:57:45,3.2442
12:57:46,3.2442
12:57:47,3.2418
12:57:48,3.2418
12:57:49,3.2479
12:57:50,3.243
12:57:51,3.2466
12:57:52,3.243
12:57:53,3.2479
12:57:54,3.2466
12:57:55,3.2491
12:57:56,3.2479
12:57:57,3.2491
12:57:58,3.2503
12:57:59,3.2503
12:58:00,3.254
12:58:01,3.2466
12:58:02,3.2466
12:58:03,3.2479
12:58:04,3.2479
12:58:05,3.2454
12:58:06,3.2491
12:58:07,3.2564
12:58:08,3.2466
12:58:09,3.2527
12:58:10,3.2552
12:58:11,3.2515
12:58:12,3.2491
12:58:13,3.2552
12:58:14,3.2552
12:58:15,3.2515
12:58:16,3.2491
12:58:17,3.2552
12:58:18,3.2515
12:58:19,3.254
12:58:20,3.2552
12:58:21,3.2527
12:58:22,3.2527
12:58:23,3.2552
12:58:25,3.2552
12:58:26,3.2552
12:58:27,3.2552
12:58:28,3.2564
12:58:29,3.2576
12:58:30,3.2564
12:58:31,3.2552
12:58:32,3.2576
12:58:33,3.254
12:58:34,3.2564
12:58:35,3.2589
12:58:36,3.2576
12:58:37,3.2503
12:58:38,3.2576
12:58:39,3.2625
12:58:40,3.2552
12:58:41,3.2589
12:58:42,3.2564
12:58:43,3.2601
12:58:44,3.2576
12:58:45,3.2576
12:58:46,3.2576
12:58:47,3.2552
12:58:48,3.2589
12:58:49,3.2564
12:58:50,3.254
12:58:51,3.2589
12:58:52,3.2552
12:58:53,3.2552
12:58:54,3.3455
12:58:55,3.2576
12:58:56,3.2601
12:58:57,3.254
12:58:58,3.254
12:58:59,3.2552
12:59:00,3.2576
12:59:01,3.254
12:59:02,3.2589
12:59:03,3.254
12:59:04,3.2637
12:59:05,3.2552
12:59:06,3.2613
12:59:07,3.2564
12:59:08,3.2552
12:59:09,3.2564
12:59:10,3.2613
12:59:11,3.2552
12:59:12,3.2576
12:59:13,3.2527
12:59:14,3.2564
12:59:15,3.2564
12:59:16,3.2589
12:59:17,3.2552
12:59:18,3.2564
12:59:19,3.254
12:59:20,3.2576
12:59:21,3.2589
12:59:22,3.2552
12:59:23,3.2576
12:59:24,3.2552
12:59:25,3.2625
12:59:26,3.2552
12:59:28,3.2601
12:59:29,3.2564
12:59:30,3.2625
12:59:31,3.2564
12:59:32,3.2625
12:59:33,3.2527
12:59:34,3.2601
12:59:35,3.2576
12:59:36,3.2576
12:59:37,3.2552
12:59:38,3.2589
12:59:39,3.2601
12:59:40,3.254
12:59:41,3.2601
12:59:42,3.2576
12:59:43,3.2576
12:59:44,3.2552
12:59:45,3.2576
12:59:46,3.2576
12:59:47,3.2564
12:59:48,3.2613
12:59:49,3.2601
12:59:50,3.2589
12:59:51,3.2637
12:59:52,3.2613
12:59:53,3.2613
12:59:54,3.2625
12:59:55,3.2589
12:59:56,3.2601
12:59:57,3.2662
12:59:58,3.2613
12:59:59,3.2686
13:00:00,3.2625
13:00:01,3.2637
13:00:02,3.2601
13:00:03,3.265
13:00:04,3.2637
13:00:05,3.2674
13:00:06,3.265
13:00:07,3.265
13:00:08,3.265
13:00:09,3.265
13:00:10,3.2625
13:00:11,3.2662
13:00:12,3.265
13:00:13,3.2674
13:00:14,3.2674
13:00:15,3.2711
13:00:16,3.2686
13:00:17,3.2711
13:00:18,3.2723
13:00:19,3.2674
13:00:20,3.2674
13:00:21,3.2674
13:00:22,3.2662
13:00:23,3.2674
13:00:24,3.2686
13:00:25,3.2686
13:00:26,3.2674
13:00:27,3.2686
13:00:28,3.2686
13:00:29,3.2698
13:00:31,3.2747
13:00:32,3.2698
13:00:33,3.2735
13:00:34,3.2747
13:00:35,3.2637
13:00:36,3.2637
13:00:37,3.2674
13:00:38,3.2674
13:00:39,3.265
13:00:40,3.2625
13:00:41,3.2662
13:00:42,2.475
13:00:43,3.265
13:00:44,3.2637
13:00:45,3.2698
13:00:46,3.2662
13:00:47,3.2674
13:00:48,2.3944
13:00:49,3.2674
13:00:50,3.2711
13:00:51,3.2674
13:00:52,3.2674
13:00:53,3.2637
13:00:54,3.265
13:00:55,2.1783
13:00:56,3.2723
13:00:57,3.265
13:00:58,3.2711
13:00:59,3.2674
13:01:00,3.2759
13:01:01,2.5507
13:01:02,3.2674
13:01:03,3.2662
13:01:04,3.2723
13:01:05,3.2674
13:01:06,2.5189
13:01:07,2.4676
13:01:08,3.2735
13:01:09,3.2723
13:01:10,3.2711
13:01:11,3.2698
13:01:12,3.2662
13:01:13,3.2698
13:01:14,3.2747
13:01:15,2.5397
13:01:16,3.2698
13:01:17,3.2772
13:01:18,3.2723
13:01:19,2.5617
13:01:20,2.21
13:01:21,3.2759
13:01:22,3.2686
13:01:23,3.2772
13:01:24,3.2759
13:01:25,3.2759
13:01:26,3.2759
13:01:27,3.2723
13:01:28,3.2723
13:01:29,2.4762
13:01:30,3.2735
13:01:31,3.2772
13:01:33,3.2711
13:01:34,3.2723
13:01:35,3.2747
13:01:36,3.2698
13:01:37,3.2735
13:01:38,3.2772
13:01:39,3.2808
13:01:40,3.2747
13:01:41,3.2772
13:01:42,3.2723
13:01:43,3.2723
13:01:44,3.2723
13:01:45,3.2772
13:01:46,3.2747
13:01:47,2.1514
13:01:48,2.0891
13:01:49,2.3162
13:01:50,3.2698
13:01:51,3.2747
13:01:52,3.2711
13:01:53,2.1197
13:01:54,3.2698
13:01:55,3.2772
13:01:56,3.2747
13:01:57,3.2759
13:01:58,3.2735
13:01:59,3.2735
13:02:00,3.2723
13:02:01,3.2698
13:02:02,2.2125
13:02:03,3.2723
13:02:04,3.2686
13:02:05,3.2698
13:02:06,2.3358
13:02:07,2.2503
13:02:08,2.2955
13:02:09,3.2723
13:02:10,3.2711
13:02:11,3.2723
13:02:12,3.2735
13:02:13,3.2698
13:02:14,3.2747
13:02:15,3.2674
13:02:16,2.8803
13:02:17,3.2527
13:02:18,2.3138
13:02:19,3.2686
13:02:20,3.2735
13:02:21,3.2723
13:02:22,3.2723
13:02:23,2.3687
13:02:24,3.2772
13:02:25,3.2686
13:02:26,3.2821
13:02:27,3.2723
13:02:28,3.2808
13:02:29,2.3785
13:02:30,3.2784
13:02:31,3.2759
13:02:33,2.9011
13:02:34,3.2772
13:02:35,3.2723
13:02:36,3.2759
13:02:37,3.2759
13:02:38,3.2747
13:02:39,3.2723
13:02:40,3.2796
13:02:41,3.2796
13:02:42,3.2723
13:02:43,3.2784
13:02:44,3.2772
13:02:45,3.2747
13:02:46,3.2759
13:02:47,3.2735
13:02:48,3.2772
13:02:49,3.2735
13:02:50,3.2784
13:02:51,3.2747
13:02:52,3.2759
13:02:53,3.2747
13:02:54,3.2772
13:02:55,3.2784
13:02:56,3.2747
13:02:57,3.2747
13:02:58,3.2759
13:02:59,3.2784
13:03:00,3.2821
13:03:01,3.2747
13:03:02,3.2784
13:03:03,3.2759
13:03:04,3.2784
13:03:05,3.2796
13:03:06,3.2759
13:03:07,3.2808
13:03:08,3.2747
13:03:09,3.2759
13:03:10,3.2821
13:03:11,3.2772
13:03:12,3.2796
13:03:13,3.2747
13:03:14,3.2796
13:03:15,3.2735
13:03:16,3.2772
13:03:17,3.2747
13:03:18,3.2735
13:03:19,3.2772
13:03:20,3.2723
13:03:21,3.2759
13:03:22,3.2735
13:03:23,3.2772
13:03:24,3.2759
13:03:25,3.2747
13:03:26,3.2735
13:03:27,3.2723
13:03:28,3.2735
13:03:29,3.2759
13:03:30,3.2747
13:03:31,3.2723
13:03:32,3.2723
13:03:33,3.2759
13:03:34,3.2772
13:03:36,3.2735
13:03:37,3.2772
13:03:38,3.2735
13:03:39,3.2735
13:03:40,3.2735
13:03:41,3.2759
13:03:42,3.2759
13:03:43,3.2747
13:03:44,3.2735
13:03:45,3.2772
13:03:46,3.2747
13:03:47,3.2747
13:03:48,3.2772
13:03:49,3.2772
13:03:50,3.2772
13:03:51,3.2747
13:03:52,3.2747
13:03:53,3.2784
13:03:54,3.2759
13:03:55,3.2772
13:03:56,3.2747
13:03:57,3.2747
13:03:58,3.2747
13:03:59,3.2747
13:04:00,3.2723
13:04:01,3.2747
13:04:02,3.2711
13:04:03,3.2723
13:04:04,3.2711
13:04:05,3.2735
13:04:06,3.2711
13:04:07,3.2723
13:04:08,3.2711
13:04:09,3.2735
13:04:10,3.2723
13:04:11,3.2711
13:04:12,3.2759
13:04:13,3.2723
13:04:14,3.2698
13:04:15,3.2747
13:04:16,3.2723
13:04:17,3.2723
13:04:18,3.2747
13:04:19,3.2698
13:04:20,3.2723
13:04:21,3.2686
13:04:22,3.2723
13:04:23,3.2723
13:04:24,3.2698
13:04:25,3.2711
13:04:26,3.2698
13:04:27,3.2723
13:04:28,3.2723
13:04:29,3.2711
13:04:30,3.2723
13:04:31,3.2711
13:04:32,3.2698
13:04:33,3.2674
13:04:34,3.2735
13:04:35,3.2698
13:04:36,3.2698
13:04:37,3.2735
13:04:39,3.2674
13:04:40,3.2674
13:04:41,3.2662
13:04:42,3.2698
13:04:43,3.2674
13:04:44,3.2674
13:04:45,3.2698
13:04:46,3.2674
13:04:47,3.2674
13:04:48,3.2711
13:04:49,3.2698
13:04:50,3.2711
13:04:51,3.2674
13:04:52,3.2674
13:04:53,3.2698
13:04:54,3.2698
13:04:55,3.2698
13:04:56,3.2686
13:04:57,3.2723
13:04:58,3.2711
13:04:59,3.2735
13:05:00,3.2686
13:05:01,3.2698
13:05:02,3.2698
13:05:03,3.2747
13:05:04,3.2747
13:05:05,3.2747
13:05:06,3.2723
13:05:07,3.2747
13:05:08,3.2772
13:05:09,3.2735
13:05:10,3.2796
13:05:11,3.2735
13:05:12,3.2759
13:05:13,3.2784
13:05:14,3.2772
13:05:15,3.2821
13:05:16,3.2772
13:05:17,3.2772
13:05:18,3.2772
13:05:19,3.2808
13:05:20,3.2808
13:05:21,3.2808
13:05:22,3.2821
13:05:23,3.2857
13:05:24,3.2845
13:05:25,3.2869
13:05:26,3.2808
13:05:27,3.2845
13:05:28,3.2833
13:05:29,3.2821
13:05:30,3.2821
13:05:31,3.2857
13:05:32,3.2821
13:05:33,3.2796
13:05:34,3.2833
13:05:35,3.2845
13:05:36,3.2845
13:05:37,3.2833
13:05:38,3.2821
13:05:39,3.2857
13:05:40,3.2808
13:05:42,3.2869
13:05:43,3.2808
13:05:44,3.2821
13:05:45,3.2833
13:05:46,3.2821
13:05:47,3.2845
13:05:48,3.2821
13:05:49,3.2833
13:05:50,3.2784
13:05:51,3.2833
13:05:52,3.2845
13:05:53,3.2808
13:05:54,3.2821
13:05:55,3.2772
13:05:56,3.2821
13:05:57,3.2821
13:05:58,3.2808
13:05:59,3.2821
13:06:00,3.2796
13:06:01,3.2821
13:06:02,3.2845
13:06:03,3.2808
13:06:04,3.2833
13:06:05,3.2808
13:06:06,3.2821
13:06:07,3.2821
13:06:08,3.2845
13:06:09,3.2821
13:06:10,3.2796
13:06:11,3.2808
13:06:12,3.2808
13:06:13,3.2821
13:06:14,3.2845
13:06:15,3.2796
13:06:16,3.2808
13:06:17,3.2759
13:06:18,3.2821
13:06:19,3.2772
13:06:20,3.2796
13:06:21,3.2759
13:06:22,3.2796
13:06:23,3.2821
13:06:24,3.2759
13:06:25,3.2759
13:06:26,3.2759
13:06:27,3.2808
13:06:28,3.2772
13:06:29,3.2772
13:06:30,3.2747
13:06:31,3.2759
13:06:32,3.2735
13:06:33,3.2759
13:06:34,3.2784
13:06:35,3.2735
13:06:36,3.2723
13:06:37,3.2723
13:06:38,3.2735
13:06:39,3.2772
13:06:40,3.2723
13:06:41,3.2735
13:06:42,3.2747
13:06:43,3.2747
13:06:45,3.2711
13:06:46,3.2735
13:06:47,3.2747
13:06:48,3.2723
13:06:49,3.2686
13:06:50,3.2698
13:06:51,3.2698
13:06:52,3.2747
13:06:53,3.2698
13:06:54,3.2723
13:06:55,3.2686
13:06:56,3.2698
13:06:57,3.265
13:06:58,3.2723
13:06:59,3.2723
13:07:00,3.2711
13:07:01,3.2735
13:07:02,3.2698
13:07:03,3.2698
13:07:04,3.2723
13:07:05,3.2698
13:07:06,3.2698
13:07:07,3.2674
13:07:08,3.2662
13:07:09,3.2674
13:07:10,3.2698
13:07:11,3.2674
13:07:12,3.2686
13:07:13,3.2698
13:07:14,3.2662
13:07:15,3.2686
13:07:16,3.2662
13:07:17,3.2686
13:07:18,3.2674
13:07:19,3.2674
13:07:20,3.2698
13:07:21,3.2674
13:07:22,3.2711
13:07:23,3.2662
13:07:24,3.2711
13:07:25,3.2674
13:07:26,3.2662
13:07:27,3.2747
13:07:28,3.2637
13:07:29,3.2674
13:07:30,3.2698
13:07:31,3.2674
13:07:32,3.2698
13:07:33,3.265
13:07:34,3.2686
13:07:35,3.2711
13:07:36,3.2674
13:07:37,3.2674
13:07:38,3.2686
13:07:39,3.2662
13:07:40,3.2698
13:07:41,3.265
13:07:42,3.2723
13:07:43,3.2698
13:07:44,3.2637
13:07:45,3.2698
13:07:46,3.2662
13:07:48,3.2723
13:07:49,3.2711
13:07:50,3.265
13:07:51,3.2747
13:07:52,3.2674
13:07:53,3.2698
13:07:54,3.2747
13:07:55,3.2698
13:07:56,3.2735
13:07:57,3.2711
13:07:58,3.2711
13:07:59,3.2735
13:08:00,3.2711
13:08:01,3.2686
13:08:02,3.2723
13:08:03,3.2735
13:08:04,3.2723
13:08:05,3.2735
13:08:06,3.2686
13:08:07,3.2735
13:08:08,3.2723
13:08:09,3.2711
13:08:10,3.2698
13:08:11,3.2698
13:08:12,3.2723
13:08:13,3.2698
13:08:14,3.2747
13:08:15,3.2711
13:08:16,3.2723
13:08:17,3.2723
13:08:18,3.2686
13:08:19,3.2686
13:08:20,3.2723
13:08:21,3.2723
13:08:22,3.2711
13:08:23,3.2747
13:08:24,3.2723
13:08:25,3.2735
13:08:26,3.2711
13:08:27,3.2747
13:08:28,3.2735
13:08:29,3.2772
13:08:30,3.2759
13:08:31,3.2759
13:08:32,3.2759
13:08:33,3.2772
13:08:34,3.2747
13:08:35,3.2735
13:08:36,3.2772
13:08:37,3.2723
13:08:38,3.2747
13:08:39,3.2711
13:08:40,3.2784
13:08:41,3.2723
13:08:42,3.2796
13:08:43,3.2747
13:08:44,3.2747
13:08:45,3.2759
13:08:46,3.2772
13:08:47,3.2784
13:08:48,3.2735
13:08:49,3.2772
13:08:50,3.2772
13:08:52,3.2772
13:08:53,3.2759
13:08:54,3.2723
13:08:55,3.2784
13:08:56,3.2759
13:08:57,3.2833
13:08:58,3.2796
13:08:59,3.2808
13:09:00,3.2821
13:09:01,3.2772
13:09:02,3.2808
13:09:03,3.2784
13:09:04,3.2845
13:09:05,3.2808
13:09:06,3.2808
13:09:07,3.2808
13:09:08,3.2772
13:09:09,3.2845
13:09:10,3.2869
13:09:11,3.2821
13:09:12,3.2869
13:09:13,3.2808
13:09:14,3.2845
13:09:15,3.2845
13:09:16,3.2833
13:09:17,3.2869
13:09:18,3.2845
13:09:19,3.2821
13:09:20,3.2857
13:09:21,3.2821
13:09:22,3.2821
13:09:23,3.2772
13:09:24,3.2796
13:09:25,3.2821
13:09:26,3.2772
13:09:27,3.2796
13:09:28,3.2735
13:09:29,3.2759
13:09:30,3.2784
13:09:31,3.2796
13:09:32,3.2759
13:09:33,3.2759
13:09:34,3.2796
13:09:35,3.2772
13:09:36,3.2772
13:09:37,3.2772
13:09:38,3.2772
13:09:39,3.2772
13:09:40,3.2808
13:09:41,3.2784
13:09:42,3.2796
13:09:43,3.2772
13:09:44,3.2784
13:09:45,3.2772
13:09:46,3.2747
13:09:47,3.2808
13:09:48,3.2796
13:09:49,3.2784
13:09:50,3.2796
13:09:51,3.2821
13:09:52,3.2821
13:09:53,3.2808
13:09:55,3.2796
13:09:56,3.2796
13:09:57,3.2772
13:09:58,3.2735
13:09:59,3.2772
13:10:00,3.2759
13:10:01,3.2784
13:10:02,3.2784
13:10:03,3.2759
13:10:04,3.2772
13:10:05,3.2796
13:10:06,3.2735
13:10:07,3.2772
13:10:08,3.2735
13:10:09,3.2747
13:10:10,3.2772
13:10:11,3.2772
13:10:12,3.2759
13:10:13,3.2772
13:10:14,3.2784
13:10:15,3.2784
13:10:16,3.2747
13:10:17,3.2747
13:10:18,3.2759
13:10:19,3.2735
13:10:20,3.2735
13:10:21,3.2711
13:10:22,3.2698
13:10:23,3.2723
13:10:24,3.2711
13:10:25,3.2723
13:10:26,3.2759
13:10:27,3.2747
13:10:28,3.2723
13:10:29,3.2759
13:10:30,3.2747
13:10:31,3.2759
13:10:32,3.2759
13:10:33,3.2772
13:10:34,3.2723
13:10:35,3.2747
13:10:36,3.2747
13:10:37,3.2711
13:10:38,3.2711
13:10:39,3.2698
13:10:40,3.2711
13:10:41,3.2698
13:10:42,3.2711
13:10:43,3.2747
13:10:44,3.2772
13:10:45,3.2723
13:10:46,3.2759
13:10:47,3.2711
13:10:48,3.2759
13:10:49,3.2711
13:10:50,3.2735
13:10:51,3.2698
13:10:52,3.2723
13:10:53,3.2735
13:10:54,3.2735
13:10:55,3.2759
13:10:56,3.2747
13:10:58,3.2796
13:10:59,3.2723
13:11:00,3.2735
13:11:01,3.2711
13:11:02,3.2759
13:11:03,3.2723
13:11:04,3.2686
13:11:05,3.2698
13:11:06,3.2698
13:11:07,3.2674
13:11:08,3.2698
13:11:09,3.2662
13:11:10,3.2662
13:11:11,3.2686
13:11:12,3.2613
13:11:13,3.2711
13:11:14,3.2674
13:11:15,3.2674
13:11:16,3.265
13:11:17,3.2686
13:11:18,3.2711
13:11:19,3.2674
13:11:20,3.2674
13:11:21,3.2662
13:11:22,3.2674
13:11:23,3.2625
13:11:24,3.2674
13:11:25,3.2637
13:11:26,3.2674
13:11:27,3.265
13:11:28,3.2613
13:11:29,3.2662
13:11:30,3.2625
13:11:31,3.2662
13:11:32,3.265
13:11:33,3.2625
13:11:34,3.265
13:11:35,3.2601
13:11:36,3.2637
13:11:37,3.2625
13:11:38,3.2674
13:11:39,3.2674
13:11:40,3.2625
13:11:41,3.2601
13:11:42,3.2625
13:11:43,3.265
13:11:44,3.2662
13:11:45,3.2637
13:11:46,3.2589
13:11:47,3.2564
13:11:48,3.2601
13:11:49,3.2589
13:11:50,3.2601
13:11:51,3.2601
13:11:52,3.2576
13:11:53,3.2589
13:11:54,3.2601
13:11:55,3.2552
13:11:56,3.2601
13:11:57,3.2601
13:11:58,3.2589
13:11:59,3.2576
13:12:01,3.2552
13:12:02,3.2613
13:12:03,3.2601
13:12:04,3.2601
13:12:05,3.2564
13:12:06,3.2564
13:12:07,3.2625
13:12:08,3.2576
13:12:09,3.2613
13:12:10,3.2576
13:12:11,3.2625
13:12:12,3.2601
13:12:13,3.2552
13:12:14,3.2576
13:12:15,3.2576
13:12:16,3.2625
13:12:17,3.2576
13:12:18,3.265
13:12:19,3.2625
13:12:20,3.2674
13:12:21,3.2576
13:12:22,3.2625
13:12:23,3.2613
13:12:24,3.2552
13:12:25,3.2613
13:12:26,3.2576
13:12:27,3.2625
13:12:28,3.254
13:12:29,3.2589
13:12:30,3.2552
13:12:31,3.2564
13:12:32,3.2601
13:12:33,3.2564
13:12:34,3.2576
13:12:35,3.2589
13:12:36,3.2564
13:12:37,3.2601
13:12:38,3.2552
13:12:39,3.2564
13:12:40,3.2625
13:12:41,3.2552
13:12:42,3.2589
13:12:43,3.2515
13:12:44,3.2576
13:12:45,3.2576
13:12:46,3.2552
13:12:47,3.2613
13:12:48,3.2552
13:12:49,3.2625
13:12:50,3.2564
13:12:51,3.254
13:12:52,3.2564
13:12:53,3.2515
13:12:54,3.2613
13:12:55,3.2515
13:12:56,3.2527
13:12:57,3.2589
13:12:58,3.2552
13:12:59,3.254
13:13:00,3.2576
13:13:01,3.254
13:13:02,3.2576
13:13:04,3.2527
13:13:05,3.2564
13:13:06,3.2576
13:13:07,3.2552
13:13:08,3.2613
13:13:09,3.2564
13:13:10,3.254
13:13:11,3.2564
13:13:12,3.2589
13:13:13,3.2552
13:13:14,3.2589
13:13:15,3.2576
13:13:16,3.2564
13:13:17,3.2589
13:13:18,3.2589
13:13:19,3.2527
13:13:20,3.2564
13:13:21,3.2564
13:13:22,3.2576
13:13:23,3.2552
13:13:24,3.2589
13:13:25,3.2589
13:13:26,3.2576
13:13:27,3.2625
13:13:28,3.2576
13:13:29,3.2601
13:13:30,3.2515
13:13:31,3.2552
13:13:32,3.2576
13:13:33,3.2613
13:13:34,3.2564
13:13:35,3.2625
13:13:36,3.2552
13:13:37,3.2613
13:13:38,3.2576
13:13:39,3.2576
13:13:40,3.2576
13:13:41,3.2576
13:13:42,3.2589
13:13:43,3.2601
13:13:44,3.2576
13:13:45,3.2601
13:13:46,3.2576
13:13:47,3.2576
13:13:48,3.2637
13:13:49,3.2589
13:13:50,3.265
13:13:51,3.2601
13:13:52,3.265
13:13:53,3.2601
13:13:54,3.2625
13:13:55,3.2601
13:13:56,3.265
13:13:57,3.2637
13:13:58,3.2601
13:13:59,3.2625
13:14:00,3.2613
13:14:01,3.265
13:14:02,3.2613
13:14:03,3.2613
13:14:04,3.2576
13:14:05,3.2625
13:14:07,3.2613
13:14:08,3.2625
13:14:09,3.2625
13:14:10,3.2637
13:14:11,3.2601
13:14:12,3.2625
13:14:13,3.2662
13:14:14,3.2576
13:14:15,3.2674
13:14:16,3.2601
13:14:17,3.2686
13:14:18,3.2637
13:14:19,3.2613
13:14:20,3.2625
13:14:21,3.2625
13:14:22,3.2625
13:14:23,3.2674
13:14:24,3.2637
13:14:25,3.265
13:14:26,3.265
13:14:27,3.2637
13:14:28,3.2698
13:14:29,3.2589
13:14:30,3.265
13:14:31,3.2637
13:14:32,3.2674
13:14:33,3.2625
13:14:34,3.2589
13:14:35,3.2613
13:14:36,3.2662
13:14:37,3.2625
13:14:38,3.265
13:14:39,3.265
13:14:40,3.2625
13:14:41,3.2613
13:14:42,3.2625
13:14:43,3.2637
13:14:44,3.2625
13:14:45,3.2625
13:14:46,3.2625
13:14:47,3.2674
13:14:48,3.2625
13:14:49,3.2625
13:14:50,3.2625
13:14:51,3.2711
13:14:52,3.2613
13:14:53,3.265
13:14:54,3.2613
13:14:55,3.2625
13:14:56,3.2613
13:14:57,3.2613
13:14:58,3.2613
13:14:59,3.2625
13:15:00,3.2625
13:15:01,3.2564
13:15:02,3.2674
13:15:03,3.2589
13:15:04,3.2637
13:15:05,3.2552
13:15:06,3.2589
13:15:07,3.2601
13:15:08,3.2564
13:15:10,3.2637
13:15:11,3.2601
13:15:12,3.2601
13:15:13,3.2589
13:15:14,3.2601
13:15:15,3.2625
13:15:16,3.2601
13:15:17,3.2625
13:15:18,3.2564
13:15:19,3.2625
13:15:20,3.2576
13:15:21,3.2564
13:15:22,3.2576
13:15:23,3.2552
13:15:24,3.2625
13:15:25,3.2552
13:15:26,3.2601
13:15:27,3.2552
13:15:28,3.2601
13:15:29,3.2564
13:15:30,3.254
13:15:31,3.2601
13:15:32,3.254
13:15:33,3.2601
13:15:34,3.254
13:15:35,3.2564
13:15:36,3.2552
13:15:37,3.2589
13:15:38,3.254
13:15:39,3.2576
13:15:40,3.2527
13:15:41,3.254
13:15:42,3.254
13:15:43,3.2564
13:15:44,3.254
13:15:45,3.2564
13:15:46,3.254
13:15:47,3.2527
13:15:48,3.2527
13:15:49,3.2564
13:15:50,3.2576
13:15:51,3.254
13:15:52,3.2552
13:15:53,3.2552
13:15:54,3.2589
13:15:55,3.2613
13:15:56,3.2552
13:15:57,3.2637
13:15:58,3.2576
13:15:59,3.2625
13:16:00,3.254
13:16:01,3.2564
13:16:02,3.2564
13:16:03,3.254
13:16:04,3.2527
13:16:05,3.2576
13:16:06,3.2601
13:16:07,3.2515
13:16:08,3.2527
13:16:09,3.2527
13:16:10,3.2576
13:16:11,3.2552
13:16:13,3.2576
13:16:14,3.2552
13:16:15,3.2564
13:16:16,3.2576
13:16:17,3.2527
13:16:18,3.2576
13:16:19,3.2564
13:16:20,3.2613
13:16:21,3.2552
13:16:22,3.2625
13:16:23,3.2527
13:16:24,3.2552
13:16:25,3.2601
13:16:26,3.2613
13:16:27,3.2564
13:16:28,3.2625
13:16:29,3.2576
13:16:30,3.2625
13:16:31,3.2576
13:16:32,3.2637
13:16:33,3.2576
13:16:34,3.265
13:16:35,3.2625
13:16:36,3.2637
13:16:37,3.2625
13:16:38,3.2625
13:16:39,3.2625
13:16:40,3.2637
13:16:41,3.2613
13:16:42,3.265
13:16:43,3.2625
13:16:44,3.2674
13:16:45,3.2625
13:16:46,3.265
13:16:47,3.265
13:16:48,3.2637
13:16:49,3.2674
13:16:50,3.2637
13:16:51,3.2674
13:16:52,3.265
13:16:53,3.2662
13:16:54,3.2674
13:16:55,3.2625
13:16:56,3.265
13:16:57,3.2637
13:16:58,3.2735
13:16:59,3.2625
13:17:00,3.2723
13:17:01,3.2625
13:17:02,3.2637
13:17:03,3.2711
13:17:04,3.265
13:17:05,3.2723
13:17:06,3.2601
13:17:07,3.2735
13:17:08,3.265
13:17:09,3.2735
13:17:10,3.265
13:17:11,3.2735
13:17:12,3.2625
13:17:13,3.2723
13:17:15,3.2637
13:17:16,3.2711
13:17:17,3.2625
13:17:18,3.2747
13:17:19,3.265
13:17:20,3.2723
13:17:21,3.2686
13:17:22,3.2723
13:17:23,3.2637
13:17:24,3.2698
13:17:25,3.2711
13:17:26,3.2711
13:17:27,3.265
13:17:28,3.2686
13:17:29,3.2674
13:17:30,3.2735
13:17:31,3.265
13:17:32,3.2723
13:17:33,3.265
13:17:34,3.2747
13:17:35,3.2674
13:17:36,3.2723
13:17:37,3.2674
13:17:38,3.2698
13:17:39,3.2674
13:17:40,3.2723
13:17:41,3.2711
13:17:42,3.2698
13:17:43,3.2674
13:17:44,3.2698
13:17:45,3.2723
13:17:46,3.2674
13:17:47,3.2759
13:17:48,3.2686
13:17:49,3.2747
13:17:50,3.2711
13:17:51,3.2711
13:17:52,3.2711
13:17:53,3.2711
13:17:54,3.2723
13:17:55,3.2674
13:17:56,3.2747
13:17:57,3.2698
13:17:58,3.2747
13:17:59,3.2723
13:18:00,3.2711
13:18:01,3.2735
13:18:02,3.2698
13:18:03,3.2698
13:18:04,3.2772
13:18:05,3.2698
13:18:06,3.2711
13:18:07,3.2698
13:18:08,3.2698
13:18:09,3.2698
13:18:10,3.2735
13:18:11,3.2674
13:18:12,3.2759
13:18:13,3.2674
13:18:14,3.2772
13:18:15,3.2686
13:18:17,3.2698
13:18:18,3.2662
13:18:19,3.2698
13:18:20,3.2723
13:18:21,3.265
13:18:22,3.2674
13:18:23,3.2674
13:18:24,3.2674
13:18:25,3.2674
13:18:26,3.2637
13:18:27,3.2711
13:18:28,3.2674
13:18:29,3.2698
13:18:30,3.2637
13:18:31,3.2686
13:18:32,3.2637
13:18:33,3.2674
13:18:34,3.265
13:18:35,3.2674
13:18:36,3.2674
13:18:37,3.2674
13:18:38,3.2674
13:18:39,3.2662
13:18:40,3.2723
13:18:41,3.2625
13:18:42,3.2674
13:18:43,3.2698
13:18:44,3.2625
13:18:45,3.2698
13:18:46,3.265
13:18:47,3.2723
13:18:48,3.2674
13:18:49,3.2698
13:18:50,3.2711
13:18:51,3.2686
13:18:52,3.2698
13:18:53,3.2698
13:18:54,3.2625
13:18:55,3.2637
13:18:56,3.2637
13:18:57,3.2674
13:18:58,3.2674
13:18:59,3.2625
13:19:00,3.2698
13:19:01,3.2637
13:19:02,3.2674
13:19:03,3.2674
13:19:04,3.2698
13:19:05,3.2674
13:19:06,3.2735
13:19:07,3.2698
13:19:08,3.2723
13:19:09,3.2698
13:19:10,3.2723
13:19:11,3.2674
13:19:12,3.2711
13:19:13,3.2662
13:19:14,3.2674
13:19:15,3.2723
13:19:16,3.2662
13:19:17,3.2698
13:19:19,3.2723
13:19:20,3.2674
13:19:21,3.2698
13:19:22,3.2711
13:19:23,3.2674
13:19:24,3.2686
13:19:25,3.2711
13:19:26,3.2686
13:19:27,3.2698
13:19:28,3.265
13:19:29,3.2637
13:19:30,3.2674
13:19:31,3.2662
13:19:32,3.2662
13:19:33,3.2686
13:19:34,3.2723
13:19:35,3.2686
13:19:36,3.265
13:19:37,3.2698
13:19:38,3.2674
13:19:39,3.2674
13:19:40,3.265
13:19:41,3.2662
13:19:42,3.2637
13:19:43,3.2662
13:19:44,3.2674
13:19:45,3.2625
13:19:46,3.2637
13:19:47,3.2662
13:19:48,3.265
13:19:49,3.2674
13:19:50,3.2662
13:19:51,3.2662
13:19:52,3.2674
13:19:53,3.2662
13:19:54,3.2662
13:19:55,3.2698
13:19:56,3.265
13:19:57,3.265
13:19:58,3.2662
13:19:59,3.265
13:20:00,3.2625
13:20:01,3.2637
13:20:02,3.265
13:20:03,3.2662
13:20:04,3.2637
13:20:05,3.265
13:20:06,3.2625
13:20:07,3.2686
13:20:08,3.2625
13:20:09,3.2637
13:20:10,3.265
13:20:11,3.2613
13:20:12,3.2698
13:20:13,3.2637
13:20:14,3.2613
13:20:15,3.2613
13:20:16,3.2601
13:20:17,3.2625
13:20:18,3.2625
13:20:19,3.2625
13:20:20,3.2613
13:20:22,3.2564
13:20:23,3.2601
13:20:24,3.2601
13:20:25,3.2564
13:20:26,3.2601
13:20:27,3.2625
13:20:28,3.2576
13:20:29,3.2625
13:20:30,3.2613
13:20:31,3.2601
13:20:32,3.2589
13:20:33,3.2589
13:20:34,3.2601
13:20:35,3.2625
13:20:36,3.2613
13:20:37,3.2576
13:20:38,3.2576
13:20:39,3.2564
13:20:40,3.2601
13:20:41,3.2613
13:20:42,3.2601
13:20:43,3.2601
13:20:44,3.2576
13:20:45,3.2576
13:20:46,3.2576
13:20:47,3.2625
13:20:48,3.2552
13:20:49,3.2613
13:20:50,3.2576
13:20:51,3.2564
13:20:52,3.2589
13:20:53,3.2576
13:20:54,3.2552
13:20:55,3.2564
13:20:56,3.2576
13:20:57,3.2576
13:20:58,3.2589
13:20:59,3.2576
13:21:00,3.2589
13:21:01,3.2552
13:21:02,3.2564
13:21:03,3.2625
13:21:04,3.2515
13:21:05,3.2576
13:21:06,3.254
13:21:07,3.2552
13:21:08,3.2601
13:21:09,3.2552
13:21:10,3.2613
13:21:11,3.2552
13:21:12,3.2625
13:21:13,3.2564
13:21:14,3.254
13:21:15,3.2613
13:21:16,3.2552
13:21:17,3.2625
13:21:18,3.254
13:21:19,3.2589
13:21:20,3.2527
13:21:21,3.2576
13:21:22,3.2552
13:21:24,3.2527
13:21:25,3.2601
13:21:26,3.2527
13:21:27,3.2601
13:21:28,3.2552
13:21:29,3.2527
13:21:30,3.2552
13:21:31,3.2527
13:21:32,3.254
13:21:33,3.2527
13:21:34,3.2527
13:21:35,3.2491
13:21:36,3.2515
13:21:37,3.254
13:21:38,3.2527
13:21:39,3.2552
13:21:40,3.254
13:21:41,3.2503
13:21:42,3.254
13:21:43,3.2564
13:21:44,3.2552
13:21:45,3.2503
13:21:46,3.2527
13:21:47,3.2527
13:21:48,3.2527
13:21:49,3.2564
13:21:50,3.2515
13:21:51,3.254
13:21:52,3.2491
13:21:53,3.2503
13:21:54,3.2527
13:21:55,3.2552
13:21:56,3.2527
13:21:57,3.2564
13:21:58,3.2564
13:21:59,3.2552
13:22:00,3.2527
13:22:01,3.254
13:22:02,3.2515
13:22:03,3.2552
13:22:04,3.2527
13:22:05,3.2515
13:22:06,3.2491
13:22:07,3.2491
13:22:08,3.2503
13:22:09,3.2491
13:22:10,3.2527
13:22:11,3.2503
13:22:12,3.2515
13:22:13,3.2515
13:22:14,3.2503
13:22:15,3.2527
13:22:16,3.2503
13:22:17,3.2479
13:22:18,3.2515
13:22:19,3.2503
13:22:20,3.2527
13:22:21,3.2503
13:22:22,3.2479
13:22:23,3.2527
13:22:24,3.2503
13:22:25,3.2479
13:22:26,3.2515
13:22:28,3.2491
13:22:29,3.2491
13:22:30,3.2491
13:22:31,3.2503
13:22:32,3.2491
13:22:33,3.2479
13:22:34,2.9939
13:22:35,3.254
13:22:36,3.2466
13:22:37,3.2479
13:22:38,3.2503
13:22:39,3.243
13:22:40,3.2515
13:22:41,3.2527
13:22:42,3.2503
13:22:43,3.2491
13:22:44,3.2552
13:22:45,3.2515
13:22:46,3.254
13:22:47,3.2527
13:22:48,3.2454
13:22:49,3.2479
13:22:50,3.2601
13:22:51,2.1709
13:22:52,3.2527
13:22:53,3.2552
13:22:54,3.2503
13:22:55,3.2503
13:22:56,3.2527
13:22:57,2.2027
13:22:58,3.2527
13:22:59,3.2527
13:23:00,3.2454
13:23:01,3.2308
13:23:02,3.254
13:23:03,2.1441
13:23:04,3.2503
13:23:05,3.243
13:23:06,3.2479
13:23:07,3.2515
13:23:08,3.2527
13:23:09,3.2576
13:23:10,3.2527
13:23:11,3.2515
13:23:12,3.2491
13:23:13,3.254
13:23:14,2.4188
13:23:15,3.2515
13:23:16,3.2491
13:23:17,3.2527
13:23:18,3.2576
13:23:19,3.2552
13:23:20,2.5299
13:23:21,2.2613
13:23:22,3.2503
13:23:23,3.2527
13:23:24,3.2479
13:23:25,3.2479
13:23:26,3.2552
13:23:27,2.3834
13:23:28,3.2552
13:23:30,2.127
13:23:31,3.2589
13:23:32,3.2527
13:23:33,3.2503
13:23:34,3.2527
13:23:35,3.2552
13:23:36,3.2527
13:23:37,3.2515
13:23:38,3.2552
13:23:39,3.2564
13:23:40,2.4933
13:23:41,2.1722
13:23:42,2.1416
13:23:43,3.2515
13:23:44,3.2527
13:23:45,3.2503
13:23:46,3.2454
13:23:47,3.2491
13:23:48,3.254
13:23:49,3.2466
13:23:50,3.2405
13:23:51,3.243
13:23:52,3.243
13:23:53,2.3492
13:23:54,2.9377
13:23:55,3.2491
13:23:56,3.254
13:23:57,3.2491
13:23:58,3.2503
13:23:59,3.1074
13:24:00,2.3541
13:24:01,3.2527
13:24:02,3.2515
13:24:03,3.2527
13:24:04,3.254
13:24:05,3.2479
13:24:06,3.2527
13:24:07,3.2527
13:24:08,3.2527
13:24:09,3.2552
13:24:10,2.4615
13:24:11,3.2503
13:24:12,3.2564
13:24:13,3.254
13:24:14,2.4933
13:24:15,3.2552
13:24:16,3.254
13:24:17,3.2552
13:24:18,3.2552
13:24:19,2.4689
13:24:20,3.2552
13:24:21,3.2552
13:24:22,3.2589
13:24:23,2.315
13:24:24,2.442
13:24:25,3.1502
13:24:26,3.254
13:24:27,3.2515
13:24:28,3.2613
13:24:29,3.2625
13:24:30,2.4823
13:24:32,2.3248
13:24:33,2.0391
13:24:34,3.2576
13:24:35,3.2613
13:24:36,3.2625
13:24:37,3.2589
13:24:38,3.2589
13:24:39,3.2576
13:24:40,3.2576
13:24:41,3.2576
13:24:42,3.254
13:24:43,3.2601
13:24:44,3.2613
13:24:45,3.2564
13:24:46,3.2601
13:24:47,3.2613
13:24:48,3.2601
13:24:49,3.2613
13:24:50,3.2601
13:24:51,3.2601
13:24:52,3.2601
13:24:53,3.2576
13:24:54,3.2601
13:24:55,3.2613
13:24:56,3.2625
13:24:57,3.2589
13:24:58,3.2601
13:24:59,3.2601
13:25:00,3.2625
13:25:01,3.2625
13:25:02,3.2625
13:25:03,3.2601
13:25:04,3.2625
13:25:05,3.265
13:25:06,3.2601
13:25:07,3.2625
13:25:08,3.2625
13:25:09,3.2625
13:25:10,3.2625
13:25:11,3.2625
13:25:12,3.265
13:25:13,3.2625
13:25:14,3.2625
13:25:15,3.2625
13:25:16,3.2613
13:25:17,3.2613
13:25:18,3.2625
13:25:19,3.2625
13:25:20,3.2589
13:25:21,3.2625
13:25:22,3.2625
13:25:23,3.2625
13:25:24,3.2637
13:25:25,3.2662
13:25:26,3.2601
13:25:27,3.2625
13:25:28,3.2637
13:25:29,3.2589
13:25:30,3.265
13:25:31,3.2662
13:25:32,3.2625
13:25:34,3.2674
13:25:35,3.2662
13:25:36,3.2674
13:25:37,3.265
13:25:38,3.2674
13:25:39,3.2625
13:25:40,3.2674
13:25:41,3.265
13:25:42,3.265
13:25:43,3.265
13:25:44,3.2662
13:25:45,3.265
13:25:46,3.265
13:25:47,3.265
13:25:48,3.265
13:25:49,3.2637
13:25:50,3.2662
13:25:51,3.2662
13:25:52,3.265
13:25:53,3.265
13:25:54,3.2674
13:25:55,3.2662
13:25:56,3.2637
13:25:57,3.2625
13:25:58,3.2662
13:25:59,3.2625
13:26:00,3.2674
13:26:01,3.2637
13:26:02,3.2637
13:26:03,3.2686
13:26:04,3.2686
13:26:05,3.2711
13:26:06,3.2625
13:26:07,3.2686
13:26:08,3.2625
13:26:09,3.265
13:26:10,3.265
13:26:11,3.2613
13:26:12,3.2662
13:26:13,3.2637
13:26:14,3.2625
13:26:15,3.2613
13:26:16,3.265
13:26:17,3.2637
13:26:18,3.265
13:26:19,3.2613
13:26:20,3.2625
13:26:21,3.2601
13:26:22,3.2601
13:26:23,3.2625
13:26:24,3.2589
13:26:25,3.2625
13:26:26,3.2589
13:26:27,3.2576
13:26:28,3.2637
13:26:29,3.2613
13:26:30,3.2613
13:26:31,3.2625
13:26:32,3.2662
13:26:33,3.2613
13:26:34,3.2613
13:26:36,3.2589
13:26:37,3.2601
13:26:38,3.2613
13:26:39,3.2601
13:26:40,3.2589
13:26:41,3.2601
13:26:42,3.2625
13:26:43,3.2613
13:26:44,3.2625
13:26:45,3.2613
13:26:46,3.2625
13:26:47,3.2601
13:26:48,3.2637
13:26:49,3.2625
13:26:50,3.265
13:26:51,3.2613
13:26:52,3.2637
13:26:53,3.2625
13:26:54,3.2625
13:26:55,3.2601
13:26:56,3.2625
13:26:57,3.265
13:26:58,3.265
13:26:59,3.2686
13:27:00,3.2625
13:27:01,3.2674
13:27:02,3.2613
13:27:03,3.265
13:27:04,3.2625
13:27:05,3.2637
13:27:06,3.2637
13:27:07,3.265
13:27:08,3.2625
13:27:09,3.2662
13:27:10,3.2601
13:27:11,3.2625
13:27:12,3.2601
13:27:13,3.2686
13:27:14,3.265
13:27:15,3.2625
13:27:16,3.2625
13:27:17,3.2625
13:27:18,3.2625
13:27:19,3.2589
13:27:20,3.2686
13:27:21,3.2589
13:27:22,3.2662
13:27:23,3.2601
13:27:24,3.265
13:27:25,3.2589
13:27:26,3.2625
13:27:27,3.2637
13:27:28,3.2613
13:27:29,3.2625
13:27:30,3.2625
13:27:31,3.2613
13:27:32,3.2637
13:27:33,3.2601
13:27:34,3.2601
13:27:35,3.2662
13:27:36,3.2601
13:27:37,3.265
13:27:39,3.2601
13:27:40,3.2637
13:27:41,3.2576
13:27:42,3.265
13:27:43,3.2589
13:27:44,3.2601
13:27:45,3.2552
13:27:46,3.2613
13:27:47,3.2613
13:27:48,3.2613
13:27:49,3.2576
13:27:50,3.2625
13:27:51,3.2552
13:27:52,3.2625
13:27:53,3.2576
13:27:54,3.2613
13:27:55,3.2576
13:27:56,3.2613
13:27:57,3.2589
13:27:58,3.2613
13:27:59,3.2576
13:28:00,3.2589
13:28:01,3.2589
13:28:02,3.2589
13:28:03,3.2589
13:28:04,3.2601
13:28:05,3.2601
13:28:06,3.2576
13:28:07,3.2601
13:28:08,3.2576
13:28:09,3.2589
13:28:10,3.2552
13:28:11,3.2576
13:28:12,3.2576
13:28:13,3.2576
13:28:14,3.2576
13:28:15,3.2601
13:28:16,3.2576
13:28:17,3.2552
13:28:18,3.2589
13:28:19,3.254
13:28:20,3.2576
13:28:21,3.2576
13:28:22,3.2564
13:28:23,3.2527
13:28:24,3.2564
13:28:25,3.2552
13:28:26,3.2576
13:28:27,3.2601
13:28:28,3.2564
13:28:29,3.2576
13:28:30,3.2576
13:28:31,3.2589
13:28:32,3.2589
13:28:33,3.2601
13:28:34,3.2564
13:28:35,3.2576
13:28:36,3.2601
13:28:37,3.2576
13:28:38,3.2576
13:28:39,3.2601
13:28:40,3.2552
13:28:42,3.2552
13:28:43,3.2552
13:28:44,3.2527
13:28:45,3.2589
13:28:46,3.2576
13:28:47,3.2589
13:28:48,3.2503
13:28:49,3.2552
13:28:50,3.2503
13:28:51,3.2527
13:28:52,3.2503
13:28:53,3.2527
13:28:54,3.2454
13:28:55,3.2552
13:28:56,3.2527
13:28:57,3.254
13:28:58,3.2515
13:28:59,3.2564
13:29:00,3.2527
13:29:01,3.2527
13:29:02,3.2527
13:29:03,3.2515
13:29:04,3.2503
13:29:05,3.254
13:29:06,3.2527
13:29:07,3.2527
13:29:08,3.2503
13:29:09,3.2527
13:29:10,3.254
13:29:11,3.2564
13:29:12,3.254
13:29:13,3.2515
13:29:14,3.2552
13:29:15,3.2503
13:29:16,3.254
13:29:17,3.2552
13:29:18,3.2564
13:29:19,3.2527
13:29:20,3.2515
13:29:21,3.2515
13:29:22,3.2552
13:29:23,3.2527
13:29:24,3.254
13:29:25,3.2527
13:29:26,3.2589
13:29:27,3.2527
13:29:28,3.2552
13:29:29,3.2564
13:29:30,3.2576
13:29:31,3.2564
13:29:32,3.2576
13:29:33,3.2564
13:29:34,3.254
13:29:35,3.254
13:29:36,3.2576
13:29:37,3.254
13:29:38,3.2589
13:29:39,3.2576
13:29:40,3.2576
13:29:41,3.2589
13:29:42,3.2564
13:29:43,3.2613
13:29:44,3.2552
13:29:46,3.2552
13:29:47,3.254
13:29:48,3.2589
13:29:49,3.2601
13:29:50,3.2552
13:29:51,3.2589
13:29:52,3.2576
13:29:53,3.2576
13:29:54,3.2564
13:29:55,3.2564
13:29:56,3.254
13:29:57,3.2527
13:29:58,3.2527
13:29:59,3.2564
13:30:00,3.2552
13:30:01,3.254
13:30:02,3.2576
13:30:03,3.2503
13:30:04,3.2564
13:30:05,3.2564
13:30:06,3.2564
13:30:07,3.2552
13:30:08,3.2552
13:30:09,3.254
13:30:10,3.2552
13:30:11,3.254
13:30:12,3.254
13:30:13,3.2564
13:30:14,3.2564
13:30:15,3.2576
13:30:16,3.254
13:30:17,3.2576
13:30:18,3.2552
13:30:19,3.254
13:30:20,3.2515
13:30:21,3.2552
13:30:22,3.2515
13:30:23,3.2479
13:30:24,3.2503
13:30:25,3.2479
13:30:26,3.2479
13:30:27,3.2491
13:30:28,3.2491
13:30:29,3.2527
13:30:30,3.2491
13:30:31,3.2527
13:30:32,3.2527
13:30:33,3.2479
13:30:34,3.2552
13:30:35,3.2503
13:30:36,3.2503
13:30:37,3.2479
13:30:38,3.2515
13:30:39,3.2527
13:30:40,3.254
13:30:41,3.2491
13:30:42,3.2503
13:30:43,3.2479
13:30:44,3.2442
13:30:45,3.2491
13:30:46,3.2479
13:30:47,3.2527
13:30:49,3.2479
13:30:50,3.2479
13:30:51,3.2454
13:30:52,3.2479
13:30:53,3.2479
13:30:54,3.2491
13:30:55,3.2466
13:30:56,3.2479
13:30:57,3.243
13:30:58,3.2479
13:30:59,3.2454
13:31:00,3.2479
13:31:01,3.2491
13:31:02,3.2454
13:31:03,3.2466
13:31:04,3.2442
13:31:05,3.2466
13:31:06,3.2466
13:31:07,3.2454
13:31:08,3.2466
13:31:09,3.243
13:31:10,3.2479
13:31:11,3.2466
13:31:12,3.2418
13:31:13,3.2466
13:31:14,3.2466
13:31:15,3.2479
13:31:16,3.2479
13:31:17,3.243
13:31:18,3.2466
13:31:19,3.2405
13:31:20,3.2454
13:31:21,3.2405
13:31:22,3.243
13:31:23,3.243
13:31:24,3.2418
13:31:25,3.2418
13:31:26,3.2405
13:31:27,3.2466
13:31:28,3.243
13:31:29,3.2405
13:31:30,3.243
13:31:31,3.2442
13:31:32,3.2442
13:31:33,3.2503
13:31:34,3.2503
13:31:35,3.2466
13:31:36,3.2479
13:31:37,3.2466
13:31:38,3.2491
13:31:39,3.2479
13:31:40,3.2479
13:31:41,3.2466
13:31:42,3.2491
13:31:43,3.2466
13:31:44,3.2503
13:31:45,3.2479
13:31:46,3.2479
13:31:47,3.2479
13:31:48,3.2466
13:31:49,3.254
13:31:50,3.2491
13:31:52,3.2503
13:31:53,3.2503
13:31:54,3.2503
13:31:55,3.2503
13:31:56,3.2503
13:31:57,3.2479
13:31:58,3.2479
13:31:59,3.2479
13:32:00,3.2515
13:32:01,3.2503
13:32:02,3.2479
13:32:03,3.2503
13:32:04,3.2479
13:32:05,3.2527
13:32:06,3.2515
13:32:07,3.2466
13:32:08,3.2515
13:32:09,3.2479
13:32:10,3.2515
13:32:11,3.2466
13:32:12,3.2479
13:32:13,3.2527
13:32:14,3.2454
13:32:15,3.2491
13:32:16,3.2454
13:32:17,3.2479
13:32:18,3.2454
13:32:19,3.2466
13:32:20,3.2527
13:32:21,3.2466
13:32:22,3.2454
13:32:23,3.2491
13:32:24,3.2479
13:32:25,3.2503
13:32:26,3.2515
13:32:27,3.2479
13:32:28,3.2552
13:32:29,3.2527
13:32:30,3.2601
13:32:31,3.2515
13:32:32,3.2515
13:32:33,3.2576
13:32:34,3.2527
13:32:35,3.254
13:32:36,3.2601
13:32:37,3.2527
13:32:38,3.2552
13:32:39,3.2552
13:32:40,3.254
13:32:41,3.2589
13:32:42,3.2552
13:32:43,3.2527
13:32:44,3.2564
13:32:45,3.2576
13:32:46,3.2601
13:32:47,3.2625
13:32:48,3.2552
13:32:49,3.2589
13:32:50,3.2576
13:32:51,3.2564
13:32:52,3.2625
13:32:53,3.2601
13:32:55,3.2564
13:32:56,3.254
13:32:57,3.2637
13:32:58,3.2552
13:32:59,3.2601
13:33:00,3.2589
13:33:01,3.2625
13:33:02,3.2601
13:33:03,3.2625
13:33:04,3.2613
13:33:05,3.2625
13:33:06,3.2625
13:33:07,3.2601
13:33:08,3.2625
13:33:09,3.2625
13:33:10,3.265
13:33:11,3.2637
13:33:12,3.2625
13:33:13,3.2637
13:33:14,3.2637
13:33:15,3.2637
13:33:16,3.2637
13:33:17,3.2613
13:33:18,3.2418
13:33:19,3.2369
13:33:20,3.2674
13:33:21,3.265
13:33:22,3.2637
13:33:23,3.0989
13:33:24,3.1355
13:33:25,3.2076
13:33:26,3.3284
13:33:27,3.326
13:33:28,3.326
13:33:29,3.3223
13:33:30,3.3211
13:33:31,3.3199
13:33:32,3.3138
13:33:33,3.3053
13:33:34,3.2686
13:33:35,3.2601
13:33:36,3.2576
13:33:37,3.2552
13:33:38,3.1404
13:33:39,3.2491
13:33:40,3.2283
13:33:41,3.2149
13:33:42,3.1844
13:33:43,3.1453
13:33:44,3.1404
13:33:45,3.1038
13:33:46,2.9695
13:33:47,2.9756
13:33:48,3.0476
13:33:49,3.116
13:33:50,3.1429
13:33:51,3.149
13:33:52,3.1404
13:33:53,3.1661
13:33:54,3.1612
13:33:55,3.1709
13:33:57,3.1673
13:33:58,3.1819
13:33:59,3.177
13:34:00,3.1648
13:34:01,3.3321
13:34:02,3.3431
13:34:03,3.3382
13:34:04,0.0
13:34:05,2.4115
13:34:06,2.2857
13:34:07,0.0
13:34:08,1.3016
13:34:09,2.2759
13:34:10,0.0
13:34:11,0.2625
13:34:12,2.2979
13:34:13,0.4115
13:34:14,0.116
13:34:15,2.2955
13:34:16,1.9292
13:34:17,0.0
13:34:18,1.4164
13:34:19,2.2772
13:34:20,0.0
13:34:21,0.2405
13:34:22,2.2894
13:34:23,2.2515
13:34:24,0.0
13:34:25,1.0
13:34:26,2.2955
13:34:27,0.0
13:34:28,0.2283
13:34:29,2.2943
13:34:30,2.0085
13:34:31,0.0
13:34:32,1.6947
13:34:33,2.2833
13:34:34,0.0
13:34:35,0.3407
13:34:36,2.293
13:34:37,1.5165
13:34:38,0.0
13:34:39,1.5519
13:34:40,2.2991
13:34:41,0.0
13:34:42,0.5299
13:34:43,2.2894
13:34:44,0.3968
13:34:45,0.1941
13:34:46,2.2943
13:34:47,1.4286
13:34:48,0.0
13:34:49,2.293
13:34:50,2.1868
13:34:51,0.0
13:34:52,1.7192
13:34:53,2.2784
13:34:54,0.0
13:34:55,0.4359
13:34:56,2.2918
13:34:57,0.5726
13:34:58,0.1355
13:34:59,2.2979
13:35:01,1.8901
13:35:02,2.1807
13:35:03,0.0
13:35:04,1.3724
13:35:05,2.2967
13:35:06,0.0
13:35:07,0.3846
13:35:08,2.2967
13:35:09,1.5287
13:35:10,0.011
13:35:11,2.0134
13:35:12,2.2466
13:35:13,0.0
13:35:14,1.0134
13:35:15,2.2991
13:35:16,0.199
13:35:17,0.2747
13:35:18,2.2955
13:35:19,1.2088
13:35:20,0.0
13:35:21,1.5311
13:35:22,2.2796
13:35:23,0.9487
13:35:24,0.0
13:35:25,1.862
13:35:26,2.2772
13:35:27,0.0647
13:35:28,0.1465
13:35:29,2.3016
13:35:30,2.1905
13:35:31,0.0
13:35:32,0.3956
13:35:33,2.3053
13:35:34,1.7643
13:35:35,0.0
13:35:36,1.1941
13:35:37,2.2991
13:35:38,1.0513
13:35:39,0.0
13:35:40,1.7924
13:35:41,2.2906
13:35:42,0.873
13:35:43,0.0
13:35:44,1.6874
13:35:45,2.2955
13:35:46,1.5385
13:35:47,0.0
13:35:48,0.8156
13:35:49,2.2979
13:35:50,1.6142
13:35:51,0.0
13:35:52,0.967
13:35:53,2.2943
13:35:54,1.1062
13:35:55,0.0
13:35:56,0.895
13:35:57,2.304
13:35:58,2.0403
13:35:59,0.0
13:36:00,0.4652
13:36:01,2.3016
13:36:03,1.9402
13:36:04,0.0
13:36:05,0.8205
13:36:06,2.3028
13:36:07,2.2015
13:36:08,0.0
13:36:09,0.3284
13:36:10,2.304
13:36:11,2.2906
13:36:12,0.3126
13:36:13,0.0
13:36:14,0.5165
13:36:15,2.3016
13:36:16,2.0611
13:36:17,0.0
13:36:18,0.1832
13:36:19,1.8999
13:36:20,2.2943
13:36:21,0.5165
13:36:22,0.0
13:36:23,1.2552
13:36:24,2.3053
13:36:25,1.8437
13:36:26,0.0
13:36:27,0.6398
13:36:28,2.3004
13:36:29,1.6325
13:36:30,0.0
13:36:31,0.8034
13:36:32,2.3382
13:36:33,2.4029
13:36:34,0.0
13:36:35,0.0
13:36:36,2.1624
13:36:37,2.3297
13:36:38,0.0
13:36:39,0.2735
13:36:40,2.2076
13:36:41,2.2076
13:36:42,0.5653
13:36:43,0.2002
13:36:44,1.0
13:36:45,2.1832
13:36:46,2.4249
13:36:47,0.0
13:36:48,0.0
13:36:49,0.0
13:36:50,4.4066
13:36:51,0.0
13:36:52,0.0
13:36:53,1.1893
13:36:54,2.3785
13:36:55,2.4786
13:36:56,0.0
13:36:57,0.0
13:36:58,2.1685
13:36:59,3.3016
13:37:00,3.2991
13:37:01,3.3016
13:37:02,3.3065
13:37:03,3.3053
13:37:04,3.3175
13:37:06,3.3236
13:37:07,3.3016
13:37:08,3.2979
13:37:09,3.3065
13:37:10,3.3053
13:37:11,3.2991
13:37:12,3.3077
13:37:13,3.3065
13:37:14,3.3114
13:37:15,3.3028
13:37:16,3.3101
13:37:17,3.3101
13:37:18,3.3077
13:37:19,3.3089
13:37:20,3.3065
13:37:21,3.3053
13:37:22,3.304
13:37:23,3.304
13:37:24,3.3065
13:37:25,3.3065
13:37:26,3.3065
13:37:27,3.3016
13:37:28,3.3077
13:37:29,3.3028
13:37:30,3.3028
13:37:31,3.3089
13:37:32,3.304
13:37:33,3.3028
13:37:34,3.2967
13:37:35,3.2967
13:37:36,3.3114
13:37:37,3.3089
13:37:38,3.3114
13:37:39,3.3077
13:37:40,3.3101
13:37:41,3.3101
13:37:42,3.3065
13:37:43,3.3077
13:37:44,3.3028
13:37:45,3.3065
13:37:46,3.3004
13:37:47,3.3028
13:37:48,2.2076
13:37:49,0.0
13:37:50,0.0
13:37:51,2.2015
13:37:52,2.1661
13:37:53,1.0513
13:37:54,0.0
13:37:55,0.4823
13:37:56,2.1062
13:37:57,2.2137
13:37:58,0.0
13:37:59,0.0
13:38:00,2.188
13:38:01,2.2088
13:38:02,0.0
13:38:03,0.0
13:38:04,2.1429
13:38:05,2.1844
13:38:06,0.7277
13:38:07,0.0
13:38:09,0.1429
13:38:10,2.1807
13:38:11,2.1905
13:38:12,0.0
13:38:13,0.0
13:38:14,2.1905
13:38:15,2.1966
13:38:16,0.0
13:38:17,0.0
13:38:18,2.1966
13:38:19,2.2002
13:38:20,0.0
13:38:21,0.0
13:38:22,2.1929
13:38:23,2.1917
13:38:24,0.0
13:38:25,0.0
13:38:26,1.7912
13:38:27,2.1648
13:38:28,1.6105
13:38:29,0.0
13:38:30,0.4408
13:38:31,2.1978
13:38:32,2.1893
13:38:33,0.0
13:38:34,0.0
13:38:35,1.6825
13:38:36,2.1465
13:38:37,0.9963
13:38:38,0.0
13:38:39,0.6899
13:38:40,2.1856
13:38:41,2.2039
13:38:42,0.0
13:38:43,0.0
13:38:44,2.1807
13:38:45,2.1673
13:38:46,0.8498
13:38:47,0.0
13:38:48,0.1905
13:38:49,2.1954
13:38:50,2.1819
13:38:51,0.2039
13:38:52,0.0
13:38:53,1.0159
13:38:54,2.1966
13:38:55,2.1026
13:38:56,0.0
13:38:57,0.0085
13:38:58,2.1905
13:38:59,2.188
13:39:00,1.2454
13:39:01,0.0
13:39:02,0.6044
13:39:03,2.1905
13:39:04,2.2491
13:39:05,0.0
13:39:06,0.0
13:39:07,1.6777
13:39:08,2.1148
13:39:09,2.1453
13:39:10,0.0
13:39:12,0.0
13:39:13,1.6581
13:39:14,2.1612
13:39:15,2.1734
13:39:16,0.0
13:39:17,0.0
13:39:18,1.9573
13:39:19,2.1477
13:39:20,0.5543
13:39:21,0.0
13:39:22,0.1868
13:39:23,2.1612
13:39:24,2.1648
13:39:25,0.0
13:39:26,0.0
13:39:27,1.3822
13:39:28,2.1587
13:39:29,1.8315
13:39:30,0.0
13:39:31,0.4017
13:39:32,2.1563
13:39:33,2.1685
13:39:34,0.0
13:39:35,0.0
13:39:36,1.6166
13:39:37,2.1404
13:39:38,2.1832
13:39:39,0.0
13:39:40,0.0
13:39:41,0.7839
13:39:42,2.1648
13:39:43,2.1563
13:39:44,0.0
13:39:45,0.0
13:39:46,1.7656
13:39:47,2.1294
13:39:48,2.0842
13:39:49,0.0
13:39:50,0.0
13:39:51,1.0256
13:39:52,2.1697
13:39:53,2.1734
13:39:54,0.1624
13:39:55,0.0
13:39:56,0.0
13:39:57,2.4151
13:39:58,2.4982
13:39:59,4.5861
13:40:00,0.0
13:40:01,0.0
13:40:02,2.2332
13:40:03,4.2662
13:40:04,1.7985
13:40:05,0.0
13:40:06,0.0
13:40:07,2.1514
13:40:08,2.3919
13:40:09,1.2454
13:40:10,0.0
13:40:11,0.0
13:40:12,2.3284
13:40:14,2.4652
13:40:15,0.0
13:40:16,0.0
13:40:17,2.6374
13:40:18,3.2503
13:40:19,3.2552
13:40:20,3.2515
13:40:21,3.2491
13:40:22,3.2491
13:40:23,3.2576
13:40:24,3.2515
13:40:25,3.0647
13:40:26,3.0989
13:40:27,3.0501
13:40:28,3.1441
13:40:29,3.16
13:40:30,3.1661
13:40:31,3.1758
13:40:32,3.1893
13:40:33,3.1758
13:40:34,3.1941
13:40:35,3.1917
13:40:36,3.1868
13:40:37,3.3407
13:40:38,3.3541
13:40:39,3.3553
13:40:40,3.3553
13:40:41,3.3504
13:40:42,3.3578
13:40:43,3.3565
13:40:44,3.3565
13:40:45,3.3553
13:40:46,3.3529
13:40:47,3.3565
13:40:48,3.3553
13:40:49,3.3578
13:40:50,3.3529
13:40:51,3.3541
13:40:52,3.3565
13:40:53,3.3553
13:40:54,3.359
13:40:55,3.3541
13:40:56,3.348
13:40:57,3.3541
13:40:58,3.3578
13:40:59,3.3553
13:41:00,3.3553
13:41:01,3.3541
13:41:02,3.3578
13:41:03,3.3553
13:41:04,3.3553
13:41:05,3.3553
13:41:06,3.3602
13:41:07,3.3541
13:41:08,3.3565
13:41:09,3.3516
13:41:10,3.3529
13:41:11,3.3529
13:41:12,3.3553
13:41:13,3.3504
13:41:14,3.3541
13:41:16,3.3553
13:41:17,3.3541
13:41:18,3.3553
13:41:19,3.3504
13:41:20,3.3529
13:41:21,3.3553
13:41:22,3.3541
13:41:23,3.3541
13:41:24,3.3529
13:41:25,3.3553
13:41:26,3.3504
13:41:27,3.3504
13:41:28,3.3504
13:41:29,3.3553
13:41:30,3.3541
13:41:31,3.3504
13:41:32,3.3516
13:41:33,3.3541
13:41:34,3.3504
13:41:35,3.3529
13:41:36,3.3529
13:41:37,3.3529
13:41:38,3.3516
13:41:39,3.3529
13:41:40,3.3529
13:41:41,3.3504
13:41:42,3.3553
13:41:43,3.3492
13:41:44,3.3504
13:41:45,3.3492
13:41:46,3.3529
13:41:47,3.348
13:41:48,3.3529
13:41:49,3.3504
13:41:50,3.3553
13:41:51,3.3504
13:41:52,3.3553
13:41:53,3.3504
13:41:54,3.3553
13:41:55,3.3492
13:41:56,3.3541
13:41:57,3.3516
13:41:58,3.3565
13:41:59,3.3504
13:42:00,3.3541
13:42:01,3.3504
13:42:02,3.3529
13:42:03,3.3529
13:42:04,3.3541
13:42:05,3.348
13:42:06,3.3541
13:42:07,3.3504
13:42:08,3.3553
13:42:09,3.3504
13:42:10,3.3541
13:42:11,3.3504
13:42:12,3.3565
13:42:13,3.3553
13:42:14,3.3504
13:42:15,3.3553
13:42:16,3.3492
13:42:17,3.3541
13:42:19,3.3504
13:42:20,3.3492
13:42:21,3.3504
13:42:22,3.3516
13:42:23,3.3516
13:42:24,3.3492
13:42:25,3.3553
13:42:26,3.3504
13:42:27,3.3529
13:42:28,3.3504
13:42:29,3.3529
13:42:30,3.3516
13:42:31,3.3553
13:42:32,3.3529
13:42:33,3.3578
13:42:34,3.3516
13:42:35,3.3565
13:42:36,3.3529
13:42:37,3.3553
13:42:38,3.3492
13:42:39,3.3504
13:42:40,3.3492
13:42:41,3.3516
13:42:42,3.3516
13:42:43,3.3504
13:42:44,3.3492
13:42:45,3.3541
13:42:46,3.3468
13:42:47,3.3553
13:42:48,3.3516
13:42:49,3.3565
13:42:50,3.3504
13:42:51,3.3578
13:42:52,3.3504
13:42:53,3.3578
13:42:54,3.3516
13:42:55,3.3578
13:42:56,3.3504
13:42:57,3.3529
13:42:58,3.3516
13:42:59,3.3541
13:43:00,3.3541
13:43:01,3.3541
13:43:02,3.359
13:43:03,3.3529
13:43:04,3.3553
13:43:05,3.3516
13:43:06,3.3578
13:43:07,3.359
13:43:08,3.3553
13:43:09,3.3565
13:43:10,3.3553
13:43:11,3.3541
13:43:12,3.3504
13:43:13,3.3578
13:43:14,3.3565
13:43:15,3.3553
13:43:16,3.3541
13:43:17,3.3516
13:43:18,3.3553
13:43:19,3.3541
13:43:21,3.3578
13:43:22,3.3529
13:43:23,3.3578
13:43:24,3.3553
13:43:25,3.3565
13:43:26,3.3553
13:43:27,3.3602
13:43:28,3.3553
13:43:29,3.3529
13:43:30,3.3578
13:43:31,3.3504
13:43:32,3.3516
13:43:33,3.3504
13:43:34,3.3553
13:43:35,3.3492
13:43:36,3.3529
13:43:37,3.3504
13:43:38,3.3553
13:43:39,3.3529
13:43:40,3.3578
13:43:41,3.3504
13:43:42,3.3529
13:43:43,3.3529
13:43:44,3.3529
13:43:45,3.3504
13:43:46,3.3541
13:43:47,3.3529
13:43:48,3.3541
13:43:49,3.3541
13:43:50,3.3565
13:43:51,3.3516
13:43:52,3.3504
13:43:53,3.3516
13:43:54,3.3553
13:43:55,3.3516
13:43:56,3.3529
13:43:57,3.3541
13:43:58,3.3541
13:43:59,3.3516
13:44:00,3.3516
13:44:01,3.3529
13:44:02,3.3504
13:44:03,3.3492
13:44:04,3.348
13:44:05,3.3504
13:44:06,3.3455
13:44:07,3.3516
13:44:08,3.3504
13:44:09,3.3492
13:44:10,3.3468
13:44:11,3.3504
13:44:12,3.3443
13:44:13,3.3492
13:44:14,3.348
13:44:15,3.348
13:44:16,3.348
13:44:17,3.348
13:44:18,3.348
13:44:19,3.3468
13:44:20,3.348
13:44:21,3.3468
13:44:22,3.3455
13:44:24,3.3468
13:44:25,3.3504
13:44:26,3.348
13:44:27,3.3455
13:44:28,3.3468
13:44:29,3.3455
13:44:30,3.3504
13:44:31,3.3443
13:44:32,3.3468
13:44:33,3.3468
13:44:34,3.3651
13:44:35,3.3651
13:44:36,3.3651
13:44:37,2.6264
13:44:38,3.3748
13:44:39,3.3724
13:44:40,3.37
13:44:41,3.3724
13:44:42,3.3333
13:44:43,3.37
13:44:44,3.3651
13:44:45,3.3687
13:44:46,3.3687
13:44:47,3.3651
13:44:48,3.3724
13:44:49,2.7973
13:44:50,3.3736
13:44:51,3.3736
13:44:52,3.3748
13:44:53,3.3712
13:44:54,3.3724
13:44:55,2.696
13:44:56,3.3724
13:44:57,3.3712
13:44:58,3.37
13:44:59,3.3712
13:45:00,3.3736
13:45:01,3.3736
13:45:02,3.3761
13:45:03,3.3724
13:45:04,3.3724
13:45:05,3.3724
13:45:06,3.3724
13:45:07,3.3712
13:45:08,3.3675
13:45:09,3.37
13:45:10,3.3651
13:45:11,3.3748
13:45:12,3.37
13:45:13,2.8205
13:45:14,3.3712
13:45:15,3.3724
13:45:16,3.37
13:45:17,3.37
13:45:18,2.7009
13:45:19,3.37
13:45:20,3.37
13:45:21,3.3663
13:45:22,3.3663
13:45:23,3.37
13:45:24,3.3687
13:45:26,2.7448
13:45:27,3.3687
13:45:28,3.37
13:45:29,3.3712
13:45:30,2.7057
13:45:31,3.3724
13:45:32,3.3687
13:45:33,3.3736
13:45:34,3.3712
13:45:35,3.3773
13:45:36,3.37
13:45:37,3.37
13:45:38,3.37
13:45:39,3.3712
13:45:40,2.7692
13:45:41,3.3724
13:45:42,3.3712
13:45:43,3.3663
13:45:44,3.3675
13:45:45,3.3687
13:45:46,3.3687
13:45:47,3.3675
13:45:48,2.7875
13:45:49,3.3687
13:45:50,3.3687
13:45:51,3.3651
13:45:52,3.3651
13:45:53,2.696
13:45:54,3.3626
13:45:55,3.3614
13:45:56,3.3651
13:45:57,3.3626
13:45:58,3.3663
13:45:59,3.37
13:46:00,2.7863
13:46:01,2.8437
13:46:02,3.3651
13:46:03,3.3651
13:46:04,3.3651
13:46:05,3.3639
13:46:06,3.3626
13:46:07,3.3663
13:46:08,2.8523
13:46:09,3.3651
13:46:10,3.3687
13:46:11,3.3663
13:46:12,3.37
13:46:13,2.8596
13:46:14,3.37
13:46:15,3.3675
13:46:16,3.37
13:46:17,3.37
13:46:18,3.3675
13:46:19,3.3675
13:46:20,2.7326
13:46:21,2.8034
13:46:22,3.3651
13:46:23,3.3651
13:46:24,3.3626
13:46:25,2.7277
13:46:26,2.8596
13:46:27,3.37
13:46:29,3.3712
13:46:30,3.37
13:46:31,3.3675
13:46:32,3.3663
13:46:33,3.3639
13:46:34,3.3663
13:46:35,3.3675
13:46:36,3.3639
13:46:37,3.3639
13:46:38,3.3639
13:46:39,3.3602
13:46:40,3.3639
13:46:41,3.3639
13:46:42,3.3651
13:46:43,3.3626
13:46:44,3.3639
13:46:45,3.3602
13:46:46,3.359
13:46:47,3.3602
13:46:48,3.3626
13:46:49,3.359
13:46:50,3.3602
13:46:51,3.3639
13:46:52,3.3602
13:46:53,3.3626
13:46:54,3.3651
13:46:55,3.3614
13:46:56,3.3602
13:46:57,3.3651
13:46:58,3.3626
13:46:59,3.3651
13:47:00,3.3626
13:47:01,3.3602
13:47:02,3.3639
13:47:03,3.3675
13:47:04,3.3639
13:47:05,3.3626
13:47:06,3.3675
13:47:07,3.3614
13:47:08,3.3602
13:47:09,3.3663
13:47:10,3.3663
13:47:11,3.3663
13:47:12,3.3602
13:47:13,3.3651
13:47:14,3.3651
13:47:15,3.3626
13:47:16,3.3639
13:47:17,3.3651
13:47:18,3.3651
13:47:19,3.3675
13:47:20,3.3675
13:47:21,3.3651
13:47:22,3.3651
13:47:23,3.3639
13:47:24,3.3663
13:47:25,3.3687
13:47:26,3.3663
13:47:27,3.3639
13:47:28,3.37
13:47:29,3.3651
13:47:30,3.3687
13:47:32,3.37
13:47:33,3.3675
13:47:34,3.3675
13:47:35,3.3675
13:47:36,3.3639
13:47:37,3.3675
13:47:38,3.3626
13:47:39,3.3675
13:47:40,3.3663
13:47:41,3.3651
13:47:42,3.3626
13:47:43,3.3614
13:47:44,3.3639
13:47:45,3.3614
13:47:46,3.3663
13:47:47,3.3639
13:47:48,3.3626
13:47:49,3.3675
13:47:50,3.3651
13:47:51,3.3626
13:47:52,3.3626
13:47:53,3.3663
13:47:54,3.3663
13:47:55,3.3651
13:47:56,3.3651
13:47:57,3.3626
13:47:58,3.3651
13:47:59,3.3663
13:48:00,3.3663
13:48:01,3.3663
13:48:02,3.3712
13:48:03,3.3663
13:48:04,3.3687
13:48:05,3.3736
13:48:06,3.3675
13:48:07,3.3773
13:48:08,3.3687
13:48:09,3.3748
13:48:10,3.3687
13:48:11,3.37
13:48:12,3.3736
13:48:13,3.3675
13:48:14,3.3712
13:48:15,3.3675
13:48:16,3.3736
13:48:17,3.3724
13:48:18,3.3736
13:48:19,3.3736
13:48:20,3.3712
13:48:21,3.3712
13:48:22,3.3748
13:48:23,3.3675
13:48:24,3.3748
13:48:25,3.3724
13:48:26,3.3761
13:48:27,3.3712
13:48:28,3.3736
13:48:29,3.37
13:48:30,3.3748
13:48:31,3.37
13:48:32,3.3748
13:48:33,3.3761
13:48:35,3.37
13:48:36,3.3736
13:48:37,3.3748
13:48:38,3.3736
13:48:39,3.3761
13:48:40,3.3724
13:48:41,3.3748
13:48:42,3.37
13:48:43,3.3748
13:48:44,3.37
13:48:45,3.3773
13:48:46,3.3761
13:48:47,3.37
13:48:48,3.3785
13:48:49,3.3748
13:48:50,3.3797
13:48:51,3.3736
13:48:52,3.3748
13:48:53,3.3785
13:48:54,3.3724
13:48:55,3.3748
13:48:56,3.3761
13:48:57,3.3712
13:48:58,3.3797
13:48:59,3.37
13:49:00,3.3797
13:49:01,3.3712
13:49:02,3.3736
13:49:03,3.3724
13:49:04,3.3736
13:49:05,3.3736
13:49:06,3.3724
13:49:07,3.3724
13:49:08,3.3687
13:49:09,3.37
13:49:10,3.3675
13:49:11,3.3675
13:49:12,3.3748
13:49:13,3.3687
13:49:14,3.37
13:49:15,3.3724
13:49:16,3.3687
13:49:17,3.3724
13:49:18,3.3687
13:49:19,3.3675
13:49:20,3.3712
13:49:21,3.3651
13:49:22,3.3724
13:49:23,3.3687
13:49:24,3.37
13:49:25,3.3724
13:49:26,3.3663
13:49:27,3.359
13:49:28,3.3346
13:49:29,3.348
13:49:30,3.326
13:49:31,3.3516
13:49:32,3.3578
13:49:33,3.3529
13:49:34,3.3455
13:49:35,3.3553
13:49:36,3.3553
13:49:37,3.3504
13:49:39,3.3553
13:49:40,3.3504
13:49:41,3.3541
13:49:42,3.3516
13:49:43,3.3541
13:49:44,3.3504
13:49:45,3.3516
13:49:46,3.3516
13:49:47,3.3516
13:49:48,3.3529
13:49:49,3.3504
13:49:50,3.3529
13:49:51,3.3504
13:49:52,3.348
13:49:53,3.3504
13:49:54,3.3553
13:49:55,3.3651
13:49:56,3.3553
13:49:57,3.3504
13:49:58,3.3492
13:49:59,3.3553
13:50:00,3.3529
13:50:01,3.3516
13:50:02,3.3565
13:50:03,3.3541
13:50:04,3.3529
13:50:05,3.3541
13:50:06,3.3492
13:50:07,3.3565
13:50:08,3.3553
13:50:09,3.3541
13:50:10,3.3565
13:50:11,3.3516
13:50:12,3.3553
13:50:13,3.3529
13:50:14,3.3578
13:50:15,3.3565
13:50:16,3.3529
13:50:17,3.3578
13:50:18,3.3553
13:50:19,3.3553
13:50:20,3.3504
13:50:21,3.348
13:50:22,3.3431
13:50:23,3.3455
13:50:24,3.3407
13:50:25,3.3407
13:50:26,3.3419
13:50:27,3.3382
13:50:28,3.3407
13:50:29,3.3407
13:50:30,3.3407
13:50:31,3.3394
13:50:32,3.3407
13:50:33,3.3407
13:50:34,3.3382
13:50:35,3.3419
13:50:36,3.3394
13:50:37,3.3382
13:50:38,3.3419
13:50:39,3.3431
13:50:40,3.3358
13:50:42,3.3394
13:50:43,3.3382
13:50:44,3.3419
13:50:45,3.3382
13:50:46,3.3419
13:50:47,3.3358
13:50:48,3.3407
13:50:49,3.3407
13:50:50,3.3382
13:50:51,3.337
13:50:52,3.3394
13:50:53,3.3382
13:50:54,3.3358
13:50:55,3.3346
13:50:56,3.3382
13:50:57,3.3394
13:50:58,3.3346
13:50:59,3.337
13:51:00,3.3358
13:51:01,3.3358
13:51:02,3.337
13:51:03,3.3321
13:51:04,3.3358
13:51:05,3.3346
13:51:06,3.3394
13:51:07,3.3419
13:51:08,3.3346
13:51:09,3.3358
13:51:10,3.3333
13:51:11,3.3407
13:51:12,3.337
13:51:13,3.3333
13:51:14,3.3382
13:51:15,3.3346
13:51:16,3.3358
13:51:17,3.3394
13:51:18,3.3358
13:51:19,3.337
13:51:20,3.3382
13:51:21,3.3394
13:51:22,3.3358
13:51:23,3.3333
13:51:24,3.3394
13:51:25,3.3333
13:51:26,3.3358
13:51:27,3.337
13:51:28,3.3407
13:51:29,3.3358
13:51:30,3.3407
13:51:31,3.3358
13:51:32,3.3407
13:51:33,3.337
13:51:34,3.3382
13:51:35,3.3358
13:51:36,3.3333
13:51:37,3.3358
13:51:38,3.337
13:51:39,3.3382
13:51:40,3.3333
13:51:41,3.3358
13:51:42,3.3358
13:51:43,3.3394
13:51:45,3.3309
13:51:46,3.3346
13:51:47,3.3346
13:51:48,3.3358
13:51:49,3.3346
13:51:50,3.3309
13:51:51,3.3346
13:51:52,3.3321
13:51:53,3.3321
13:51:54,3.3309
13:51:55,3.3333
13:51:56,3.3309
13:51:57,3.3309
13:51:58,3.337
13:51:59,3.3284
13:52:00,3.3309
13:52:01,3.3309
13:52:02,3.3309
13:52:03,3.3309
13:52:04,3.3321
13:52:05,3.3309
13:52:06,3.3309
13:52:07,3.3309
13:52:08,3.3309
13:52:09,3.3309
13:52:10,3.3309
13:52:11,3.3284
13:52:12,3.326
13:52:13,3.3284
13:52:14,3.326
13:52:15,3.3297
13:52:16,3.3272
13:52:17,3.3297
13:52:18,3.3284
13:52:19,3.326
13:52:20,3.3309
13:52:21,3.3272
13:52:22,3.3309
13:52:23,3.3284
13:52:24,3.3248
13:52:25,3.3248
13:52:26,3.3272
13:52:27,3.326
13:52:28,3.3211
13:52:29,3.3248
13:52:30,3.3248
13:52:31,3.3236
13:52:32,3.3272
13:52:33,3.3223
13:52:34,3.3248
13:52:35,3.3248
13:52:36,3.326
13:52:37,3.3236
13:52:38,3.3223
13:52:39,3.3236
13:52:40,3.3248
13:52:41,3.326
13:52:42,3.3248
13:52:43,3.3236
13:52:44,3.3248
13:52:45,3.326
13:52:46,3.3248
13:52:48,3.3248
13:52:49,3.326
13:52:50,3.3272
13:52:51,3.3284
13:52:52,3.3236
13:52:53,3.3284
13:52:54,3.3223
13:52:55,3.3223
13:52:56,3.3223
13:52:57,3.3236
13:52:58,3.3248
13:52:59,3.3199
13:53:00,3.326
13:53:01,3.326
13:53:02,3.3223
13:53:03,3.326
13:53:04,3.3211
13:53:05,3.3236
13:53:06,3.3236
13:53:07,3.3236
13:53:08,3.326
13:53:09,3.3223
13:53:10,3.3248
13:53:11,3.326
13:53:12,3.326
13:53:13,3.3272
13:53:14,3.3284
13:53:15,3.3211
13:53:16,3.326
13:53:17,3.3272
13:53:18,3.326
13:53:19,3.326
13:53:20,3.326
13:53:21,3.3248
13:53:22,3.326
13:53:23,3.3272
13:53:24,3.3284
13:53:25,3.326
13:53:26,3.326
13:53:27,3.326
13:53:28,3.3272
13:53:29,3.3284
13:53:30,3.326
13:53:31,3.3297
13:53:32,3.326
13:53:33,3.326
13:53:34,3.3272
13:53:35,3.3297
13:53:36,3.3309
13:53:37,3.3333
13:53:38,3.3309
13:53:39,3.3333
13:53:40,3.3346
13:53:41,3.3358
13:53:42,3.3321
13:53:43,3.3333
13:53:44,3.3321
13:53:45,3.3407
13:53:46,3.3309
13:53:47,3.3407
13:53:48,3.3358
13:53:49,3.3394
13:53:51,3.337
13:53:52,3.3431
13:53:53,3.3394
13:53:54,3.3382
13:53:55,3.3382
13:53:56,3.3394
13:53:57,3.3407
13:53:58,3.3394
13:53:59,3.3382
13:54:00,3.3407
13:54:01,3.3358
13:54:02,3.3382
13:54:03,3.3321
13:54:04,3.3407
13:54:05,3.3394
13:54:06,3.3407
13:54:07,3.3382
13:54:08,3.3382
13:54:09,3.3394
13:54:10,3.3407
13:54:11,3.3431
13:54:12,3.3394
13:54:13,3.3431
13:54:14,3.3431
13:54:15,3.3455
13:54:16,3.3455
13:54:17,3.3492
13:54:18,3.3455
13:54:19,3.3529
13:54:20,3.3639
13:54:21,3.3748
13:54:22,3.3748
13:54:23,3.3797
13:54:24,3.3773
13:54:25,3.3785
13:54:26,3.3675
13:54:27,3.3712
13:54:28,3.3773
13:54:29,3.3785
13:54:30,3.3748
13:54:31,3.3761
13:54:32,3.381
13:54:33,3.3687
13:54:34,3.3639
13:54:35,3.3602
13:54:36,3.359
13:54:37,3.359
13:54:38,3.3602
13:54:39,3.3578
13:54:40,3.3626
13:54:41,3.3614
13:54:42,3.3651
13:54:43,3.37
13:54:44,3.37
13:54:45,3.3639
13:54:46,3.3602
13:54:47,3.3578
13:54:48,3.3602
13:54:49,3.359
13:54:50,3.3578
13:54:51,3.3578
13:54:53,3.3578
13:54:54,3.3529
13:54:55,3.3541
13:54:56,3.3553
13:54:57,3.3516
13:54:58,3.3578
13:54:59,3.3504
13:55:00,3.359
13:55:01,3.3516
13:55:02,3.3565
13:55:03,3.3516
13:55:04,3.3455
13:55:05,3.3504
13:55:06,3.3455
13:55:07,3.3516
13:55:08,3.3516
13:55:09,3.3541
13:55:10,3.348
13:55:11,3.3541
13:55:12,3.3468
13:55:13,3.3455
13:55:14,3.3492
13:55:15,3.3492
13:55:16,3.3504
13:55:17,3.3455
13:55:18,3.348
13:55:19,3.3504
13:55:20,3.3468
13:55:21,3.3492
13:55:22,3.3468
13:55:23,3.3504
13:55:24,3.3431
13:55:25,3.3455
13:55:26,3.3431
13:55:27,3.3455
13:55:28,3.348
13:55:29,3.3468
13:55:30,3.3492
13:55:31,3.3468
13:55:32,3.3455
13:55:33,3.3468
13:55:34,3.348
13:55:35,3.3431
13:55:36,3.3455
13:55:37,3.3504
13:55:38,3.3492
13:55:39,3.348
13:55:40,3.3443
13:55:41,3.3468
13:55:42,3.348
13:55:43,3.3431
13:55:44,3.3492
13:55:45,3.3455
13:55:46,3.3504
13:55:47,3.3443
13:55:48,3.3431
13:55:49,3.3443
13:55:50,3.3468
13:55:51,3.3455
13:55:52,3.3468
13:55:53,3.3455
13:55:54,3.3455
13:55:56,3.3504
13:55:57,3.3443
13:55:58,3.3455
13:55:59,3.3504
13:56:00,3.3468
13:56:01,3.348
13:56:02,3.3455
13:56:03,3.3504
13:56:04,3.3516
13:56:05,3.3455
13:56:06,3.3504
13:56:07,3.3541
13:56:08,3.3504
13:56:09,3.359
13:56:10,3.3553
13:56:11,3.3541
13:56:12,3.3626
13:56:13,3.3578
13:56:14,3.3614
13:56:15,3.359
13:56:16,3.3614
13:56:17,3.3675
13:56:18,3.3639
13:56:19,3.3626
13:56:20,3.3663
13:56:21,3.3639
13:56:22,3.37
13:56:23,3.3663
13:56:24,3.3687
13:56:25,3.3675
13:56:26,3.3651
13:56:27,3.3675
13:56:28,3.3687
13:56:29,3.3675
13:56:30,3.3761
13:56:31,3.3748
13:56:32,3.3614
13:56:33,3.3626
13:56:34,3.3614
13:56:35,3.3663
13:56:36,3.37
13:56:37,3.3675
13:56:38,3.3614
13:56:39,3.3724
13:56:40,3.3724
13:56:41,3.3663
13:56:42,3.3626
13:56:43,3.3565
13:56:44,3.3516
13:56:45,3.3565
13:56:46,3.3541
13:56:47,3.3504
13:56:48,3.3516
13:56:49,3.3504
13:56:50,3.3443
13:56:51,3.3504
13:56:52,3.3492
13:56:53,3.3492
13:56:54,3.348
13:56:55,3.3492
13:56:56,3.348
13:56:58,3.348
13:56:59,3.3529
13:57:00,3.3492
13:57:01,3.3431
13:57:02,3.3541
13:57:03,3.3504
13:57:04,3.3455
13:57:05,3.3455
13:57:06,3.3504
13:57:07,3.3504
13:57:08,3.3455
13:57:09,3.3468
13:57:10,3.3431
13:57:11,3.3443
13:57:12,3.3443
13:57:13,3.3468
13:57:14,3.3492
13:57:15,3.3455
13:57:16,3.3504
13:57:17,3.3455
13:57:18,3.3455
13:57:19,3.3443
13:57:20,3.3504
13:57:21,3.348
13:57:22,3.3443
13:57:23,3.3419
13:57:24,3.3504
13:57:25,3.3492
13:57:26,3.3455
13:57:27,3.3455
13:57:28,3.348
13:57:29,3.3468
13:57:30,3.3492
13:57:31,3.3443
13:57:32,3.3455
13:57:33,3.348
13:57:34,3.3529
13:57:35,3.3504
13:57:36,3.3529
13:57:37,3.3639
13:57:38,3.3651
13:57:39,3.3651
13:57:40,3.3687
13:57:41,3.3614
13:57:42,3.3626
13:57:43,3.3651
13:57:44,3.3663
13:57:45,3.3614
13:57:46,3.3651
13:57:47,3.3687
13:57:48,3.3651
13:57:49,3.37
13:57:50,3.3748
13:57:51,3.37
13:57:52,3.3602
13:57:53,3.3675
13:57:54,3.3639
13:57:55,3.3602
13:57:56,3.3663
13:57:57,3.3639
13:57:58,3.359
13:58:00,3.3626
13:58:01,3.359
13:58:02,3.37
13:58:03,3.3675
13:58:04,3.3626
13:58:05,3.3602
13:58:06,3.3578
13:58:07,3.3529
13:58:08,3.359
13:58:09,3.3541
13:58:10,3.3504
13:58:11,3.3504
13:58:12,3.3492
13:58:13,3.3553
13:58:14,3.3492
13:58:15,3.3431
13:58:16,3.3529
13:58:17,3.3516
13:58:18,3.3492
13:58:19,3.3541
13:58:20,3.3504
13:58:21,3.3431
13:58:22,3.3504
13:58:23,3.3492
13:58:24,3.3504
13:58:25,3.3504
13:58:26,3.3455
13:58:27,3.3455
13:58:28,3.3492
13:58:29,3.3455
13:58:30,3.3382
13:58:31,3.3407
13:58:32,3.3394
13:58:33,3.337
13:58:34,3.3394
13:58:35,3.337
13:58:36,3.3382
13:58:37,3.3407
13:58:38,3.3382
13:58:39,3.3455
13:58:40,3.3407
13:58:41,3.337
13:58:42,3.3407
13:58:43,3.337
13:58:44,3.3382
13:58:45,3.3431
13:58:46,3.3358
13:58:47,3.3394
13:58:48,3.3358
13:58:49,3.3407
13:58:50,3.3407
13:58:51,3.337
13:58:52,3.3407
13:58:53,3.3407
13:58:54,3.3382
13:58:55,3.3407
13:58:56,3.3407
13:58:57,3.3382
13:58:58,3.3419
13:58:59,3.3407
13:59:01,3.3407
13:59:02,3.3407
13:59:03,3.3407
13:59:04,3.3407
13:59:05,3.3358
13:59:06,3.3455
13:59:07,3.3419
13:59:08,3.3419
13:59:09,3.3394
13:59:10,3.3382
13:59:11,3.3407
13:59:12,3.3407
13:59:13,3.3358
13:59:14,3.0403
13:59:15,3.3077
13:59:16,3.3236
13:59:17,3.3309
13:59:18,3.337
13:59:19,3.3455
13:59:20,2.7766
13:59:21,3.3529
13:59:22,3.3614
13:59:23,3.3553
13:59:24,3.3565
13:59:25,3.359
13:59:26,3.3553
13:59:27,3.3602
13:59:28,3.3565
13:59:29,3.3578
13:59:30,3.3602
13:59:31,3.3553
13:59:32,3.3578
13:59:33,3.3578
13:59:34,3.3553
13:59:35,3.3578
13:59:36,3.3578
13:59:37,3.3602
13:59:38,3.3614
13:59:39,3.3565
13:59:40,3.359
13:59:41,3.3602
13:59:42,3.3602
13:59:43,3.3626
13:59:44,3.3614
13:59:45,3.3639
13:59:46,3.3663
13:59:47,3.3675
13:59:48,3.3724
13:59:49,3.3797
13:59:50,3.3773
13:59:51,3.3797
13:59:52,3.3773
13:59:53,3.3773
13:59:54,3.3761
13:59:55,3.3785
13:59:56,3.3785
13:59:57,3.3773
13:59:58,3.3748
13:59:59,3.3748
14:00:00,3.3773
14:00:02,3.3785
14:00:03,3.3748
14:00:04,3.3761
14:00:05,3.3761
14:00:06,3.3761
14:00:07,3.3773
14:00:08,3.3822
14:00:09,3.3785
14:00:10,3.3785
14:00:11,3.3761
14:00:12,3.3724
14:00:13,3.3785
14:00:14,3.3761
14:00:15,3.3736
14:00:16,3.3748
14:00:17,3.3748
14:00:18,3.3712
14:00:19,3.3724
14:00:20,3.3712
14:00:21,3.3761
14:00:22,3.3724
14:00:23,3.3748
14:00:24,3.3761
14:00:25,3.3724
14:00:26,3.37
14:00:27,3.3761
14:00:28,3.37
14:00:29,3.3724
14:00:30,3.3748
14:00:31,3.37
14:00:32,3.3724
14:00:33,3.3724
14:00:34,3.37
14:00:35,3.3687
14:00:36,3.3736
14:00:37,3.3639
14:00:38,3.3651
14:00:39,3.3651
14:00:40,3.3614
14:00:41,3.359
14:00:42,3.3602
14:00:43,3.3602
14:00:44,3.3553
14:00:45,3.3602
14:00:46,3.3639
14:00:47,3.3614
14:00:48,3.3651
14:00:49,3.3639
14:00:50,3.3651
14:00:51,3.3773
14:00:52,3.3748
14:00:53,3.3761
14:00:54,3.3748
14:00:55,3.3736
14:00:56,3.3748
14:00:57,3.3724
14:00:58,3.37
14:00:59,3.3712
14:01:00,3.3773
14:01:01,3.3785
14:01:02,3.3797
14:01:04,3.3748
14:01:05,3.3785
14:01:06,3.37
14:01:07,3.3626
14:01:08,3.3675
14:01:09,3.3614
14:01:10,3.3602
14:01:11,3.3639
14:01:12,3.3639
14:01:13,3.3663
14:01:14,3.3614
14:01:15,3.3675
14:01:16,3.37
14:01:17,3.3626
14:01:18,3.3663
14:01:19,3.3651
14:01:20,3.37
14:01:21,3.3748
14:01:22,3.3785
14:01:23,3.3822
14:01:24,3.3822
14:01:25,3.3846
14:01:26,3.3858
14:01:27,3.3797
14:01:28,3.3834
14:01:29,3.3834
14:01:30,3.3797
14:01:31,3.3846
14:01:32,3.3858
14:01:33,3.3846
14:01:34,3.3834
14:01:35,3.3846
14:01:36,3.3834
14:01:37,3.3797
14:01:38,3.3846
14:01:39,3.3846
14:01:40,3.3797
14:01:41,3.3748
14:01:42,3.3748
14:01:43,3.3724
14:01:44,3.3748
14:01:45,3.3748
14:01:46,3.3773
14:01:47,3.3724
14:01:48,3.3724
14:01:49,3.3748
14:01:50,3.3724
14:01:51,3.3748
14:01:52,3.3834
14:01:53,3.381
14:01:54,3.381
14:01:55,3.3846
14:01:56,3.3834
14:01:57,3.3834
14:01:58,3.3883
14:01:59,3.3858
14:02:00,3.3822
14:02:01,3.3846
14:02:02,3.3834
14:02:03,3.381
14:02:05,3.3846
14:02:06,3.3773
14:02:07,3.3871
14:02:08,3.3871
14:02:09,3.3785
14:02:10,3.3846
14:02:11,3.3822
14:02:12,3.3858
14:02:13,3.3883
14:02:14,3.3846
14:02:15,3.3895
14:02:16,3.3822
14:02:17,3.3895
14:02:18,3.3932
14:02:19,3.3846
14:02:20,3.3858
14:02:21,3.3883
14:02:22,3.3822
14:02:23,3.3761
14:02:24,3.3724
14:02:25,3.3675
14:02:26,3.3724
14:02:27,3.3724
14:02:28,3.3626
14:02:29,3.3687
14:02:30,3.3663
14:02:31,3.3602
14:02:32,3.3675
14:02:33,3.3687
14:02:34,3.3614
14:02:35,3.3687
14:02:36,3.3724
14:02:37,3.3712
14:02:38,3.3761
14:02:39,3.381
14:02:40,3.3895
14:02:41,3.3846
14:02:42,3.3871
14:02:43,3.3883
14:02:44,3.3858
14:02:45,3.3846
14:02:46,3.3883
14:02:47,3.3822
14:02:48,3.3822
14:02:49,3.3797
14:02:50,3.3712
14:02:51,3.3724
14:02:52,3.3712
14:02:53,3.3675
14:02:54,3.3675
14:02:55,3.3651
14:02:56,3.3626
14:02:57,3.37
14:02:58,3.3675
14:02:59,3.3651
14:03:00,3.3712
14:03:01,3.3663
14:03:02,3.3639
14:03:03,3.3712
14:03:04,3.3712
14:03:06,3.3687
14:03:07,3.3687
14:03:08,3.3687
14:03:09,3.3651
14:03:10,3.3675
14:03:11,3.3651
14:03:12,3.3675
14:03:13,3.3663
14:03:14,3.3675
14:03:15,3.3651
14:03:16,3.3687
14:03:17,3.3663
14:03:18,3.3626
14:03:19,3.3687
14:03:20,3.3675
14:03:21,3.3687
14:03:22,3.3724
14:03:23,3.3675
14:03:24,3.3687
14:03:25,3.3712
14:03:26,3.3687
14:03:27,3.3712
14:03:28,3.3675
14:03:29,3.3651
14:03:30,3.37
14:03:31,3.3675
14:03:32,3.37
14:03:33,3.3675
14:03:34,3.3687
14:03:35,3.3724
14:03:36,3.37
14:03:37,3.37
14:03:38,3.3651
14:03:39,3.3651
14:03:40,3.37
14:03:41,3.37
14:03:42,3.3651
14:03:43,3.3675
14:03:44,3.37
14:03:45,3.3651
14:03:46,3.3687
14:03:47,3.3651
14:03:48,3.3651
14:03:49,3.3675
14:03:50,3.3663
14:03:51,3.3687
14:03:52,3.3663
14:03:53,3.3663
14:03:54,3.3663
14:03:55,3.37
14:03:56,3.3712
14:03:57,3.3651
14:03:58,3.3663
14:03:59,3.3639
14:04:00,3.3651
14:04:01,3.3675
14:04:02,3.3614
14:04:03,3.3639
14:04:04,3.3626
14:04:05,3.359
14:04:06,3.3626
14:04:08,3.359
14:04:09,3.3626
14:04:10,3.359
14:04:11,3.3602
14:04:12,3.3602
14:04:13,3.3602
14:04:14,3.359
14:04:15,3.3516
14:04:16,3.3553
14:04:17,3.3578
14:04:18,3.3516
14:04:19,3.3541
14:04:20,3.3541
14:04:21,3.3553
14:04:22,3.3529
14:04:23,3.3553
14:04:24,3.3553
14:04:25,3.3504
14:04:26,3.3504
14:04:27,3.348
14:04:28,3.3504
14:04:29,3.3529
14:04:30,3.3492
14:04:31,3.3516
14:04:32,3.3529
14:04:33,3.348
14:04:34,3.348
14:04:35,3.3516
14:04:36,3.3516
14:04:37,3.3504
14:04:38,3.348
14:04:39,3.3529
14:04:40,3.348
14:04:41,3.3529
14:04:42,3.3492
14:04:43,3.3468
14:04:44,3.348
14:04:45,3.348
14:04:46,3.3455
14:04:47,3.348
14:04:48,3.3431
14:04:49,3.3394
14:04:50,3.3431
14:04:51,3.3492
14:04:52,3.348
14:04:53,3.3443
14:04:54,3.3419
14:04:55,3.3431
14:04:56,3.348
14:04:57,3.3443
14:04:58,3.3468
14:04:59,3.3468
14:05:00,3.3431
14:05:01,3.3455
14:05:02,3.3419
14:05:03,3.348
14:05:04,3.3443
14:05:05,3.3431
14:05:06,3.3455
14:05:07,3.3431
14:05:09,3.3431
14:05:10,3.348
14:05:11,3.3431
14:05:12,3.3407
14:05:13,3.3455
14:05:14,3.3407
14:05:15,3.3443
14:05:16,3.3455
14:05:17,3.3419
14:05:18,3.3431
14:05:19,3.3419
14:05:20,3.3407
14:05:21,3.3382
14:05:22,3.3419
14:05:23,3.3407
14:05:24,3.3455
14:05:25,3.3419
14:05:26,3.3407
14:05:27,3.3431
14:05:28,3.3382
14:05:29,3.3382
14:05:30,3.3419
14:05:31,3.3382
14:05:32,3.3407
14:05:33,3.3394
14:05:34,3.3382
14:05:35,3.3394
14:05:36,3.3431
14:05:37,3.3382
14:05:38,3.3443
14:05:39,3.3394
14:05:40,3.3407
14:05:41,3.3468
14:05:42,3.3419
14:05:43,3.3419
14:05:44,3.3455
14:05:45,3.3419
14:05:46,3.3455
14:05:47,3.348
14:05:48,3.3455
14:05:49,3.3468
14:05:50,3.3602
14:05:51,3.3675
14:05:52,3.3797
14:05:53,3.3846
14:05:54,3.3785
14:05:55,3.3785
14:05:56,3.3797
14:05:57,3.3834
14:05:58,3.3761
14:05:59,3.3748
14:06:00,3.3834
14:06:01,3.3797
14:06:02,3.3797
14:06:03,3.3773
14:06:04,3.3773
14:06:05,3.3748
14:06:06,3.3785
14:06:07,3.3724
14:06:08,3.3626
14:06:10,3.3602
14:06:11,3.3626
14:06:12,3.3529
14:06:13,3.3553
14:06:14,3.3529
14:06:15,3.359
14:06:16,3.3651
14:06:17,3.3626
14:06:18,3.3651
14:06:19,3.3736
14:06:20,3.3797
14:06:21,3.381
14:06:22,3.3748
14:06:23,3.3822
14:06:24,3.3785
14:06:25,3.3748
14:06:26,3.3785
14:06:27,3.3687
14:06:28,3.3675
14:06:29,3.3626
14:06:30,3.3651
14:06:31,3.3663
14:06:32,3.3602
14:06:33,3.3602
14:06:34,3.3602
14:06:35,3.3639
14:06:36,3.3687
14:06:37,3.3663
14:06:38,3.37
14:06:39,3.3748
14:06:40,2.823
14:06:41,3.3822
14:06:42,3.3785
14:06:43,3.3822
14:06:44,3.3871
14:06:45,3.3822
14:06:46,3.3871
14:06:47,2.7302
14:06:48,3.3907
14:06:49,3.3883
14:06:50,3.3871
14:06:51,3.3871
14:06:52,2.801
14:06:53,3.2711
14:06:54,2.7656
14:06:55,3.3907
14:06:56,3.3919
14:06:57,3.3846
14:06:58,3.3883
14:06:59,3.3883
14:07:00,3.3883
14:07:01,2.8864
14:07:02,3.3895
14:07:03,3.3919
14:07:04,3.3871
14:07:05,2.7692
14:07:06,3.3871
14:07:07,3.3919
14:07:08,3.3822
14:07:09,3.3785
14:07:11,3.3773
14:07:12,3.3675
14:07:13,3.3602
14:07:14,3.3358
14:07:15,3.3614
14:07:16,3.359
14:07:17,3.3541
14:07:18,3.3602
14:07:19,3.3626
14:07:20,3.3553
14:07:21,3.3614
14:07:22,3.3651
14:07:23,3.37
14:07:24,2.7216
14:07:25,2.7802
14:07:26,2.8083
14:07:27,3.3687
14:07:28,3.3578
14:07:29,3.3504
14:07:30,2.7485
14:07:31,3.3553
14:07:32,3.348
14:07:33,3.3455
14:07:34,3.348
14:07:35,3.3529
14:07:36,3.3492
14:07:37,3.3468
14:07:38,3.3455
14:07:39,3.348
14:07:40,2.8474
14:07:41,3.3504
14:07:42,3.3504
14:07:43,3.3553
14:07:44,3.359
14:07:45,3.3553
14:07:46,3.3407
14:07:47,3.3431
14:07:48,3.3455
14:07:49,3.3431
14:07:50,3.3382
14:07:51,3.3382
14:07:52,3.3455
14:07:53,3.3407
14:07:54,3.337
14:07:55,3.3346
14:07:56,2.707
14:07:57,3.3407
14:07:58,2.8413
14:07:59,3.3407
14:08:00,3.3455
14:08:01,3.3248
14:08:02,3.3358
14:08:03,3.337
14:08:04,3.3407
14:08:05,3.3382
14:08:06,2.7082
14:08:07,2.7875
14:08:08,3.3431
14:08:09,3.3394
14:08:11,3.3382
14:08:12,3.3382
14:08:13,3.3358
14:08:14,2.7595
14:08:15,3.3358
14:08:16,3.3358
14:08:17,3.3358
14:08:18,3.3431
14:08:19,3.3407
14:08:20,3.337
14:08:21,3.3407
14:08:22,3.3407
14:08:23,3.3394
14:08:24,2.7033
14:08:25,3.3407
14:08:26,3.3394
14:08:27,3.3407
14:08:28,3.3407
14:08:29,2.6911
14:08:30,3.3407
14:08:31,3.3419
14:08:32,3.3407
14:08:33,3.3394
14:08:34,3.3358
14:08:35,3.3382
14:08:36,3.3419
14:08:37,3.3333
14:08:38,3.337
14:08:39,3.3455
14:08:40,3.3382
14:08:41,3.3407
14:08:42,3.3431
14:08:43,3.3443
14:08:44,3.3443
14:08:45,3.3407
14:08:46,3.3455
14:08:47,3.3529
14:08:48,3.3492
14:08:49,3.3443
14:08:50,3.348
14:08:51,3.3541
14:08:52,3.3602
14:08:53,3.3602
14:08:54,3.3541
14:08:55,3.3529
14:08:56,3.3553
14:08:57,3.3516
14:08:58,3.3455
14:08:59,3.3455
14:09:00,3.3443
14:09:01,3.3504
14:09:02,3.3492
14:09:03,3.3468
14:09:04,3.3504
14:09:05,3.3504
14:09:06,3.3578
14:09:07,3.3553
14:09:08,3.3516
14:09:09,3.3626
14:09:10,3.3761
14:09:11,3.3846
14:09:13,3.3822
14:09:14,3.3895
14:09:15,3.3822
14:09:16,3.3651
14:09:17,3.3626
14:09:18,3.3663
14:09:19,3.37
14:09:20,3.3687
14:09:21,3.3675
14:09:22,3.3724
14:09:23,3.37
14:09:24,3.3614
14:09:25,3.3687
14:09:26,3.3724
14:09:27,3.3712
14:09:28,3.3687
14:09:29,3.3712
14:09:30,3.3675
14:09:31,3.3639
14:09:32,3.3602
14:09:33,3.3578
14:09:34,3.3553
14:09:35,3.348
14:09:36,3.3455
14:09:37,3.3516
14:09:38,3.3541
14:09:39,3.3455
14:09:40,3.3504
14:09:41,3.3541
14:09:42,3.3529
14:09:43,3.3675
14:09:44,3.3761
14:09:45,3.3663
14:09:46,3.37
14:09:47,3.3651
14:09:48,3.3626
14:09:49,3.3651
14:09:50,3.3724
14:09:51,3.37
14:09:52,3.3797
14:09:53,3.3761
14:09:54,3.3602
14:09:55,3.3565
14:09:56,3.3553
14:09:57,3.3578
14:09:58,3.3651
14:09:59,3.3602
14:10:00,3.3602
14:10:01,3.3529
14:10:02,3.3529
14:10:03,3.348
14:10:04,3.348
14:10:05,3.3504
14:10:06,3.3504
14:10:07,3.3468
14:10:08,3.3553
14:10:09,3.348
14:10:10,3.3407
14:10:11,3.348
14:10:12,3.3431
14:10:13,3.3407
14:10:15,3.3443
14:10:16,3.3504
14:10:17,3.3443
14:10:18,3.3455
14:10:19,3.3443
14:10:20,3.3516
14:10:21,3.3541
14:10:22,3.3516
14:10:23,3.3529
14:10:24,3.3663
14:10:25,3.3626
14:10:26,3.3578
14:10:27,3.3504
14:10:28,3.3492
14:10:29,3.3468
14:10:30,3.3431
14:10:31,3.3358
14:10:32,3.3346
14:10:33,3.337
14:10:34,3.3407
14:10:35,3.3382
14:10:36,3.3321
14:10:37,3.3309
14:10:38,3.3309
14:10:39,3.3309
14:10:40,3.337
14:10:41,3.3358
14:10:42,3.3321
14:10:43,3.3309
14:10:44,3.3309
14:10:45,3.3333
14:10:46,3.3321
14:10:47,3.3309
14:10:48,3.3297
14:10:49,3.3309
14:10:50,3.3382
14:10:51,3.3321
14:10:52,3.3297
14:10:53,3.3309
14:10:54,3.3284
14:10:55,3.3358
14:10:56,3.3272
14:10:57,3.3309
14:10:58,3.3309
14:10:59,3.3333
14:11:00,3.3321
14:11:01,3.3321
14:11:02,3.3272
14:11:03,3.3333
14:11:04,3.3358
14:11:05,3.3309
14:11:06,3.3284
14:11:07,3.3333
14:11:08,3.3333
14:11:09,3.3346
14:11:10,3.3321
14:11:11,3.3346
14:11:12,3.3382
14:11:13,3.3346
14:11:14,3.3309
14:11:16,3.3321
14:11:17,3.3394
14:11:18,3.3346
14:11:19,3.3358
14:11:20,3.3309
14:11:21,3.3333
14:11:22,3.3382
14:11:23,3.3346
14:11:24,3.3346
14:11:25,3.337
14:11:26,3.3333
14:11:27,3.3309
14:11:28,3.3346
14:11:29,3.3382
14:11:30,3.3382
14:11:31,3.3333
14:11:32,3.3382
14:11:33,3.3382
14:11:34,3.3309
14:11:35,3.3394
14:11:36,3.3382
14:11:37,3.3321
14:11:38,3.3394
14:11:39,3.3346
14:11:40,3.3284
14:11:41,3.3407
14:11:42,3.3358
14:11:43,3.3321
14:11:44,3.3358
14:11:45,3.3333
14:11:46,3.3394
14:11:47,3.337
14:11:48,3.3358
14:11:49,3.337
14:11:50,3.3382
14:11:51,3.3333
14:11:52,3.3382
14:11:53,3.3407
14:11:54,3.3358
14:11:55,3.3382
14:11:56,3.3382
14:11:57,3.3284
14:11:58,3.3407
14:11:59,3.3346
14:12:00,3.3333
14:12:01,3.3382
14:12:02,3.3309
14:12:03,3.3333
14:12:04,3.337
14:12:05,3.3333
14:12:06,3.3333
14:12:07,3.3407
14:12:08,3.3297
14:12:09,3.3358
14:12:10,3.3358
14:12:11,3.3309
14:12:12,3.3333
14:12:13,3.3321
14:12:14,3.3358
14:12:15,3.3358
14:12:17,3.3321
14:12:18,3.3407
14:12:19,3.3358
14:12:20,3.3333
14:12:21,3.3358
14:12:22,3.3346
14:12:23,3.3382
14:12:24,3.3358
14:12:25,3.3333
14:12:26,3.3346
14:12:27,3.3333
14:12:28,3.3382
14:12:29,3.3358
14:12:30,3.3394
14:12:31,3.3419
14:12:32,3.3382
14:12:33,3.348
14:12:34,3.3468
14:12:35,3.3394
14:12:36,3.337
14:12:37,3.3407
14:12:38,3.3431
14:12:39,3.3394
14:12:40,3.3407
14:12:41,3.3431
14:12:42,3.3443
14:12:43,3.3407
14:12:44,3.348
14:12:45,3.3455
14:12:46,3.3455
14:12:47,3.3443
14:12:48,3.348
14:12:49,3.3431
14:12:50,3.3455
14:12:51,3.3504
14:12:52,3.3504
14:12:53,3.3516
14:12:54,3.3529
14:12:55,3.3529
14:12:56,3.3529
14:12:57,3.3529
14:12:58,3.3455
14:12:59,3.3455
14:13:00,3.3443
14:13:01,3.3407
14:13:02,3.3468
14:13:03,3.3394
14:13:04,3.3407
14:13:05,3.3407
14:13:06,3.337
14:13:07,3.3468
14:13:08,3.3382
14:13:09,3.3346
14:13:10,3.3382
14:13:11,3.3382
14:13:12,3.3394
14:13:13,3.3382
14:13:14,3.3407
14:13:15,3.3407
14:13:16,3.3431
14:13:18,3.348
14:13:19,3.348
14:13:20,3.348
14:13:21,3.3529
14:13:22,3.3541
14:13:23,3.359
14:13:24,3.3602
14:13:25,3.3553
14:13:26,3.3553
14:13:27,3.3455
14:13:28,3.3468
14:13:29,3.3431
14:13:30,3.3419
14:13:31,3.3431
14:13:32,3.3431
14:13:33,3.3431
14:13:34,3.3504
14:13:35,3.3492
14:13:36,3.3504
14:13:37,3.3516
14:13:38,3.3529
14:13:39,3.3614
14:13:40,3.3553
14:13:41,3.3529
14:13:42,3.3578
14:13:43,3.3541
14:13:44,3.3602
14:13:45,3.3553
14:13:46,3.3504
14:13:47,3.3492
14:13:48,3.348
14:13:49,3.3504
14:13:50,3.348
14:13:51,3.3455
14:13:52,3.348
14:13:53,3.3455
14:13:54,3.3443
14:13:55,3.3443
14:13:56,3.3431
14:13:57,3.3394
14:13:58,3.3455
14:13:59,3.3407
14:14:00,3.3431
14:14:01,3.3455
14:14:02,3.3407
14:14:03,3.3431
14:14:04,3.3394
14:14:05,3.3468
14:14:06,3.3431
14:14:07,3.3419
14:14:08,3.3407
14:14:09,3.3407
14:14:10,3.3407
14:14:11,3.3394
14:14:12,3.3407
14:14:13,3.3407
14:14:14,3.3382
14:14:15,3.3407
14:14:16,3.3407
14:14:17,3.3419
14:14:19,3.3407
14:14:20,3.3455
14:14:21,3.3407
14:14:22,3.3407
14:14:23,3.3394
14:14:24,3.3394
14:14:25,3.3394
14:14:26,3.337
14:14:27,3.3455
14:14:28,3.3382
14:14:29,3.3419
14:14:30,3.3382
14:14:31,3.3419
14:14:32,3.3431
14:14:33,3.3407
14:14:34,3.3455
14:14:35,3.3431
14:14:36,3.3443
14:14:37,3.3443
14:14:38,3.3407
14:14:39,3.3431
14:14:40,3.3407
14:14:41,3.3431
14:14:42,3.3407
14:14:43,3.3431
14:14:44,3.3431
14:14:45,3.337
14:14:46,3.3431
14:14:47,3.3419
14:14:48,3.3431
14:14:49,3.337
14:14:50,3.3394
14:14:51,3.3394
14:14:52,3.3443
14:14:53,3.3443
14:14:54,3.348
14:14:55,3.348
14:14:56,3.3455
14:14:57,3.3455
14:14:58,3.3407
14:14:59,3.337
14:15:00,3.3333
14:15:01,3.3309
14:15:02,3.3309
14:15:03,3.3321
14:15:04,3.3309
14:15:05,3.3297
14:15:06,3.3309
14:15:07,3.3284
14:15:08,3.3297
14:15:09,3.3309
14:15:10,3.3284
14:15:11,3.3284
14:15:12,3.3272
14:15:13,3.326
14:15:14,3.3236
14:15:15,3.3272
14:15:16,3.3199
14:15:17,3.3236
14:15:18,3.3175
14:15:19,3.3223
14:15:21,3.3223
14:15:22,3.3199
14:15:23,3.3211
14:15:24,3.3162
14:15:25,3.3175
14:15:26,3.3187
14:15:27,3.3211
14:15:28,3.3162
14:15:29,3.3211
14:15:30,3.3211
14:15:31,3.3236
14:15:32,3.3211
14:15:33,3.3187
14:15:34,3.3211
14:15:35,3.3199
14:15:36,3.3223
14:15:37,3.3187
14:15:38,3.3211
14:15:39,3.3199
14:15:40,3.3187
14:15:41,3.3199
14:15:42,3.3162
14:15:43,3.3187
14:15:44,3.3211
14:15:45,3.3162
14:15:46,3.3162
14:15:47,3.3211
14:15:48,3.3162
14:15:49,3.3199
14:15:50,3.3175
14:15:51,3.3187
14:15:52,3.3236
14:15:53,3.3199
14:15:54,3.3223
14:15:55,3.3211
14:15:56,3.3236
14:15:57,3.3272
14:15:58,3.3236
14:15:59,3.326
14:16:00,3.326
14:16:01,3.3284
14:16:02,3.3297
14:16:03,3.3309
14:16:04,3.326
14:16:05,3.326
14:16:06,3.3236
14:16:07,3.3248
14:16:08,3.3223
14:16:09,3.3199
14:16:10,3.3199
14:16:11,3.3162
14:16:12,3.3187
14:16:13,3.3175
14:16:14,3.3162
14:16:15,3.3175
14:16:16,3.3162
14:16:17,3.3187
14:16:18,3.3162
14:16:19,3.3114
14:16:20,3.3138
14:16:21,3.3138
14:16:22,3.3138
14:16:24,3.3114
14:16:25,3.3138
14:16:26,3.3138
14:16:27,3.315
14:16:28,3.3114
14:16:29,3.3138
14:16:30,3.3126
14:16:31,3.3162
14:16:32,3.3126
14:16:33,3.3114
14:16:34,3.3114
14:16:35,3.3089
14:16:36,3.3089
14:16:37,3.3126
14:16:38,3.3126
14:16:39,3.3114
14:16:40,3.3126
14:16:41,3.3114
14:16:42,3.3101
14:16:43,3.3089
14:16:44,3.3101
14:16:45,3.3077
14:16:46,3.3077
14:16:47,3.3077
14:16:48,3.3053
14:16:49,3.3065
14:16:50,3.3077
14:16:51,3.304
14:16:52,3.3053
14:16:53,3.3053
14:16:54,3.3077
14:16:55,3.3053
14:16:56,3.3053
14:16:57,3.3028
14:16:58,3.3077
14:16:59,3.3004
14:17:00,3.3053
14:17:01,3.3016
14:17:02,3.3077
14:17:03,3.304
14:17:04,3.3028
14:17:05,3.304
14:17:06,3.2955
14:17:07,3.3016
14:17:08,3.2979
14:17:09,3.3028
14:17:10,3.3016
14:17:11,3.2991
14:17:12,3.3028
14:17:13,3.3004
14:17:14,3.3004
14:17:15,3.2991
14:17:16,3.2967
14:17:17,3.3004
14:17:18,3.2967
14:17:19,3.2967
14:17:20,3.2967
14:17:21,3.3004
14:17:22,3.2967
14:17:23,3.2967
14:17:24,3.2991
14:17:26,3.2955
14:17:27,3.2918
14:17:28,3.2943
14:17:29,3.2918
14:17:30,3.2918
14:17:31,3.293
14:17:32,3.2955
14:17:33,3.293
14:17:34,3.2918
14:17:35,3.2918
14:17:36,3.2918
14:17:37,3.2894
14:17:38,3.2882
14:17:39,3.2882
14:17:40,3.2882
14:17:41,3.2869
14:17:42,3.2882
14:17:43,3.2845
14:17:44,3.2869
14:17:45,3.2869
14:17:46,3.2821
14:17:47,3.2869
14:17:48,3.2845
14:17:49,3.2821
14:17:50,3.2808
14:17:51,3.2857
14:17:52,3.2821
14:17:53,3.2821
14:17:54,3.2759
14:17:55,3.2808
14:17:56,3.2808
14:17:57,3.2821
14:17:58,3.2808
14:17:59,3.2772
14:18:00,3.2796
14:18:01,3.2808
14:18:02,3.2772
14:18:03,3.2772
14:18:04,3.2747
14:18:05,3.2747
14:18:06,3.2772
14:18:07,3.2772
14:18:08,3.2747
14:18:09,3.2759
14:18:10,3.2747
14:18:11,3.2698
14:18:12,3.2711
14:18:13,3.2723
14:18:14,3.2723
14:18:15,3.2674
14:18:16,3.2723
14:18:17,3.2711
14:18:18,3.2686
14:18:19,3.2711
14:18:20,3.2698
14:18:21,3.2698
14:18:22,3.2674
14:18:23,3.2686
14:18:24,3.2674
14:18:25,3.2662
14:18:26,3.2662
14:18:27,3.265
14:18:28,3.2674
14:18:30,3.2625
14:18:31,3.265
14:18:32,3.2662
14:18:33,3.2662
14:18:34,3.2637
14:18:35,3.2674
14:18:36,3.265
14:18:37,3.2662
14:18:38,3.2662
14:18:39,3.2637
14:18:40,3.2613
14:18:41,3.2613
14:18:42,3.2576
14:18:43,3.2613
14:18:44,3.2637
14:18:45,3.2601
14:18:46,3.2625
14:18:47,3.2601
14:18:48,3.2613
14:18:49,3.265
14:18:50,3.2637
14:18:51,3.2637
14:18:52,3.2625
14:18:53,3.265
14:18:54,3.2674
14:18:55,3.265
14:18:56,3.2698
14:18:57,3.2686
14:18:58,3.2698
14:18:59,3.2686
14:19:00,3.2723
14:19:01,3.2723
14:19:02,3.2723
14:19:03,3.2735
14:19:04,3.2723
14:19:05,3.2735
14:19:06,3.2723
14:19:07,3.2723
14:19:08,3.2735
14:19:09,3.2747
14:19:10,3.2711
14:19:11,3.2747
14:19:12,3.2747
14:19:13,3.2723
14:19:14,3.2747
14:19:15,3.2711
14:19:16,3.2711
14:19:17,3.2711
14:19:18,3.2711
14:19:19,3.2674
14:19:20,3.2711
14:19:21,3.2698
14:19:22,3.2674
14:19:23,3.0305
14:19:24,3.1954
14:19:25,3.2039
14:19:26,3.2088
14:19:27,3.1783
14:19:28,3.243
14:19:29,3.2564
14:19:30,3.265
14:19:31,3.2674
14:19:33,3.2662
14:19:34,3.2747
14:19:35,3.2711
14:19:36,3.2735
14:19:37,3.2723
14:19:38,3.2759
14:19:39,3.2747
14:19:40,3.2723
14:19:41,3.2723
14:19:42,3.2723
14:19:43,3.2698
14:19:44,3.2674
14:19:45,3.2698
14:19:46,3.2698
14:19:47,3.2686
14:19:48,3.2698
14:19:49,3.2686
14:19:50,3.2674
14:19:51,3.2686
14:19:52,3.2674
14:19:53,3.2686
14:19:54,3.2637
14:19:55,3.2698
14:19:56,3.2686
14:19:57,3.2723
14:19:58,3.265
14:19:59,3.2698
14:20:00,3.2662
14:20:01,3.2662
14:20:02,3.2674
14:20:03,3.2723
14:20:04,3.2662
14:20:05,3.2686
14:20:06,3.2674
14:20:07,3.2698
14:20:08,3.2674
14:20:09,3.2686
14:20:10,3.2698
14:20:11,3.2723
14:20:12,3.2686
14:20:13,3.2698
14:20:14,3.2698
14:20:15,3.2686
14:20:16,3.2674
14:20:17,3.265
14:20:18,3.2674
14:20:19,3.2686
14:20:20,3.2686
14:20:21,3.2686
14:20:22,3.2735
14:20:23,3.2698
14:20:24,3.2723
14:20:25,3.2711
14:20:26,3.2723
14:20:27,3.2723
14:20:28,3.2698
14:20:29,3.2735
14:20:30,3.2698
14:20:31,3.2723
14:20:32,3.2686
14:20:33,3.2735
14:20:34,3.2698
14:20:35,3.2711
14:20:37,3.2735
14:20:38,3.2723
14:20:39,3.2735
14:20:40,3.2723
14:20:41,3.2686
14:20:42,3.2711
14:20:43,3.2747
14:20:44,3.2772
14:20:45,3.2735
14:20:46,3.2747
14:20:47,3.2711
14:20:48,3.2735
14:20:49,3.2723
14:20:50,3.2723
14:20:51,3.2759
14:20:52,3.2735
14:20:53,3.2759
14:20:54,3.2735
14:20:55,3.2735
14:20:56,3.2772
14:20:57,3.2723
14:20:58,3.2772
14:20:59,3.2747
14:21:00,3.2772
14:21:01,3.2723
14:21:02,3.2747
14:21:03,3.2723
14:21:04,3.2723
14:21:05,3.2747
14:21:06,3.2723
14:21:07,3.2772
14:21:08,3.2735
14:21:09,3.2772
14:21:10,3.2735
14:21:11,3.2723
14:21:12,3.2747
14:21:13,3.2772
14:21:14,3.2796
14:21:15,3.2735
14:21:16,3.2711
14:21:17,3.2772
14:21:18,3.2723
14:21:19,3.2772
14:21:20,3.2747
14:21:21,3.2784
14:21:22,3.2723
14:21:23,3.2759
14:21:24,3.2772
14:21:25,3.2723
14:21:26,3.2747
14:21:27,3.2747
14:21:28,3.2735
14:21:29,3.2747
14:21:30,3.2759
14:21:31,3.2735
14:21:32,3.2723
14:21:33,3.2772
14:21:34,3.2747
14:21:35,3.2747
14:21:36,3.2723
14:21:37,3.2772
14:21:38,3.2723
14:21:40,3.2723
14:21:41,3.2784
14:21:42,3.2747
14:21:43,3.2759
14:21:44,3.2784
14:21:45,3.2723
14:21:46,3.2747
14:21:47,3.2796
14:21:48,3.2735
14:21:49,3.2772
14:21:50,3.2759
14:21:51,3.2784
14:21:52,3.2723
14:21:53,3.2796
14:21:54,3.2784
14:21:55,3.2796
14:21:56,3.2772
14:21:57,3.2808
14:21:58,3.2784
14:21:59,3.2821
14:22:00,3.2784
14:22:01,3.2808
14:22:02,3.2784
14:22:03,3.2821
14:22:04,3.2796
14:22:05,3.2821
14:22:06,3.2821
14:22:07,3.2808
14:22:08,3.2821
14:22:09,3.2821
14:22:10,3.2821
14:22:11,3.2821
14:22:12,3.2821
14:22:13,3.2845
14:22:14,3.2821
14:22:15,3.2833
14:22:16,3.2808
14:22:17,3.2857
14:22:18,3.2857
14:22:19,3.2784
14:22:20,3.2845
14:22:21,3.2821
14:22:22,3.2869
14:22:23,3.2821
14:22:24,3.2869
14:22:25,3.2845
14:22:26,3.2833
14:22:27,3.2845
14:22:28,3.2845
14:22:29,3.2808
14:22:30,3.2821
14:22:31,3.2821
14:22:32,3.2869
14:22:33,3.2821
14:22:34,3.2845
14:22:35,3.2821
14:22:36,3.2845
14:22:37,3.2821
14:22:38,3.2869
14:22:39,3.2869
14:22:40,3.2894
14:22:41,3.2857
14:22:43,3.2869
14:22:44,3.2869
14:22:45,3.2869
14:22:46,3.2869
14:22:47,3.2845
14:22:48,3.2857
14:22:49,3.2869
14:22:50,3.2857
14:22:51,3.2869
14:22:52,3.2894
14:22:53,3.2869
14:22:54,3.2821
14:22:55,3.2845
14:22:56,3.2906
14:22:57,3.2906
14:22:58,3.2918
14:22:59,3.2869
14:23:00,3.2894
14:23:01,3.2918
14:23:02,3.2918
14:23:03,3.2906
14:23:04,3.293
14:23:05,3.2882
14:23:06,3.293
14:23:07,3.2894
14:23:08,3.2882
14:23:09,3.2906
14:23:10,3.2894
14:23:11,3.2882
14:23:12,3.2894
14:23:13,3.2943
14:23:14,3.2906
14:23:15,3.2894
14:23:16,3.2894
14:23:17,3.293
14:23:18,3.2906
14:23:19,3.2943
14:23:20,3.293
14:23:21,3.293
14:23:22,3.2967
14:23:23,3.2918
14:23:24,3.3004
14:23:25,3.2918
14:23:26,3.2955
14:23:27,3.2955
14:23:28,3.2918
14:23:29,3.3016
14:23:30,3.2979
14:23:31,3.2979
14:23:32,3.2967
14:23:33,3.2991
14:23:34,3.2967
14:23:35,3.2967
14:23:36,3.3004
14:23:37,3.2979
14:23:38,3.3004
14:23:39,3.2991
14:23:40,3.3004
14:23:41,3.3016
14:23:42,3.3016
14:23:43,3.3028
14:23:44,3.304
14:23:45,3.3016
14:23:47,3.3065
14:23:48,3.3004
14:23:49,3.3053
14:23:50,3.304
14:23:51,3.3053
14:23:52,3.3114
14:23:53,3.3065
14:23:54,3.3065
14:23:55,3.3065
14:23:56,3.304
14:23:57,3.3077
14:23:58,3.3089
14:23:59,3.3126
14:24:00,3.3077
14:24:01,3.3114
14:24:02,3.3114
14:24:03,3.3101
14:24:04,3.3138
14:24:05,3.3138
14:24:06,3.3138
14:24:07,3.3114
14:24:08,3.3126
14:24:09,3.3114
14:24:10,3.3126
14:24:11,3.3126
14:24:12,3.3162
14:24:13,3.315
14:24:14,3.3126
14:24:15,3.3162
14:24:16,3.3187
14:24:17,3.315
14:24:18,3.3187
14:24:19,3.3162
14:24:20,3.3187
14:24:21,3.3162
14:24:22,3.3162
14:24:23,3.3162
14:24:24,3.3187
14:24:25,3.3199
14:24:26,3.3211
14:24:27,3.3211
14:24:28,3.3187
14:24:29,3.3211
14:24:30,3.3211
14:24:31,3.3211
14:24:32,3.3211
14:24:33,3.3211
14:24:34,3.3199
14:24:35,3.3211
14:24:36,3.3211
14:24:37,3.3211
14:24:38,3.3223
14:24:39,3.326
14:24:40,3.3236
14:24:41,3.326
14:24:42,3.3223
14:24:43,3.3236
14:24:44,3.3248
14:24:45,3.326
14:24:46,3.3284
14:24:47,3.3248
14:24:49,3.326
14:24:50,3.3223
14:24:51,3.3284
14:24:52,3.3248
14:24:53,3.3309
14:24:54,3.3284
14:24:55,3.3333
14:24:56,3.3284
14:24:57,3.3272
14:24:58,3.3284
14:24:59,3.3284
14:25:00,3.326
14:25:01,3.3272
14:25:02,3.3297
14:25:03,3.3272
14:25:04,3.3284
14:25:05,3.3297
14:25:06,3.3333
14:25:07,3.3321
14:25:08,3.3358
14:25:09,3.3309
14:25:10,3.3358
14:25:11,3.3284
14:25:12,3.3309
14:25:13,3.3358
14:25:14,3.3309
14:25:15,3.3333
14:25:16,3.3284
14:25:17,3.3333
14:25:18,3.3333
14:25:19,3.3346
14:25:20,3.337
14:25:21,3.3333
14:25:22,3.3358
14:25:23,3.3333
14:25:24,3.337
14:25:25,3.3382
14:25:26,3.3358
14:25:27,3.3394
14:25:28,3.337
14:25:29,3.3407
14:25:30,3.3394
14:25:31,3.337
14:25:32,3.3358
14:25:33,3.3358
14:25:34,3.3407
14:25:35,3.3394
14:25:36,3.337
14:25:37,3.3407
14:25:38,3.3382
14:25:39,3.3407
14:25:40,3.337
14:25:41,3.3407
14:25:42,3.3431
14:25:43,3.3407
14:25:44,3.3431
14:25:45,3.3394
14:25:46,3.3382
14:25:47,3.3346
14:25:48,3.3407
14:25:49,3.3358
14:25:50,3.3358
14:25:51,3.3431
14:25:53,3.3431
14:25:54,3.3407
14:25:55,3.3407
14:25:56,3.3394
14:25:57,3.3407
14:25:58,3.3382
14:25:59,3.3419
14:26:00,3.3407
14:26:01,3.337
14:26:02,3.3431
14:26:03,3.337
14:26:04,3.3407
14:26:05,3.3407
14:26:06,3.3419
14:26:07,3.3407
14:26:08,3.3407
14:26:09,3.3394
14:26:10,3.3419
14:26:11,3.3407
14:26:12,3.3407
14:26:13,3.3455
14:26:14,3.3382
14:26:15,3.3431
14:26:16,3.3358
14:26:17,3.3382
14:26:18,3.3407
14:26:19,3.3358
14:26:20,3.3382
14:26:21,3.3407
14:26:22,3.3382
14:26:23,3.3431
14:26:24,3.3382
14:26:25,3.3419
14:26:26,3.3394
14:26:27,3.3419
14:26:28,3.3394
14:26:29,3.3394
14:26:30,3.3394
14:26:31,3.3394
14:26:32,3.3407
14:26:33,3.3358
14:26:34,3.3394
14:26:35,3.3358
14:26:36,3.3358
14:26:37,3.3382
14:26:38,3.3358
14:26:39,3.337
14:26:40,3.3358
14:26:41,3.3382
14:26:42,3.3321
14:26:43,3.3346
14:26:44,3.3358
14:26:45,3.3346
14:26:46,3.337
14:26:47,3.3321
14:26:48,3.3358
14:26:49,3.3358
14:26:50,3.337
14:26:51,3.337
14:26:52,3.3333
14:26:53,3.3333
14:26:55,3.3297
14:26:56,3.3309
14:26:57,3.3333
14:26:58,3.3346
14:26:59,3.3333
14:27:00,3.3333
14:27:01,3.3333
14:27:02,3.3272
14:27:03,3.3333
14:27:04,3.3297
14:27:05,3.3309
14:27:06,3.3358
14:27:07,3.3309
14:27:08,3.3346
14:27:09,3.3309
14:27:10,3.3333
14:27:11,3.3333
14:27:12,3.3309
14:27:13,3.3333
14:27:14,3.3297
14:27:15,3.3309
14:27:16,3.3309
14:27:17,3.3309
14:27:18,3.3321
14:27:19,3.3309
14:27:20,3.3309
14:27:21,3.3333
14:27:22,3.3272
14:27:23,3.3321
14:27:24,3.3272
14:27:25,3.3309
14:27:26,3.3309
14:27:27,3.3284
14:27:28,3.3284
14:27:29,3.3284
14:27:30,3.3272
14:27:31,3.326
14:27:32,3.326
14:27:33,3.3284
14:27:34,3.3236
14:27:35,3.3284
14:27:36,3.326
14:27:37,3.326
14:27:38,3.3187
14:27:39,3.3211
14:27:40,3.3211
14:27:41,3.3199
14:27:42,3.3211
14:27:43,3.3175
14:27:44,3.3211
14:27:45,3.315
14:27:46,3.3162
14:27:47,3.3114
14:27:48,3.3114
14:27:49,3.3089
14:27:50,3.3101
14:27:51,3.304
14:27:52,3.3065
14:27:53,3.304
14:27:54,3.304
14:27:55,3.304
14:27:56,3.3028
14:27:58,3.3053
14:27:59,3.304
14:28:00,3.3016
14:28:01,3.3004
14:28:02,3.3016
14:28:03,3.2991
14:28:04,3.3004
14:28:05,3.3016
14:28:06,3.3004
14:28:07,3.2979
14:28:08,3.2943
14:28:09,3.2967
14:28:10,3.2991
14:28:11,3.2991
14:28:12,3.2967
14:28:13,3.2991
14:28:14,3.3004
14:28:15,3.3016
14:28:16,3.2991
14:28:17,3.3004
14:28:18,3.304
14:28:19,3.3053
14:28:20,3.3053
14:28:21,3.304
14:28:22,3.3053
14:28:23,3.3077
14:28:24,3.3028
14:28:25,3.3016
14:28:26,3.3016
14:28:27,3.304
14:28:28,3.304
14:28:29,3.3004
14:28:30,3.3065
14:28:31,3.3016
14:28:32,3.3028
14:28:33,3.304
14:28:34,3.3016
14:28:35,3.3016
14:28:36,3.2698
14:28:37,3.2967
14:28:38,2.7118
14:28:39,3.2918
14:28:40,3.2869
14:28:41,3.2918
14:28:42,3.2943
14:28:43,3.2906
14:28:44,3.2943
14:28:45,3.2882
14:28:46,3.2906
14:28:47,3.2857
14:28:48,3.2869
14:28:49,2.6825
14:28:50,2.7253
14:28:51,2.7302
14:28:52,3.2906
14:28:53,3.2845
14:28:54,3.2894
14:28:55,3.2894
14:28:56,3.2869
14:28:57,3.2894
14:28:58,3.2845
14:29:00,3.2943
14:29:01,2.9023
14:29:02,3.2918
14:29:03,3.2821
14:29:04,3.2845
14:29:05,2.7045
14:29:06,3.2869
14:29:07,3.2845
14:29:08,3.2845
14:29:09,3.2857
14:29:10,2.862
14:29:11,3.2833
14:29:12,3.2869
14:29:13,3.2894
14:29:14,3.2845
14:29:15,3.2857
14:29:16,3.2894
14:29:17,3.2882
14:29:18,3.2857
14:29:19,3.2845
14:29:20,3.2845
14:29:21,3.2857
14:29:22,3.2869
14:29:23,2.6886
14:29:24,3.2882
14:29:25,3.2882
14:29:26,3.2869
14:29:27,3.2845
14:29:28,2.7106
14:29:29,3.2869
14:29:30,3.2869
14:29:31,2.6471
14:29:32,3.2833
14:29:33,3.2821
14:29:34,3.2845
14:29:35,3.2857
14:29:36,3.2918
14:29:37,3.2918
14:29:38,3.2943
14:29:39,2.6349
14:29:40,3.2882
14:29:41,3.2869
14:29:42,3.2869
14:29:43,3.2882
14:29:44,3.2869
14:29:45,3.2918
14:29:46,3.2894
14:29:47,3.2918
14:29:48,3.2894
14:29:49,2.652
14:29:50,3.2894
14:29:51,3.2869
14:29:52,3.2918
14:29:53,3.2943
14:29:54,2.6569
14:29:55,3.2943
14:29:56,3.2869
14:29:57,3.293
14:29:58,3.2918
14:29:59,2.7241
14:30:01,2.8852
14:30:02,3.2918
14:30:03,2.6435
14:30:04,3.293
14:30:05,3.2991
14:30:06,3.2943
14:30:07,3.2967
14:30:08,3.2943
14:30:09,3.2991
14:30:10,2.6716
14:30:11,3.3016
14:30:12,3.2967
14:30:13,3.2991
14:30:14,3.3016
14:30:15,3.3016
14:30:16,2.7814
14:30:17,3.2991
14:30:18,3.3016
14:30:19,2.7241
14:30:20,3.3016
14:30:21,3.3053
14:30:22,3.3016
14:30:23,3.3016
14:30:24,3.2979
14:30:25,3.304
14:30:26,3.3028
14:30:27,2.7106
14:30:28,3.304
14:30:29,3.304
14:30:30,3.3016
14:30:31,3.3053
14:30:32,3.3028
14:30:33,3.3028
14:30:34,3.3016
14:30:35,3.3028
14:30:36,3.3028
14:30:37,3.3053
14:30:38,3.3016
14:30:39,3.3053
14:30:40,3.3065
14:30:41,3.3053
14:30:42,3.3065
14:30:43,3.3053
14:30:44,3.3114
14:30:45,3.3089
14:30:46,3.3077
14:30:47,3.304
14:30:48,3.3077
14:30:49,3.3077
14:30:50,3.3053
14:30:51,3.3065
14:30:52,3.3065
14:30:53,3.3089
14:30:54,3.304
14:30:55,3.3089
14:30:56,3.3065
14:30:57,3.304
14:30:58,3.304
14:30:59,3.304
14:31:00,3.304
14:31:01,3.3077
14:31:03,3.3077
14:31:04,3.3077
14:31:05,3.3053
14:31:06,3.3028
14:31:07,3.3077
14:31:08,3.3053
14:31:09,3.3053
14:31:10,3.3065
14:31:11,3.304
14:31:12,3.304
14:31:13,3.3028
14:31:14,3.304
14:31:15,3.3016
14:31:16,3.304
14:31:17,3.3016
14:31:18,3.3028
14:31:19,3.304
14:31:20,3.3016
14:31:21,3.3089
14:31:22,3.304
14:31:23,3.3028
14:31:24,3.3016
14:31:25,3.304
14:31:26,3.3016
14:31:27,3.3065
14:31:28,3.304
14:31:29,3.3053
14:31:30,3.304
14:31:31,3.3016
14:31:32,3.3004
14:31:33,3.3004
14:31:34,3.3077
14:31:35,3.2991
14:31:36,3.3016
14:31:37,3.2967
14:31:38,3.3016
14:31:39,3.304
14:31:40,3.2991
14:31:41,3.2979
14:31:42,3.2979
14:31:43,3.2967
14:31:44,3.2991
14:31:45,3.2979
14:31:46,3.2979
14:31:47,3.2979
14:31:48,3.2991
14:31:49,3.2979
14:31:50,3.2967
14:31:51,3.2979
14:31:52,3.2967
14:31:53,3.2991
14:31:54,3.2979
14:31:55,3.2967
14:31:56,3.2979
14:31:57,3.2955
14:31:58,3.3004
14:31:59,3.3016
14:32:00,3.2918
14:32:01,3.2979
14:32:02,3.2979
14:32:03,3.2979
14:32:05,3.2955
14:32:06,3.2943
14:32:07,3.2943
14:32:08,3.2967
14:32:09,3.2943
14:32:10,3.2943
14:32:11,3.2943
14:32:12,3.2967
14:32:13,3.2943
14:32:14,3.2955
14:32:15,3.2955
14:32:16,3.293
14:32:17,3.2906
14:32:18,3.2943
14:32:19,3.293
14:32:20,3.2918
14:32:21,3.293
14:32:22,3.2955
14:32:23,3.2918
14:32:24,3.2918
14:32:25,3.2894
14:32:26,3.2918
14:32:27,3.2894
14:32:28,3.2955
14:32:29,3.2943
14:32:30,3.293
14:32:31,3.2943
14:32:32,3.2918
14:32:33,3.293
14:32:34,3.2894
14:32:35,3.2918
14:32:36,3.2918
14:32:37,3.2918
14:32:38,3.2918
14:32:39,3.2918
14:32:40,3.293
14:32:41,3.2906
14:32:42,3.293
14:32:43,3.2943
14:32:44,3.2906
14:32:45,3.2918
14:32:46,3.2918
14:32:47,3.2894
14:32:48,3.2882
14:32:49,3.2918
14:32:50,3.2918
14:32:51,3.2918
14:32:52,3.2906
14:32:53,3.2943
14:32:54,3.2869
14:32:55,3.2918
14:32:56,3.2943
14:32:57,3.2894
14:32:58,3.2943
14:32:59,3.2918
14:33:00,3.2918
14:33:01,3.2918
14:33:02,3.2918
14:33:03,3.2894
14:33:04,3.2955
14:33:05,3.2918
14:33:06,3.2882
14:33:08,3.293
14:33:09,3.2894
14:33:10,3.2882
14:33:11,3.2894
14:33:12,3.2894
14:33:13,3.2882
14:33:14,3.2906
14:33:15,3.2869
14:33:16,3.2906
14:33:17,3.2918
14:33:18,3.2845
14:33:19,3.2906
14:33:20,3.2894
14:33:21,3.2869
14:33:22,3.293
14:33:23,3.2906
14:33:24,3.2943
14:33:25,3.2869
14:33:26,3.2882
14:33:27,3.2918
14:33:28,3.2857
14:33:29,3.2894
14:33:30,3.2882
14:33:31,3.2833
14:33:32,3.2857
14:33:33,3.2821
14:33:34,3.2882
14:33:35,3.2821
14:33:36,3.2821
14:33:37,3.2833
14:33:38,3.2845
14:33:39,3.2845
14:33:40,3.2845
14:33:41,3.2808
14:33:42,3.2821
14:33:43,3.2808
14:33:44,3.2808
14:33:45,3.2833
14:33:46,3.2821
14:33:47,3.2821
14:33:48,3.2845
14:33:49,3.2772
14:33:50,3.2784
14:33:51,3.2857
14:33:52,3.2808
14:33:53,3.2821
14:33:54,3.2808
14:33:55,3.2808
14:33:56,3.2845
14:33:57,3.2857
14:33:58,3.2821
14:33:59,3.2808
14:34:00,3.2833
14:34:01,3.2857
14:34:02,3.2869
14:34:03,3.2845
14:34:04,3.2821
14:34:05,3.2821
14:34:06,3.2869
14:34:07,3.2845
14:34:08,3.2833
14:34:10,3.2845
14:34:11,3.2833
14:34:12,3.2808
14:34:13,3.2845
14:34:14,3.2821
14:34:15,3.2833
14:34:16,3.2869
14:34:17,3.2857
14:34:18,3.2857
14:34:19,3.2821
14:34:20,3.2821
14:34:21,3.2869
14:34:22,3.2869
14:34:23,3.2845
14:34:24,3.2833
14:34:25,3.2821
14:34:26,3.2821
14:34:27,3.2857
14:34:28,3.2833
14:34:29,3.2808
14:34:30,3.2821
14:34:31,3.2821
14:34:32,3.2845
14:34:33,3.2821
14:34:34,3.2821
14:34:35,3.2808
14:34:36,3.2808
14:34:37,3.2833
14:34:38,3.2808
14:34:39,3.2821
14:34:40,3.2857
14:34:41,3.2821
14:34:42,3.2821
14:34:43,3.2833
14:34:44,3.2821
14:34:45,3.2808
14:34:46,3.2821
14:34:47,3.2808
14:34:48,3.2869
14:34:49,3.2833
14:34:50,3.2821
14:34:51,3.2882
14:34:52,3.2808
14:34:53,3.2833
14:34:54,3.2845
14:34:55,3.2821
14:34:56,3.2821
14:34:57,3.2869
14:34:58,3.2821
14:34:59,3.2845
14:35:00,3.2869
14:35:01,3.2808
14:35:02,3.2821
14:35:03,3.2869
14:35:04,3.2845
14:35:05,3.2882
14:35:06,3.2821
14:35:07,3.2869
14:35:08,3.2845
14:35:09,3.2833
14:35:10,3.2906
14:35:12,3.2869
14:35:13,3.2833
14:35:14,3.2869
14:35:15,3.2882
14:35:16,3.2869
14:35:17,3.2894
14:35:18,3.2845
14:35:19,3.2882
14:35:20,3.2869
14:35:21,3.2869
14:35:22,3.2894
14:35:23,3.2821
14:35:24,3.2918
14:35:25,3.2882
14:35:26,3.2918
14:35:27,3.2894
14:35:28,3.2869
14:35:29,3.2869
14:35:30,3.2882
14:35:31,3.2882
14:35:32,3.2869
14:35:33,3.2943
14:35:34,3.2906
14:35:35,3.2845
14:35:36,3.2894
14:35:37,3.2918
14:35:38,3.2857
14:35:39,3.2918
14:35:40,3.2882
14:35:41,3.2918
14:35:42,3.2918
14:35:43,3.2894
14:35:44,3.2894
14:35:45,3.2943
14:35:46,3.2869
14:35:47,3.2906
14:35:48,3.2869
14:35:49,3.2869
14:35:50,3.2894
14:35:51,3.293
14:35:52,3.2906
14:35:53,3.2906
14:35:54,3.2882
14:35:55,3.2918
14:35:56,3.2918
14:35:57,3.2894
14:35:58,3.2918
14:35:59,3.2882
14:36:00,3.2906
14:36:01,3.293
14:36:02,3.2894
14:36:03,3.2918
14:36:04,3.2943
14:36:05,3.293
14:36:06,3.2918
14:36:07,3.2906
14:36:08,3.293
14:36:09,3.2833
14:36:10,3.2906
14:36:11,3.2906
14:36:13,3.2894
14:36:14,3.2894
14:36:15,3.2882
14:36:16,3.2918
14:36:17,3.2869
14:36:18,3.2906
14:36:19,3.2906
14:36:20,3.2845
14:36:21,3.2882
14:36:22,3.2894
14:36:23,3.2857
14:36:24,3.2882
14:36:25,3.2869
14:36:26,3.2906
14:36:27,3.2894
14:36:28,3.2857
14:36:29,3.2918
14:36:30,3.2906
14:36:31,3.2894
14:36:32,3.2906
14:36:33,3.2906
14:36:34,3.2894
14:36:35,3.2869
14:36:36,3.2845
14:36:37,3.2869
14:36:38,3.2882
14:36:39,3.2845
14:36:40,3.2845
14:36:41,3.2869
14:36:42,3.2821
14:36:43,3.2869
14:36:44,3.2882
14:36:45,3.2857
14:36:46,3.2857
14:36:47,3.2869
14:36:48,3.2857
14:36:49,3.2882
14:36:50,3.2857
14:36:51,3.2845
14:36:52,3.2869
14:36:53,3.2857
14:36:54,3.2845
14:36:55,3.2808
14:36:56,3.2833
14:36:57,3.2845
14:36:58,3.2821
14:36:59,3.2882
14:37:00,3.2833
14:37:01,3.293
14:37:02,3.2833
14:37:03,3.2833
14:37:04,3.2869
14:37:05,3.2821
14:37:06,3.2845
14:37:07,3.2821
14:37:08,3.2882
14:37:09,3.2821
14:37:10,3.2821
14:37:11,3.2857
14:37:12,3.2821
14:37:14,3.2857
14:37:15,3.2882
14:37:16,3.2857
14:37:17,3.2833
14:37:18,3.2869
14:37:19,3.2869
14:37:20,3.2821
14:37:21,3.2833
14:37:22,3.2869
14:37:23,3.2821
14:37:24,3.2869
14:37:25,3.2857
14:37:26,3.2821
14:37:27,3.2845
14:37:28,3.2821
14:37:29,3.2833
14:37:30,3.2821
14:37:31,3.2821
14:37:32,3.2845
14:37:33,3.2833
14:37:34,3.2833
14:37:35,3.2857
14:37:36,3.2821
14:37:37,3.2833
14:37:38,3.2845
14:37:39,3.2821
14:37:40,3.2821
14:37:41,3.2821
14:37:42,3.2821
14:37:43,3.2821
14:37:44,3.2772
14:37:45,3.2845
14:37:46,3.2845
14:37:47,3.2796
14:37:48,3.2833
14:37:49,3.2821
14:37:50,3.2772
14:37:51,3.2808
14:37:52,3.2821
14:37:53,3.2796
14:37:54,3.2833
14:37:55,3.2833
14:37:56,3.2833
14:37:57,3.2821
14:37:58,3.2808
14:37:59,3.2808
14:38:00,3.2796
14:38:01,3.2821
14:38:02,3.2833
14:38:03,3.2772
14:38:04,3.2821
14:38:05,3.2808
14:38:06,3.2808
14:38:07,3.2821
14:38:08,3.2821
14:38:09,3.2821
14:38:10,3.2808
14:38:11,3.2796
14:38:12,3.2821
14:38:13,3.2845
14:38:14,3.2796
14:38:16,3.2821
14:38:17,3.2808
14:38:18,3.2808
14:38:19,3.2821
14:38:20,3.2796
14:38:21,3.2808
14:38:22,3.2833
14:38:23,3.2808
14:38:24,3.2772
14:38:25,3.2808
14:38:26,3.2747
14:38:27,3.2735
14:38:28,3.2796
14:38:29,3.2821
14:38:30,3.2796
14:38:31,3.2808
14:38:32,3.2784
14:38:33,3.2784
14:38:34,3.2808
14:38:35,3.2784
14:38:36,3.2784
14:38:37,3.2821
14:38:38,3.2796
14:38:39,3.2784
14:38:40,3.2784
14:38:41,3.2821
14:38:42,3.2735
14:38:43,3.2796
14:38:44,3.2772
14:38:45,3.2796
14:38:46,3.2735
14:38:47,3.2796
14:38:48,3.2821
14:38:49,3.2796
14:38:50,3.2784
14:38:51,3.2784
14:38:52,3.2808
14:38:53,3.2772
14:38:54,3.2772
14:38:55,3.2772
14:38:56,3.2796
14:38:57,3.2747
14:38:58,3.2821
14:38:59,3.2759
14:39:00,3.2772
14:39:01,3.2821
14:39:02,3.2772
14:39:03,3.2735
14:39:04,3.2784
14:39:05,3.2784
14:39:06,3.2821
14:39:07,3.2772
14:39:08,3.2772
14:39:09,3.2808
14:39:10,3.2796
14:39:11,3.2759
14:39:12,3.2772
14:39:13,3.2772
14:39:14,3.2759
14:39:16,3.2821
14:39:17,3.2772
14:39:18,3.2772
14:39:19,3.2796
14:39:20,3.2747
14:39:21,3.2821
14:39:22,3.2772
14:39:23,3.2772
14:39:24,3.2821
14:39:25,3.2747
14:39:26,3.2821
14:39:27,3.2821
14:39:28,3.2784
14:39:29,3.2821
14:39:30,3.2821
14:39:31,3.2857
14:39:32,3.2747
14:39:33,3.2821
14:39:34,2.7302
14:39:35,3.2344
14:39:36,3.2491
14:39:37,3.254
14:39:38,3.2637
14:39:39,3.2698
14:39:40,3.2821
14:39:41,2.7399
14:39:42,2.7131
14:39:43,3.2833
14:39:44,3.2808
14:39:45,3.2845
14:39:46,3.2857
14:39:47,3.2869
14:39:48,3.2821
14:39:49,3.2833
14:39:50,3.2857
14:39:51,3.2833
14:39:52,3.2833
14:39:53,3.2845
14:39:54,3.2845
14:39:55,3.2833
14:39:56,3.2857
14:39:57,3.2821
14:39:58,3.2857
14:39:59,3.2857
14:40:00,3.2869
14:40:01,3.2821
14:40:02,3.2821
14:40:03,3.2857
14:40:04,3.2882
14:40:05,3.2857
14:40:06,3.2857
14:40:07,3.2869
14:40:08,3.2821
14:40:09,3.2821
14:40:10,3.2821
14:40:11,3.2821
14:40:12,3.2833
14:40:13,3.2845
14:40:14,3.2894
14:40:16,3.2821
14:40:17,3.2869
14:40:18,3.2857
14:40:19,3.2833
14:40:20,3.2821
14:40:21,3.2845
14:40:22,3.2869
14:40:23,3.2845
14:40:24,3.2821
14:40:25,3.2894
14:40:26,3.2906
14:40:27,3.2845
14:40:28,3.2833
14:40:29,3.2845
14:40:30,3.2882
14:40:31,3.2845
14:40:32,3.2869
14:40:33,3.2869
14:40:34,3.2857
14:40:35,3.2894
14:40:36,3.2918
14:40:37,3.2857
14:40:38,3.2857
14:40:39,3.2943
14:40:40,3.2869
14:40:41,3.2869
14:40:42,3.2869
14:40:43,3.2943
14:40:44,3.2918
14:40:45,3.2894
14:40:46,3.2918
14:40:47,3.2967
14:40:48,3.293
14:40:49,3.2943
14:40:50,3.2943
14:40:51,3.2918
14:40:52,3.2894
14:40:53,3.293
14:40:54,3.293
14:40:55,3.293
14:40:56,3.2943
14:40:57,3.2918
14:40:58,3.2894
14:40:59,3.293
14:41:00,3.2967
14:41:01,3.2918
14:41:02,3.2955
14:41:03,3.293
14:41:04,3.2918
14:41:05,3.2955
14:41:06,3.293
14:41:07,3.293
14:41:08,3.2979
14:41:09,3.2955
14:41:10,3.2943
14:41:11,3.2979
14:41:12,3.2918
14:41:13,3.2955
14:41:14,3.2991
14:41:15,3.2991
14:41:17,3.2979
14:41:18,3.2967
14:41:19,3.2967
14:41:20,3.2967
14:41:21,3.2967
14:41:22,3.2967
14:41:23,3.2991
14:41:24,3.2967
14:41:25,3.2991
14:41:26,3.2967
14:41:27,3.2979
14:41:28,3.2943
14:41:29,3.2991
14:41:30,3.2955
14:41:31,3.2979
14:41:32,3.3016
14:41:33,3.2955
14:41:34,3.3004
14:41:35,3.3016
14:41:36,3.2979
14:41:37,3.3004
14:41:38,3.3004
14:41:39,3.3016
14:41:40,3.304
14:41:41,3.304
14:41:42,3.3089
14:41:43,3.3016
14:41:44,3.3077
14:41:45,3.3016
14:41:46,3.3089
14:41:47,3.3065
14:41:48,3.3053
14:41:49,3.3089
14:41:50,3.3016
14:41:51,3.3053
14:41:52,3.3114
14:41:53,3.3016
14:41:54,3.3089
14:41:55,3.3028
14:41:56,3.3065
14:41:57,3.3053
14:41:58,3.3114
14:41:59,3.3089
14:42:00,3.3089
14:42:01,3.3077
14:42:02,3.3114
14:42:03,3.3053
14:42:04,3.3101
14:42:05,3.304
14:42:06,3.3089
14:42:07,3.3089
14:42:08,3.3053
14:42:09,3.3126
14:42:10,3.3077
14:42:11,3.3028
14:42:12,3.3077
14:42:13,3.3101
14:42:14,3.3077
14:42:15,3.3114
14:42:17,3.3126
14:42:18,3.3101
14:42:19,3.3089
14:42:20,3.3114
14:42:21,3.3065
14:42:22,3.3101
14:42:23,3.3065
14:42:24,3.3077
14:42:25,3.3101
14:42:26,3.3065
14:42:27,3.3065
14:42:28,3.3065
14:42:29,3.3101
14:42:30,3.3114
14:42:31,3.3089
14:42:32,3.3089
14:42:33,3.3114
14:42:34,3.3065
14:42:35,3.3101
14:42:36,3.3065
14:42:37,3.3114
14:42:38,3.3089
14:42:39,3.3138
14:42:40,3.3101
14:42:41,3.3114
14:42:42,3.3077
14:42:43,3.3065
14:42:44,3.3065
14:42:45,3.3126
14:42:46,3.304
14:42:47,3.3114
14:42:48,3.3065
14:42:49,3.3089
14:42:50,3.3114
14:42:51,3.3126
14:42:52,3.3114
14:42:53,3.3065
14:42:54,3.3077
14:42:55,3.3114
14:42:56,3.3065
14:42:57,3.3077
14:42:58,3.304
14:42:59,3.3089
14:43:00,3.3089
14:43:01,3.3077
14:43:02,3.3077
14:43:03,3.3089
14:43:04,3.3077
14:43:05,3.3114
14:43:06,3.3089
14:43:07,3.3065
14:43:08,3.3077
14:43:09,3.3089
14:43:10,3.304
14:43:11,3.3101
14:43:12,3.3089
14:43:13,3.3053
14:43:14,3.3114
14:43:15,3.3089
14:43:16,3.3053
14:43:18,3.3077
14:43:19,3.3077
14:43:20,3.3065
14:43:21,3.3077
14:43:22,3.3089
14:43:23,3.3077
14:43:24,3.3065
14:43:25,3.3077
14:43:26,3.3089
14:43:27,3.3089
14:43:28,3.3065
14:43:29,3.3053
14:43:30,3.304
14:43:31,3.3065
14:43:32,3.3077
14:43:33,3.3089
14:43:34,3.3053
14:43:35,3.3065
14:43:36,3.3077
14:43:37,3.3089
14:43:38,3.3089
14:43:39,3.3089
14:43:40,3.3053
14:43:41,3.3089
14:43:42,3.3053
14:43:43,3.3077
14:43:44,3.3138
14:43:45,3.3089
14:43:46,3.3065
14:43:47,3.3077
14:43:48,3.3089
14:43:49,3.3114
14:43:50,3.3101
14:43:51,3.3126
14:43:52,3.3089
14:43:53,3.3016
14:43:54,3.3089
14:43:55,3.3053
14:43:56,3.3077
14:43:57,3.3089
14:43:58,3.3077
14:43:59,3.3016
14:44:00,3.304
14:44:01,3.3053
14:44:02,3.3053
14:44:03,3.304
14:44:04,3.3028
14:44:05,3.3101
14:44:06,3.304
14:44:07,3.3028
14:44:08,3.304
14:44:09,3.3016
14:44:10,3.3016
14:44:11,3.3028
14:44:12,3.3028
14:44:13,3.3065
14:44:14,3.304
14:44:15,3.3089
14:44:16,3.3053
14:44:18,3.3065
14:44:19,3.3028
14:44:20,3.304
14:44:21,3.3053
14:44:22,3.3053
14:44:23,3.3077
14:44:24,3.3101
14:44:25,3.3028
14:44:26,3.304
14:44:27,3.304
14:44:28,3.3089
14:44:29,3.3016
14:44:30,3.3065
14:44:31,3.3028
14:44:32,3.3065
14:44:33,3.304
14:44:34,3.3089
14:44:35,3.304
14:44:36,3.304
14:44:37,3.3089
14:44:38,3.3028
14:44:39,3.3065
14:44:40,3.304
14:44:41,3.3053
14:44:42,3.304
14:44:43,3.3028
14:44:44,3.3053
14:44:45,3.3028
14:44:46,3.304
14:44:47,3.3016
14:44:48,3.3004
14:44:49,3.3016
14:44:50,3.3016
14:44:51,3.3016
14:44:52,3.3053
14:44:53,3.3053
14:44:54,3.3065
14:44:55,3.3077
14:44:56,3.3016
14:44:57,3.3016
14:44:58,3.3016
14:44:59,3.2991
14:45:00,3.3065
14:45:01,3.2991
14:45:02,3.2979
14:45:03,3.3053
14:45:04,3.3053
14:45:05,3.2979
14:45:06,3.3016
14:45:07,3.3028
14:45:08,3.304
14:45:09,3.2979
14:45:10,3.2979
14:45:11,3.3004
14:45:12,3.3016
14:45:13,3.2979
14:45:14,3.3028
14:45:15,3.3016
14:45:16,3.3053
14:45:18,3.2967
14:45:19,3.2979
14:45:20,3.3004
14:45:21,3.3016
14:45:22,3.304
14:45:23,3.3028
14:45:24,3.3028
14:45:25,3.2979
14:45:26,3.304
14:45:27,3.2979
14:45:28,3.2967
14:45:29,3.2979
14:45:30,3.3016
14:45:31,3.2991
14:45:32,3.2967
14:45:33,3.3016
14:45:34,3.3028
14:45:35,3.2967
14:45:36,3.3016
14:45:37,3.3016
14:45:38,3.3016
14:45:39,3.2979
14:45:40,3.2991
14:45:41,3.304
14:45:42,3.304
14:45:43,3.2991
14:45:44,3.3004
14:45:45,3.2967
14:45:46,3.3004
14:45:47,3.2991
14:45:48,3.3004
14:45:49,3.3016
14:45:50,3.2979
14:45:51,3.2967
14:45:52,3.2991
14:45:53,3.2991
14:45:54,3.2967
14:45:55,3.3004
14:45:56,3.2991
14:45:57,3.2967
14:45:58,3.3004
14:45:59,3.2979
14:46:00,3.2991
14:46:01,3.2967
14:46:02,3.2979
14:46:03,3.2991
14:46:04,3.2943
14:46:05,3.2967
14:46:06,3.2991
14:46:07,3.2967
14:46:08,3.2991
14:46:09,3.2991
14:46:10,3.2967
14:46:11,3.2955
14:46:12,3.2918
14:46:13,3.2967
14:46:14,3.2967
14:46:16,3.2955
14:46:17,3.2943
14:46:18,3.2955
14:46:19,3.2943
14:46:20,3.2955
14:46:21,3.293
14:46:22,3.2918
14:46:23,3.2967
14:46:24,3.2955
14:46:25,3.293
14:46:26,3.293
14:46:27,3.2943
14:46:28,3.2955
14:46:29,3.2943
14:46:30,3.2943
14:46:31,3.2918
14:46:32,3.2967
14:46:33,3.2918
14:46:34,3.293
14:46:35,3.2943
14:46:36,3.293
14:46:37,3.293
14:46:38,3.2991
14:46:39,3.2906
14:46:40,3.2943
14:46:41,3.2979
14:46:42,3.2918
14:46:43,3.2943
14:46:44,3.2991
14:46:45,3.2955
14:46:46,3.2955
14:46:47,3.2943
14:46:48,3.2955
14:46:49,3.3004
14:46:50,3.2918
14:46:51,3.293
14:46:52,3.293
14:46:53,3.2918
14:46:54,3.2955
14:46:55,3.2943
14:46:56,3.2918
14:46:57,3.2894
14:46:58,3.293
14:46:59,3.2943
14:47:00,3.2967
14:47:01,3.2943
14:47:02,3.2955
14:47:03,3.2955
14:47:04,3.2967
14:47:05,3.2955
14:47:06,3.293
14:47:07,3.2943
14:47:08,3.2955
14:47:09,3.2967
14:47:10,3.2906
14:47:11,3.293
14:47:12,3.2955
14:47:13,3.2943
14:47:14,3.2955
14:47:16,3.2967
14:47:17,3.3004
14:47:18,3.2991
14:47:19,3.2979
14:47:20,3.293
14:47:21,3.2967
14:47:22,3.2943
14:47:23,3.2943
14:47:24,3.2918
14:47:25,3.2979
14:47:26,3.2955
14:47:27,3.293
14:47:28,3.2955
14:47:29,3.2943
14:47:30,3.2991
14:47:31,3.2967
14:47:32,3.2967
14:47:33,3.2967
14:47:34,3.2967
14:47:35,3.3004
14:47:36,3.3004
14:47:37,3.2955
14:47:38,3.2967
14:47:39,3.2979
14:47:40,3.293
14:47:41,3.2991
14:47:42,3.2955
14:47:43,3.2943
14:47:44,3.2967
14:47:45,3.2967
14:47:46,3.3004
14:47:47,3.2955
14:47:48,3.3016
14:47:49,3.2918
14:47:50,3.2967
14:47:51,3.2979
14:47:52,3.2943
14:47:53,3.2943
14:47:54,3.2943
14:47:55,3.2979
14:47:56,3.2918
14:47:57,3.293
14:47:58,3.2943
14:47:59,3.2979
14:48:00,3.3004
14:48:01,3.293
14:48:02,3.2967
14:48:03,3.293
14:48:04,3.2906
14:48:05,3.2967
14:48:06,3.2955
14:48:07,3.2979
14:48:08,3.2991
14:48:09,3.293
14:48:10,3.2991
14:48:11,3.2943
14:48:12,3.2967
14:48:13,3.2979
14:48:14,3.293
14:48:15,3.2894
14:48:17,3.2943
14:48:18,3.2991
14:48:19,3.293
14:48:20,3.3016
14:48:21,3.2967
14:48:22,3.2967
14:48:23,3.2943
14:48:24,3.2918
14:48:25,3.293
14:48:26,3.2955
14:48:27,3.2918
14:48:28,3.293
14:48:29,3.2943
14:48:30,3.2955
14:48:31,3.293
14:48:32,3.2918
14:48:33,3.2967
14:48:34,3.2918
14:48:35,3.2967
14:48:36,3.2906
14:48:37,3.293
14:48:38,3.2918
14:48:39,3.2869
14:48:40,3.2918
14:48:41,3.2882
14:48:42,3.2918
14:48:43,3.2918
14:48:44,3.293
14:48:45,3.2979
14:48:46,3.2918
14:48:47,3.293
14:48:48,3.2894
14:48:49,3.293
14:48:50,3.2918
14:48:51,3.2918
14:48:52,3.2894
14:48:53,3.2943
14:48:54,3.2918
14:48:55,3.2918
14:48:56,3.2918
14:48:57,3.2943
14:48:58,3.2918
14:48:59,3.2979
14:49:00,3.2943
14:49:01,3.2955
14:49:02,3.2955
14:49:03,3.2991
14:49:04,3.2906
14:49:05,3.2967
14:49:06,3.2955
14:49:07,3.2943
14:49:08,3.2918
14:49:09,3.2869
14:49:10,3.2918
14:49:11,3.2955
14:49:12,3.2918
14:49:13,3.2882
14:49:14,3.2918
14:49:15,3.2943
14:49:17,3.2894
14:49:18,3.2882
14:49:19,3.2918
14:49:20,3.2906
14:49:21,3.2894
14:49:22,3.2918
14:49:23,3.2894
14:49:24,3.2869
14:49:25,3.2906
14:49:26,3.2857
14:49:27,3.2869
14:49:28,3.2918
14:49:29,3.2882
14:49:30,3.2918
14:49:31,3.2906
14:49:32,3.2869
14:49:33,3.2882
14:49:34,3.2894
14:49:35,3.2918
14:49:36,3.293
14:49:37,3.2943
14:49:38,3.2906
14:49:39,3.2943
14:49:40,3.2906
14:49:41,3.2918
14:49:42,3.2918
14:49:43,3.293
14:49:44,3.2918
14:49:45,3.293
14:49:46,3.2918
14:49:47,3.2918
14:49:48,3.2906
14:49:49,3.2918
14:49:50,3.2906
14:49:51,3.2918
14:49:52,3.2943
14:49:53,3.2894
14:49:54,3.2918
14:49:55,3.2882
14:49:56,3.2882
14:49:57,3.2869
14:49:58,3.2894
14:49:59,3.2857
14:50:00,3.293
14:50:01,3.2918
14:50:02,3.2894
14:50:03,3.2906
14:50:04,3.2869
14:50:05,3.2882
14:50:06,3.2894
14:50:07,3.2906
14:50:08,3.2869
14:50:09,3.2869
14:50:10,3.2918
14:50:11,3.2943
14:50:12,3.2894
14:50:13,3.2894
14:50:14,3.2906
14:50:15,3.2894
14:50:17,3.2894
14:50:18,3.2918
14:50:19,3.2918
14:50:20,3.2882
14:50:21,3.2906
14:50:22,3.2845
14:50:23,3.2869
14:50:24,3.2894
14:50:25,3.2845
14:50:26,3.2894
14:50:27,3.2943
14:50:28,3.2845
14:50:29,3.2882
14:50:30,3.2882
14:50:31,3.2894
14:50:32,3.2857
14:50:33,3.2882
14:50:34,3.2869
14:50:35,3.2918
14:50:36,3.2869
14:50:37,3.2882
14:50:38,3.2918
14:50:39,3.2833
14:50:40,2.7265
14:50:41,3.2918
14:50:42,3.2869
14:50:43,3.2869
14:50:44,3.2845
14:50:45,3.2882
14:50:46,3.2821
14:50:47,2.5739
14:50:48,3.2918
14:50:49,3.2894
14:50:50,3.2869
14:50:51,3.2845
14:50:52,3.2845
14:50:53,3.2857
14:50:54,3.2845
14:50:55,3.2821
14:50:56,3.2869
14:50:57,3.2845
14:50:58,3.2857
14:50:59,3.2882
14:51:00,3.2906
14:51:01,3.2857
14:51:02,3.2857
14:51:03,3.2906
14:51:04,3.2833
14:51:05,3.2869
14:51:06,3.2869
14:51:07,2.6532
14:51:08,3.2821
14:51:09,3.2882
14:51:10,3.2845
14:51:11,3.2821
14:51:12,2.7436
14:51:13,3.2918
14:51:14,3.2845
14:51:16,3.2845
14:51:17,2.6691
14:51:18,2.6288
14:51:19,2.6813
14:51:20,3.2821
14:51:21,3.2821
14:51:22,3.2918
14:51:23,3.2894
14:51:24,3.2894
14:51:25,3.2857
14:51:26,3.2845
14:51:27,2.6764
14:51:28,3.2894
14:51:29,2.6764
14:51:30,3.2833
14:51:31,3.2894
14:51:32,3.2869
14:51:33,3.2869
14:51:34,3.2906
14:51:35,3.2894
14:51:36,3.2869
14:51:37,3.293
14:51:38,3.2857
14:51:39,3.2857
14:51:40,3.2869
14:51:41,3.2857
14:51:42,2.6129
14:51:43,3.2894
14:51:44,3.2869
14:51:45,3.2882
14:51:46,3.2857
14:51:47,2.6484
14:51:48,2.6618
14:51:49,2.6874
14:51:50,3.2869
14:51:51,3.2845
14:51:52,3.2833
14:51:53,3.2833
14:51:54,3.2869
14:51:55,3.2821
14:51:56,3.2821
14:51:57,3.2845
14:51:58,2.6239
14:51:59,3.2845
14:52:00,3.2833
14:52:01,3.2918
14:52:02,3.2845
14:52:03,3.2869
14:52:04,3.2857
14:52:05,3.2869
14:52:06,3.2821
14:52:07,3.2845
14:52:08,3.2869
14:52:09,3.2833
14:52:10,3.2857
14:52:11,2.6545
14:52:12,3.2833
14:52:13,3.2808
14:52:14,3.2845
14:52:15,3.2918
14:52:17,3.2845
14:52:18,3.2869
14:52:19,3.2869
14:52:20,3.2845
14:52:21,3.2833
14:52:22,3.2894
14:52:23,2.6484
14:52:24,2.652
14:52:25,2.6447
14:52:26,3.2869
14:52:27,3.2833
14:52:28,3.2821
14:52:29,3.2869
14:52:30,3.2869
14:52:31,3.2869
14:52:32,3.2869
14:52:33,3.2821
14:52:34,3.2857
14:52:35,3.2882
14:52:36,3.2857
14:52:37,3.2821
14:52:38,3.2845
14:52:39,3.2845
14:52:40,3.2821
14:52:41,3.2833
14:52:42,3.2894
14:52:43,3.2821
14:52:44,3.2857
14:52:45,3.2821
14:52:46,3.2821
14:52:47,3.2821
14:52:48,3.2821
14:52:49,3.2821
14:52:50,3.2845
14:52:51,3.2857
14:52:52,3.2821
14:52:53,3.2821
14:52:54,3.2796
14:52:55,3.2821
14:52:56,3.2821
14:52:57,3.2821
14:52:58,3.2808
14:52:59,3.2882
14:53:00,3.2772
14:53:01,3.2821
14:53:02,3.2821
14:53:03,3.2784
14:53:04,3.2808
14:53:05,3.2821
14:53:06,3.2808
14:53:07,3.2821
14:53:08,3.2796
14:53:09,3.2821
14:53:10,3.2808
14:53:11,3.2821
14:53:12,3.2796
14:53:13,3.2808
14:53:14,3.2796
14:53:16,3.2821
14:53:17,3.2772
14:53:18,3.2821
14:53:19,3.2796
14:53:20,3.2808
14:53:21,3.2784
14:53:22,3.2821
14:53:23,3.2796
14:53:24,3.2833
14:53:25,3.2821
14:53:26,3.2845
14:53:27,3.2821
14:53:28,3.2821
14:53:29,3.2796
14:53:30,3.2821
14:53:31,3.2821
14:53:32,3.2821
14:53:33,3.2808
14:53:34,3.2821
14:53:35,3.2808
14:53:36,3.2808
14:53:37,3.2821
14:53:38,3.2821
14:53:39,3.2808
14:53:40,3.2833
14:53:41,3.2821
14:53:42,3.2833
14:53:43,3.2784
14:53:44,3.2784
14:53:45,3.2821
14:53:46,3.2784
14:53:47,3.2833
14:53:48,3.2796
14:53:49,3.2796
14:53:50,3.2821
14:53:51,3.2796
14:53:52,3.2857
14:53:53,3.2821
14:53:54,3.2821
14:53:55,3.2772
14:53:56,3.2821
14:53:57,3.2833
14:53:58,3.2808
14:53:59,3.2784
14:54:00,3.2821
14:54:01,3.2833
14:54:02,3.2808
14:54:03,3.2821
14:54:04,3.2759
14:54:05,3.2784
14:54:06,3.2772
14:54:07,3.2772
14:54:08,3.2759
14:54:09,3.2759
14:54:10,3.2833
14:54:11,3.2759
14:54:12,3.2772
14:54:14,3.2772
14:54:15,3.2772
14:54:16,3.2759
14:54:17,3.2772
14:54:18,3.2735
14:54:19,3.2796
14:54:20,3.2759
14:54:21,3.2735
14:54:22,3.2796
14:54:23,3.2784
14:54:24,3.2759
14:54:25,3.2772
14:54:26,3.2747
14:54:27,3.2784
14:54:28,3.2796
14:54:29,3.2723
14:54:30,3.2747
14:54:31,3.2759
14:54:32,3.2747
14:54:33,3.2735
14:54:34,3.2759
14:54:35,3.2735
14:54:36,3.2735
14:54:37,3.2723
14:54:38,3.2735
14:54:39,3.2674
14:54:40,3.2723
14:54:41,3.2723
14:54:42,3.2747
14:54:43,3.2711
14:54:44,3.2723
14:54:45,3.2723
14:54:46,3.2747
14:54:47,3.2723
14:54:48,3.2686
14:54:49,3.2723
14:54:50,3.2723
14:54:51,3.2735
14:54:52,3.2723
14:54:53,3.2723
14:54:54,3.2723
14:54:55,3.2747
14:54:56,3.2723
14:54:57,3.2735
14:54:58,3.2747
14:54:59,3.2772
14:55:00,3.2723
14:55:01,3.2735
14:55:02,3.2698
14:55:03,3.2759
14:55:04,3.2723
14:55:05,3.2747
14:55:06,3.2723
14:55:07,3.2711
14:55:08,3.2711
14:55:09,3.2735
14:55:10,3.2723
14:55:11,3.2735
14:55:13,3.2686
14:55:14,3.2711
14:55:15,3.2747
14:55:16,3.2747
14:55:17,3.2723
14:55:18,3.2723
14:55:19,3.2723
14:55:20,3.2723
14:55:21,3.2723
14:55:22,3.2698
14:55:23,3.2686
14:55:24,3.2698
14:55:25,3.2747
14:55:26,3.2698
14:55:27,3.2698
14:55:28,3.2723
14:55:29,3.2698
14:55:30,3.2674
14:55:31,3.2686
14:55:32,3.2686
14:55:33,3.2723
14:55:34,3.2674
14:55:35,3.2686
14:55:36,3.2747
14:55:37,3.2698
14:55:38,3.2674
14:55:39,3.2711
14:55:40,3.2747
14:55:41,3.2686
14:55:42,3.2735
14:55:43,3.2723
14:55:44,3.2711
14:55:45,3.2698
14:55:46,3.2674
14:55:47,3.2723
14:55:48,3.2759
14:55:49,3.2674
14:55:50,3.2686
14:55:51,3.2723
14:55:52,3.2711
14:55:53,3.2662
14:55:54,3.2686
14:55:55,3.2711
14:55:56,3.2686
14:55:57,3.2698
14:55:58,3.2711
14:55:59,3.2723
14:56:00,3.2772
14:56:01,3.2711
14:56:02,3.2723
14:56:03,3.2723
14:56:04,3.2723
14:56:05,3.2662
14:56:06,3.2686
14:56:07,3.2735
14:56:09,3.2698
14:56:10,3.2698
14:56:11,3.2711
14:56:12,3.2723
14:56:13,3.2723
14:56:14,3.2711
14:56:15,3.2698
14:56:16,3.2698
14:56:17,3.2723
14:56:18,3.2698
14:56:19,3.2723
14:56:20,3.2723
14:56:21,3.2723
14:56:22,3.2698
14:56:23,3.2698
14:56:24,3.2698
14:56:25,3.2759
14:56:26,3.2723
14:56:27,3.2698
14:56:28,3.2674
14:56:29,3.2698
14:56:30,3.2698
14:56:31,3.2723
14:56:32,3.2698
14:56:33,3.265
14:56:34,3.2698
14:56:35,3.2711
14:56:36,3.2662
14:56:37,3.2662
14:56:38,3.2662
14:56:39,3.2674
14:56:40,3.2698
14:56:41,3.265
14:56:42,3.2723
14:56:43,3.265
14:56:44,3.2698
14:56:45,3.265
14:56:46,3.2662
14:56:47,3.2674
14:56:48,3.2625
14:56:49,3.2674
14:56:50,3.2674
14:56:51,3.265
14:56:52,3.265
14:56:53,3.2674
14:56:54,3.2637
14:56:55,3.2662
14:56:56,3.2674
14:56:57,3.2662
14:56:58,3.2637
14:56:59,3.265
14:57:00,3.2625
14:57:01,3.265
14:57:02,3.2637
14:57:03,3.2662
14:57:05,3.2625
14:57:06,3.265
14:57:07,3.2686
14:57:08,3.2674
14:57:09,3.2662
14:57:10,3.265
14:57:11,3.265
14:57:12,3.2674
14:57:13,3.2637
14:57:14,3.2625
14:57:15,3.2674
14:57:16,3.2662
14:57:17,3.2637
14:57:18,3.265
14:57:19,3.2625
14:57:20,3.2637
14:57:21,3.2674
14:57:22,3.2637
14:57:23,3.2674
14:57:24,3.2637
14:57:25,3.2674
14:57:26,3.2686
14:57:27,3.2662
14:57:28,3.2637
14:57:29,3.2662
14:57:30,3.265
14:57:31,3.265
14:57:32,3.2674
14:57:33,3.2613
14:57:34,3.265
14:57:35,3.2662
14:57:36,3.265
14:57:37,3.2637
14:57:38,3.2625
14:57:39,3.2686
14:57:40,3.2625
14:57:41,3.265
14:57:42,3.265
14:57:43,3.2625
14:57:44,3.2613
14:57:45,3.2625
14:57:46,3.2625
14:57:47,3.265
14:57:48,3.2625
14:57:49,3.2637
14:57:50,3.2625
14:57:51,3.265
14:57:52,3.2637
14:57:53,3.265
14:57:54,3.2637
14:57:55,3.2613
14:57:56,3.2698
14:57:57,3.2625
14:57:58,3.2625
14:57:59,3.2662
14:58:00,3.2625
14:58:02,3.2662
14:58:03,3.2637
14:58:04,3.2625
14:58:05,3.2674
14:58:06,3.2625
14:58:07,3.2662
14:58:08,3.2674
14:58:09,3.2576
14:58:10,3.2662
14:58:11,3.2601
14:58:12,3.265
14:58:13,3.2674
14:58:14,3.2625
14:58:15,3.2674
14:58:16,3.2625
14:58:17,3.265
14:58:18,3.2662
14:58:19,3.265
14:58:20,3.2698
14:58:21,3.2637
14:58:22,3.2625
14:58:23,3.2625
14:58:24,3.2637
14:58:25,3.2625
14:58:26,3.2625
14:58:27,3.2625
14:58:28,3.2625
14:58:29,3.2674
14:58:30,3.2625
14:58:31,3.2674
14:58:32,3.2613
14:58:33,3.2613
14:58:34,3.2625
14:58:35,3.265
14:58:36,3.2686
14:58:37,3.2613
14:58:38,3.2662
14:58:39,3.265
14:58:40,3.2601
14:58:41,3.2662
14:58:42,3.2674
14:58:43,3.2674
14:58:44,3.265
14:58:45,3.265
14:58:46,3.2637
14:58:47,3.2674
14:58:48,3.265
14:58:49,3.265
14:58:50,3.2637
14:58:51,3.2674
14:58:52,3.265
14:58:53,3.2625
14:58:54,3.2637
14:58:55,3.265
14:58:56,3.2674
14:58:57,3.265
14:58:58,3.2625
14:59:00,3.2723
14:59:01,3.2589
14:59:02,3.2625
14:59:03,3.265
14:59:04,3.2625
14:59:05,3.265
14:59:06,3.2625
14:59:07,3.2601
14:59:08,3.2637
14:59:09,3.2637
14:59:10,3.265
14:59:11,3.2625
14:59:12,3.2637
14:59:13,3.2662
14:59:14,3.2711
14:59:15,3.2662
14:59:16,3.2613
14:59:17,3.2637
14:59:18,3.2637
14:59:19,3.2637
14:59:20,3.2625
14:59:21,3.2686
14:59:22,3.2601
14:59:23,3.2637
14:59:24,3.2637
14:59:25,3.265
14:59:26,3.2625
14:59:27,3.2625
14:59:28,3.2674
14:59:29,3.2637
14:59:30,3.265
14:59:31,3.2662
14:59:32,3.2662
14:59:33,3.2662
14:59:34,3.2637
14:59:35,3.2662
14:59:36,3.265
14:59:37,3.2625
14:59:38,3.2625
14:59:39,3.2686
14:59:40,3.2613
14:59:41,3.2637
14:59:42,3.265
14:59:43,2.7375
14:59:44,2.6618
14:59:45,3.2308
14:59:46,3.2393
14:59:47,3.2479
14:59:48,3.2479
14:59:49,3.2576
14:59:50,3.265
14:59:51,2.6667
14:59:52,0.0
14:59:53,1.2137
14:59:54,2.2198
14:59:55,2.2283
14:59:57,0.0
14:59:58,0.0
14:59:59,0.0
15:00:00,2.2186
15:00:01,2.2027
15:00:02,0.1673
15:00:03,0.0
15:00:04,0.0
15:00:05,1.5702
15:00:06,2.2002
15:00:07,2.2186
15:00:08,0.0
15:00:09,0.0
15:00:10,2.2222
15:00:11,2.2186
15:00:12,1.221
15:00:13,0.0
15:00:14,0.0
15:00:15,1.7082
15:00:16,2.2125
15:00:17,2.2222
15:00:18,0.0
15:00:19,0.0
15:00:20,1.2393
15:00:21,2.2173
15:00:22,2.2283
15:00:23,0.0
15:00:24,0.0
15:00:25,0.0
15:00:26,2.2149
15:00:27,2.2173
15:00:28,1.6203
15:00:29,0.0
15:00:30,0.0
15:00:31,2.2198
15:00:32,2.1978
15:00:33,0.0
15:00:34,0.0
15:00:35,0.9084
15:00:36,2.2173
15:00:37,2.2149
15:00:38,0.0
15:00:39,0.0
15:00:40,0.3834
15:00:41,2.2186
15:00:42,2.232
15:00:43,2.232
15:00:44,2.2393
15:00:45,0.0
15:00:46,0.3394
15:00:47,0.0
15:00:48,1.4469
15:00:49,2.2173
15:00:50,2.1978
15:00:51,0.591
15:00:52,0.7094
15:00:53,0.0
15:00:54,0.1661
15:00:55,2.2173
15:00:56,2.2063
15:00:58,0.2589
15:00:59,0.0
15:01:00,0.0
15:01:01,2.2161
15:01:02,2.1954
15:01:03,2.2088
15:01:04,0.0
15:01:05,0.0
15:01:06,0.9231
15:01:07,2.2173
15:01:08,2.2027
15:01:09,2.2295
15:01:10,0.2308
15:01:11,0.0
15:01:12,0.0
15:01:13,0.0
15:01:14,0.6178
15:01:15,2.2198
15:01:16,2.2186
15:01:17,2.2247
15:01:18,2.2222
15:01:19,0.7888
15:01:20,0.0
15:01:21,0.0
15:01:22,0.0
15:01:23,0.0
15:01:24,0.0
15:01:25,1.812
15:01:26,2.2125
15:01:27,2.2149
15:01:28,2.2186
15:01:29,2.2137
15:01:30,2.21
15:01:31,2.2234
15:01:32,1.4127
15:01:33,0.0
15:01:34,0.0
15:01:35,0.0
15:01:36,0.0
15:01:37,1.5299
15:01:38,2.2222
15:01:39,2.2259
15:01:40,2.2161
15:01:41,0.0
15:01:42,0.0
15:01:43,0.0
15:01:44,0.0
15:01:45,0.0
15:01:46,2.2161
15:01:47,2.2161
15:01:48,2.2283
15:01:49,1.8791
15:01:50,0.0
15:01:51,0.0
15:01:52,0.022
15:01:54,2.2186
15:01:55,2.2137
15:01:56,2.2381
15:01:57,0.0
15:01:58,0.0
15:01:59,0.0
15:02:00,1.5067
15:02:01,2.2137
15:02:02,2.2332
15:02:03,1.3089
15:02:04,0.0
15:02:05,0.0
15:02:06,1.4151
15:02:07,2.2186
15:02:08,2.2295
15:02:09,0.0
15:02:10,0.0
15:02:11,0.6496
15:02:12,2.2161
15:02:13,2.2222
15:02:14,0.0
15:02:15,0.0
15:02:16,0.0
15:02:17,2.2247
15:02:18,2.2186
15:02:19,2.2247
15:02:20,0.0
15:02:21,0.0
15:02:22,0.0
15:02:23,0.0
15:02:24,2.2161
15:02:25,2.2088
15:02:26,1.1758
15:02:27,0.0
15:02:28,0.0
15:02:29,0.0
15:02:30,1.4176
15:02:31,2.2076
15:02:32,1.8339
15:02:33,0.0
15:02:34,0.0
15:02:35,0.0
15:02:36,2.2198
15:02:37,2.1929
15:02:38,2.2308
15:02:39,1.4151
15:02:40,0.0
15:02:41,0.21
15:02:42,2.21
15:02:43,2.2161
15:02:44,2.2198
15:02:45,0.0
15:02:46,0.0
15:02:47,1.2418
15:02:48,2.2112
15:02:49,2.1978
15:02:50,0.2137
15:02:51,0.0
15:02:52,0.0
15:02:54,0.0
15:02:55,2.1648
15:02:56,2.2198
15:02:57,2.2405
15:02:58,1.7497
15:02:59,0.0
15:03:00,0.0
15:03:01,2.2027
15:03:02,2.221
15:03:03,1.4286
15:03:04,0.0
15:03:05,0.0
15:03:06,2.2125
15:03:07,2.2198
15:03:08,0.4835
15:03:09,0.0
15:03:10,1.4042
15:03:11,2.2222
15:03:12,2.2186
15:03:13,0.0
15:03:14,0.0
15:03:15,0.0
15:03:16,2.2125
15:03:17,2.1941
15:03:18,0.7643
15:03:19,0.0
15:03:20,1.591
15:03:21,2.2039
15:03:22,2.2283
15:03:23,0.0
15:03:24,0.0
15:03:25,1.4921
15:03:26,2.2112
15:03:27,2.2271
15:03:28,2.2405
15:03:29,2.199
15:03:30,0.1343
15:03:31,0.0
15:03:32,0.0
15:03:33,0.6545
15:03:34,2.2247
15:03:35,2.2222
15:03:36,0.0
15:03:37,0.0
15:03:38,2.2002
15:03:39,2.2283
15:03:40,1.4444
15:03:41,0.0
15:03:42,0.3468
15:03:43,2.2173
15:03:44,2.2247
15:03:45,0.0
15:03:46,0.0
15:03:47,2.2222
15:03:48,2.221
15:03:49,1.5849
15:03:50,0.0
15:03:51,0.514
15:03:52,2.2259
15:03:53,2.232
15:03:54,0.0
15:03:56,0.0
15:03:57,2.2222
15:03:58,2.2027
15:03:59,0.0
15:04:00,0.0
15:04:01,2.2039
15:04:02,0.9536
15:04:03,2.2259
15:04:04,2.2161
15:04:05,0.0
15:04:06,0.0
15:04:07,2.2247
15:04:08,2.2405
15:04:09,0.6825
15:04:10,0.0
15:04:11,1.1819
15:04:12,2.2186
15:04:13,2.2369
15:04:14,0.0
15:04:15,0.0
15:04:16,2.2247
15:04:17,2.2088
15:04:18,0.9609
15:04:19,0.0
15:04:20,0.0
15:04:21,2.2222
15:04:22,2.2125
15:04:23,0.0
15:04:24,0.0
15:04:25,0.9048
15:04:26,2.2283
15:04:27,2.2271
15:04:28,0.0
15:04:29,0.0
15:04:30,2.2295
15:04:31,2.232
15:04:32,0.5849
15:04:33,0.0
15:04:34,0.0806
15:04:35,2.2234
15:04:36,2.2442
15:04:37,2.232
15:04:38,2.0415
15:04:39,0.0
15:04:40,0.0
15:04:41,2.2222
15:04:42,2.2308
15:04:43,1.3333
15:04:44,0.0
15:04:45,0.0
15:04:46,1.8291
15:04:47,2.2173
15:04:48,1.4212
15:04:49,0.0
15:04:50,0.3248
15:04:51,2.2247
15:04:52,2.2295
15:04:53,0.0
15:04:54,0.0
15:04:55,1.3895
15:04:56,2.2198
15:04:57,2.2271
15:04:59,0.0
15:05:00,0.0
15:05:01,0.0
15:05:02,2.1697
15:05:03,2.3187
15:05:04,2.2601
15:05:05,0.0
15:05:06,0.0
15:05:07,1.1245
15:05:08,2.2381
15:05:09,2.4188
15:05:10,0.0
15:05:11,0.0
15:05:12,0.0
15:05:13,0.0
15:05:14,2.2393
15:05:15,2.2466
15:05:16,0.4188
15:05:17,0.0
15:05:18,0.0244
15:05:19,2.254
15:05:20,2.4335
15:05:21,0.0
15:05:22,0.0
15:05:23,3.2088
15:05:24,3.2039
15:05:25,2.4811
15:05:26,0.0
15:05:27,0.0965
15:05:28,2.3077
15:05:29,2.3101
15:05:30,0.7924
15:05:31,0.0
15:05:32,0.6593
15:05:33,2.3053
15:05:34,2.3175
15:05:35,0.0
15:05:36,0.0
15:05:37,0.7399
15:05:38,2.315
15:05:39,2.3346
15:05:40,0.0
15:05:41,0.0
15:05:42,2.3236
15:05:43,2.3443
15:05:44,0.3162
15:05:45,0.0
15:05:46,0.0
15:05:47,0.0
15:05:48,2.0183
15:05:49,2.3077
15:05:50,0.6178
15:05:51,0.0
15:05:52,0.0
15:05:53,2.5104
15:05:54,2.4127
15:05:55,2.0842
15:05:56,0.0
15:05:57,0.0
15:05:58,1.1685
15:05:59,3.0501
15:06:00,3.0672
15:06:02,3.1905
15:06:03,3.1209
15:06:04,3.1233
15:06:05,3.1209
15:06:06,3.0598
15:06:07,3.1197
15:06:08,0.0
15:06:09,0.0
15:06:10,1.2186
15:06:11,2.3162
15:06:12,2.5482
15:06:13,0.9133
15:06:14,0.0
15:06:15,0.0
15:06:16,2.525
15:06:17,4.5287
15:06:18,2.5604
15:06:19,0.0
15:06:20,0.0
15:06:21,3.0708
15:06:22,3.9365
15:06:23,2.6667
15:06:24,0.0
15:06:25,0.0
15:06:26,0.0
15:06:27,2.4383
15:06:28,3.0049
15:06:29,2.6593
15:06:30,0.0
15:06:31,0.0
15:06:32,1.9976
15:06:33,2.569
15:06:34,3.094
15:06:35,3.0855
15:06:36,3.0916
15:06:37,0.0
15:06:38,0.188
15:06:39,3.8071
15:06:40,4.7937
15:06:41,0.0
15:06:42,0.0
15:06:43,0.0
15:06:44,2.4676
15:06:45,2.6313
15:06:46,0.5201
15:06:47,0.0
15:06:48,3.105
15:06:49,3.105
15:06:50,3.0464
15:06:51,3.0647
15:06:52,0.0
15:06:53,0.0
15:06:54,2.3663
15:06:55,2.9548
15:06:56,4.7033
15:06:57,0.0
15:06:58,0.0
15:06:59,0.7631
15:07:00,3.359
15:07:01,2.4249
15:07:02,0.0
15:07:03,0.0
15:07:04,1.4737
15:07:06,2.4469
15:07:07,2.3748
15:07:08,0.0
15:07:09,0.0
15:07:10,0.4786
15:07:11,3.1844
15:07:12,3.1844
15:07:13,0.0
15:07:14,0.0
15:07:15,1.2149
15:07:16,2.243
15:07:17,2.2442
15:07:18,0.0
15:07:19,0.0
15:07:20,1.2173
15:07:21,2.2466
15:07:22,2.2295
15:07:23,1.7314
15:07:24,0.0
15:07:25,0.1368
15:07:26,1.9414
15:07:27,2.2442
15:07:28,2.2418
15:07:29,0.0
15:07:30,0.0
15:07:31,0.8926
15:07:32,2.2503
15:07:33,2.243
15:07:34,0.5507
15:07:35,0.0
15:07:36,0.5922
15:07:37,2.2515
15:07:38,2.2466
15:07:39,0.8462
15:07:40,0.0
15:07:41,0.6923
15:07:42,1.8352
15:07:43,2.2491
15:07:44,2.2466
15:07:45,0.1453
15:07:46,0.0
15:07:47,0.4737
15:07:48,2.254
15:07:49,2.2491
15:07:50,1.083
15:07:51,0.0
15:07:52,0.0867
15:07:53,1.3053
15:07:54,2.254
15:07:55,2.2283
15:07:56,0.0024
15:07:57,0.0
15:07:58,0.1551
15:07:59,2.2466
15:08:00,2.2344
15:08:01,1.7998
15:08:02,0.0
15:08:03,0.0586
15:08:04,0.8706
15:08:05,2.2491
15:08:06,2.2576
15:08:07,0.1758
15:08:08,0.0
15:08:10,0.873
15:08:11,2.2491
15:08:12,2.2466
15:08:13,1.3346
15:08:14,0.0
15:08:15,0.1844
15:08:16,1.8681
15:08:17,2.2552
15:08:18,2.2466
15:08:19,0.0
15:08:20,0.0
15:08:21,0.3223
15:08:22,2.254
15:08:23,2.2491
15:08:24,1.0354
15:08:25,0.0
15:08:26,0.5336
15:08:27,2.2552
15:08:28,2.2418
15:08:29,0.2515
15:08:30,0.0
15:08:31,0.707
15:08:32,2.2527
15:08:33,2.2442
15:08:34,0.0
15:08:35,0.0
15:08:36,0.3187
15:08:37,2.254
15:08:38,2.2601
15:08:39,0.4603
15:08:40,0.0
15:08:41,0.0
15:08:42,0.2125
15:08:43,2.2576
15:08:44,2.2405
15:08:45,0.7143
15:08:46,0.0
15:08:47,0.4676
15:08:48,2.2564
15:08:49,2.2369
15:08:50,2.0147
15:08:51,0.0
15:08:52,0.0281
15:08:53,1.4554
15:08:54,2.2503
15:08:55,2.1575
15:08:56,0.0
15:08:57,0.0
15:08:58,0.547
15:08:59,2.2503
15:09:00,2.2466
15:09:01,1.4237
15:09:02,0.0
15:09:03,0.0
15:09:04,1.3602
15:09:05,2.2552
15:09:06,2.2442
15:09:07,0.0476
15:09:08,0.0
15:09:09,0.2137
15:09:10,2.2418
15:09:11,2.254
15:09:12,1.2271
15:09:14,0.0
15:09:15,0.221
15:09:16,1.895
15:09:17,0.8291
15:09:18,2.2564
15:09:19,2.2515
15:09:20,1.7424
15:09:21,0.0
15:09:22,0.0
15:09:23,1.2015
15:09:24,2.2515
15:09:25,2.2466
15:09:26,0.7705
15:09:27,0.0
15:09:28,0.1184
15:09:29,1.768
15:09:30,2.2466
15:09:31,2.2637
15:09:32,0.7009
15:09:33,0.0
15:09:34,0.1954
15:09:35,2.2564
15:09:36,2.2405
15:09:37,2.2662
15:09:38,0.6056
15:09:39,0.0
15:09:40,0.1954
15:09:41,1.7192
15:09:42,2.2466
15:09:43,2.2564
15:09:44,1.0134
15:09:45,0.0
15:09:46,0.0
15:09:47,0.6056
15:09:48,2.254
15:09:49,2.2222
15:09:50,1.7363
15:09:51,0.2393
15:09:52,0.0
15:09:53,0.0
15:09:54,1.0757
15:09:55,2.2552
15:09:56,2.2466
15:09:57,2.2051
15:09:58,0.0
15:09:59,0.0
15:10:00,0.3602
15:10:01,2.2466
15:10:02,2.2515
15:10:03,2.2662
15:10:04,0.2393
15:10:05,0.0
15:10:06,0.1868
15:10:07,1.7998
15:10:08,2.2613
15:10:09,2.2454
15:10:10,1.7656
15:10:11,0.0
15:10:12,0.0
15:10:13,0.3431
15:10:14,1.768
15:10:15,2.2589
15:10:17,2.2589
15:10:18,1.641
15:10:19,0.0
15:10:20,0.0
15:10:21,0.4359
15:10:22,1.9878
15:10:23,2.254
15:10:24,2.2308
15:10:25,0.7912
15:10:26,0.0
15:10:27,0.2662
15:10:28,1.3358
15:10:29,2.2503
15:10:30,2.1795
15:10:31,0.2039
15:10:32,0.0
15:10:33,0.2796
15:10:34,1.6557
15:10:35,2.265
15:10:36,2.2552
15:10:37,1.5275
15:10:38,0.0
15:10:39,0.0293
15:10:40,0.3529
15:10:41,1.9109
15:10:42,2.2552
15:10:43,2.2625
15:10:44,1.2393
15:10:45,0.0
15:10:46,0.0501
15:10:47,0.514
15:10:48,2.2479
15:10:49,2.2515
15:10:50,2.1685
15:10:51,0.619
15:10:52,0.0
15:10:53,0.0147
15:10:54,0.5714
15:10:55,1.9377
15:10:56,2.2564
15:10:57,2.2125
15:10:58,0.9023
15:10:59,0.0
15:11:00,0.0354
15:11:01,0.4701
15:11:02,1.5263
15:11:03,2.2589
15:11:04,2.2527
15:11:05,2.0183
15:11:06,0.3211
15:11:07,0.0
15:11:08,0.0
15:11:09,0.2393
15:11:10,0.5324
15:11:11,1.7485
15:11:12,2.2564
15:11:13,2.2527
15:11:14,2.2454
15:11:15,2.0745
15:11:16,0.7851
15:11:17,0.2674
15:11:18,0.0
15:11:20,0.2161
15:11:21,1.1368
15:11:22,2.2564
15:11:23,2.2564
15:11:24,2.2137
15:11:25,0.9988
15:11:26,0.0
15:11:27,0.0
15:11:28,0.3944
15:11:29,1.5189
15:11:30,2.2552
15:11:31,2.243
15:11:32,1.3895
15:11:33,0.0
15:11:34,0.0
15:11:35,0.2662
15:11:36,1.1905
15:11:37,2.2589
15:11:38,2.2405
15:11:39,2.1306
15:11:40,1.8291
15:11:41,0.0
15:11:42,0.0
15:11:43,0.1258
15:11:44,0.7045
15:11:45,2.1294
15:11:46,2.2552
15:11:47,2.2613
15:11:48,2.0476
15:11:49,0.3333
15:11:50,0.0
15:11:51,0.1624
15:11:52,0.4921
15:11:53,1.6581
15:11:54,2.2564
15:11:55,2.2405
15:11:56,2.1111
15:11:57,0.779
15:11:58,0.0
15:11:59,0.0
15:12:00,0.2186
15:12:01,0.6166
15:12:02,2.0513
15:12:03,2.254
15:12:04,2.2515
15:12:05,1.547
15:12:06,1.1331
15:12:07,0.0
15:12:08,0.127
15:12:09,0.9231
15:12:10,2.2564
15:12:11,2.2442
15:12:12,1.7741
15:12:13,0.4017
15:12:14,0.0
15:12:15,0.2662
15:12:16,0.9927
15:12:17,2.2576
15:12:18,2.2466
15:12:19,1.7314
15:12:20,0.0
15:12:21,0.0
15:12:23,0.6007
15:12:24,2.2576
15:12:25,2.2576
15:12:26,2.0415
15:12:27,0.3761
15:12:28,0.0
15:12:29,0.293
15:12:30,1.4628
15:12:31,2.2576
15:12:32,2.2466
15:12:33,2.1551
15:12:34,1.5153
15:12:35,0.0
15:12:36,0.0
15:12:37,0.3101
15:12:38,1.3504
15:12:39,2.2564
15:12:40,2.2442
15:12:41,1.2662
15:12:42,0.0
15:12:43,0.0
15:12:44,0.0427
15:12:45,0.0
15:12:46,0.1184
15:12:47,1.4725
15:12:48,2.2564
15:12:49,2.2576
15:12:50,1.4982
15:12:51,0.0
15:12:52,0.0
15:12:53,0.3382
15:12:54,1.84
15:12:55,2.2564
15:12:56,2.1197
15:12:57,0.5922
15:12:58,0.0
15:12:59,0.0183
15:13:00,0.9536
15:13:01,2.2576
15:13:02,2.2466
15:13:03,1.6642
15:13:04,0.2393
15:13:05,0.0
15:13:06,0.1941
15:13:07,0.4151
15:13:08,1.8852
15:13:09,2.2491
15:13:10,2.0952
15:13:11,0.2234
15:13:12,0.0
15:13:13,0.1783
15:13:14,2.1783
15:13:15,2.2613
15:13:16,2.2564
15:13:17,1.6886
15:13:18,0.0
15:13:19,0.0476
15:13:20,0.6471
15:13:21,2.254
15:13:22,2.2283
15:13:23,1.7961
15:13:25,0.0
15:13:26,0.1197
15:13:27,1.619
15:13:28,2.2515
15:13:29,2.0586
15:13:30,0.0464
15:13:31,0.1429
15:13:32,1.0134
15:13:33,2.2576
15:13:34,2.2564
15:13:35,2.0989
15:13:36,0.0842
15:13:37,0.094
15:13:38,1.2027
15:13:39,2.254
15:13:40,2.2454
15:13:41,1.4335
15:13:42,0.0
15:13:43,0.149
15:13:44,0.9829
15:13:45,2.2601
15:13:46,2.2039
15:13:47,1.072
15:13:48,0.0
15:13:49,0.2564
15:13:50,1.0501
15:13:51,2.2576
15:13:52,2.2332
15:13:53,2.0012
15:13:54,0.2161
15:13:55,0.0
15:13:56,0.2759
15:13:57,1.3834
15:13:58,2.2564
15:13:59,2.2466
15:14:00,1.5153
15:14:01,0.0
15:14:02,0.1245
15:14:03,0.558
15:14:04,2.2564
15:14:05,0.7937
15:14:06,1.2821
15:14:07,2.2515
15:14:08,2.2466
15:14:09,1.5519
15:14:10,0.0
15:14:11,0.0
15:14:12,0.5263
15:14:13,2.0757
15:14:14,2.2503
15:14:15,2.2564
15:14:16,0.9072
15:14:17,0.0
15:14:18,0.0269
15:14:19,0.5336
15:14:20,2.243
15:14:21,2.2418
15:14:22,1.5775
15:14:23,0.1795
15:14:24,0.0
15:14:25,0.8388
15:14:27,2.2601
15:14:28,2.2418
15:14:29,1.8608
15:14:30,0.0611
15:14:31,0.0
15:14:32,0.536
15:14:33,2.254
15:14:34,2.2454
15:14:35,2.0855
15:14:36,0.6032
15:14:37,0.0
15:14:38,0.2991
15:14:39,1.8889
15:14:40,2.2552
15:14:41,2.2466
15:14:42,1.4432
15:14:43,0.0
15:14:44,0.0928
15:14:45,0.9109
15:14:46,2.2527
15:14:47,2.2515
15:14:48,2.1648
15:14:49,1.4139
15:14:50,0.0
15:14:51,0.0
15:14:52,0.3663
15:14:53,1.8364
15:14:54,2.254
15:14:55,2.2503
15:14:56,0.5751
15:14:57,0.0
15:14:58,0.0916
15:14:59,0.9951
15:15:00,2.2552
15:15:01,2.2357
15:15:02,1.8632
15:15:03,0.0
15:15:04,0.0
15:15:05,0.4518
15:15:06,1.7839
15:15:07,2.2564
15:15:08,2.2515
15:15:09,2.0488
15:15:10,0.0
15:15:11,0.0
15:15:12,0.1209
15:15:13,1.9597
15:15:14,2.2625
15:15:15,2.2393
15:15:16,1.0159
15:15:17,0.0
15:15:18,0.0
15:15:19,0.9023
15:15:20,2.2527
15:15:21,2.254
15:15:22,2.2601
15:15:23,1.8095
15:15:24,0.0842
15:15:25,0.0
15:15:26,0.0
15:15:27,0.4249
15:15:28,2.2589
15:15:30,2.2613
15:15:31,2.2576
15:15:32,0.5177
15:15:33,0.0
15:15:34,0.0
15:15:35,0.3162
15:15:36,1.619
15:15:37,2.2564
15:15:38,2.2564
15:15:39,1.6752
15:15:40,0.0
15:15:41,0.0
15:15:42,0.0
15:15:43,0.3492
15:15:44,2.2173
15:15:45,2.2576
15:15:46,2.2503
15:15:47,2.0024
15:15:48,0.0
15:15:49,0.0
15:15:50,0.0
15:15:51,0.0
15:15:52,1.8156
15:15:53,1.9048
15:15:54,2.5495
15:15:55,2.6752
15:15:56,2.5336
15:15:57,0.0024
15:15:58,0.0
15:15:59,0.0
15:16:00,0.0
15:16:01,0.0
15:16:02,1.7411
15:16:03,2.4359
15:16:04,2.3712
15:16:05,2.315
15:16:06,0.0
15:16:07,0.0
15:16:08,0.0
15:16:09,0.0
15:16:10,1.5153
15:16:11,3.0171
15:16:12,4.072
15:16:13,4.1624
15:16:14,4.083
15:16:15,0.0
15:16:16,0.0
15:16:17,0.3871
15:16:18,2.2613
15:16:19,2.2466
15:16:20,2.2711
15:16:21,2.4078
15:16:22,0.0
15:16:23,0.0
15:16:24,0.0
15:16:25,1.6642
15:16:26,1.9548
15:16:27,2.4518
15:16:28,2.4151
15:16:29,0.0
15:16:30,0.0
15:16:31,3.1917
15:16:33,3.1844
15:16:34,2.1306
15:16:35,2.3724
15:16:36,4.3077
15:16:37,0.2601
15:16:38,0.0
15:16:39,0.0
15:16:40,0.0
15:16:41,2.0965
15:16:42,2.4017
15:16:43,2.4274
15:16:44,2.7668
15:16:45,0.116
15:16:46,0.0
15:16:47,0.0
15:16:48,0.0
15:16:49,1.7424
15:16:50,2.0024
15:16:51,4.1172
15:16:52,4.4664
15:16:53,1.8694
15:16:54,0.2466
15:16:55,0.0
15:16:56,0.0
15:16:57,0.0
15:16:58,0.0
15:16:59,1.4591
15:17:00,2.105
15:17:01,2.4676
15:17:02,4.5763
15:17:03,3.6691
15:17:04,1.4469
15:17:05,0.0
15:17:06,0.0
15:17:07,0.0
15:17:08,0.0
15:17:09,0.0
15:17:10,2.0085
15:17:11,2.1929
15:17:12,2.3651
15:17:13,3.1844
15:17:14,3.1856
15:17:15,3.1795
15:17:16,3.177
15:17:17,3.1746
15:17:18,3.1819
15:17:19,3.1807
15:17:20,3.1783
15:17:21,3.1783
15:17:22,3.1795
15:17:23,3.1795
15:17:24,3.1795
15:17:25,3.1807
15:17:26,3.1807
15:17:27,3.1807
15:17:28,3.1795
15:17:29,3.1783
15:17:30,3.1758
15:17:31,3.1832
15:17:32,3.1819
15:17:33,3.1795
15:17:34,3.177
15:17:36,3.177
15:17:37,3.1783
15:17:38,3.1746
15:17:39,3.1746
15:17:40,3.1746
15:17:41,0.0
15:17:42,2.0952
15:17:43,2.188
15:17:44,3.1807
15:17:45,3.1783
15:17:46,3.1795
15:17:47,3.1795
15:17:48,3.1807
15:17:49,3.1819
15:17:50,3.1832
15:17:51,3.1795
15:17:52,3.177
15:17:53,3.1844
15:17:54,3.177
15:17:55,3.1832
15:17:56,3.1832
15:17:57,3.1795
15:17:58,3.1819
15:17:59,3.1819
15:18:00,3.1832
15:18:01,3.1819
15:18:02,3.1673
15:18:03,3.1648
15:18:04,3.1685
15:18:05,3.1685
15:18:06,3.1661
15:18:07,3.1697
15:18:08,3.1648
15:18:09,3.1661
15:18:10,3.1648
15:18:11,3.1648
15:18:12,3.1648
15:18:13,3.1673
15:18:14,3.1648
15:18:15,3.1648
15:18:16,3.1673
15:18:17,3.1685
15:18:18,3.1648
15:18:19,3.1673
15:18:20,3.1636
15:18:21,3.16
15:18:22,3.1673
15:18:23,3.1661
15:18:24,3.1612
15:18:25,3.1612
15:18:26,3.1661
15:18:27,3.1648
15:18:28,3.16
15:18:29,3.1648
15:18:30,3.1612
15:18:31,3.1612
15:18:32,3.1624
15:18:33,3.1624
15:18:34,3.1575
15:18:35,3.16
15:18:36,3.16
15:18:38,3.16
15:18:39,3.16
15:18:40,3.16
15:18:41,3.16
15:18:42,3.1563
15:18:43,3.16
15:18:44,3.1587
15:18:45,3.1575
15:18:46,3.1563
15:18:47,3.1563
15:18:48,3.1575
15:18:49,3.1538
15:18:50,3.1526
15:18:51,3.1538
15:18:52,3.1563
15:18:53,3.1551
15:18:54,3.1538
15:18:55,3.1538
15:18:56,3.1526
15:18:57,3.1551
15:18:58,3.1538
15:18:59,3.1526
15:19:00,3.1514
15:19:01,3.1526
15:19:02,3.1538
15:19:03,3.1514
15:19:04,3.1502
15:19:05,3.1526
15:19:06,3.149
15:19:07,3.1526
15:19:08,3.1551
15:19:09,3.1526
15:19:10,3.149
15:19:11,3.1502
15:19:12,3.149
15:19:13,3.1502
15:19:14,3.1526
15:19:15,3.1502
15:19:16,3.1514
15:19:17,3.149
15:19:18,3.1502
15:19:19,3.1538
15:19:20,3.149
15:19:21,3.1465
15:19:22,3.149
15:19:23,3.1526
15:19:24,3.1502
15:19:25,3.1477
15:19:26,3.1502
15:19:27,3.1477
15:19:28,3.1502
15:19:29,3.1477
15:19:30,3.1502
15:19:31,3.1502
15:19:32,3.1526
15:19:33,3.149
15:19:34,3.1453
15:19:35,3.1502
15:19:36,3.149
15:19:37,3.1514
15:19:38,3.1465
15:19:39,3.1477
15:19:40,3.1538
15:19:42,3.1526
15:19:43,3.1526
15:19:44,3.1453
15:19:45,3.149
15:19:46,3.1514
15:19:47,3.1465
15:19:48,3.1477
15:19:49,3.1477
15:19:50,3.1453
15:19:51,3.149
15:19:52,3.1465
15:19:53,2.9438
15:19:54,3.1453
15:19:55,3.1575
15:19:56,2.4518
15:19:57,3.1673
15:19:58,3.1697
15:19:59,3.1697
15:20:00,3.1648
15:20:01,2.4933
15:20:02,2.3663
15:20:03,3.1648
15:20:04,3.1648
15:20:05,3.1685
15:20:06,3.1648
15:20:07,3.1624
15:20:08,3.1685
15:20:09,3.1636
15:20:10,3.1648
15:20:11,3.1661
15:20:12,3.1648
15:20:13,3.1636
15:20:14,3.1636
15:20:15,3.1661
15:20:16,3.1673
15:20:17,3.1648
15:20:18,3.1673
15:20:19,3.1648
15:20:20,3.1709
15:20:21,3.1673
15:20:22,3.1673
15:20:23,3.1661
15:20:24,3.1673
15:20:25,3.1697
15:20:26,3.1648
15:20:27,3.1673
15:20:28,3.1734
15:20:29,3.1685
15:20:30,3.1673
15:20:31,3.1636
15:20:32,3.1685
15:20:33,3.1697
15:20:34,3.1648
15:20:35,3.1661
15:20:36,3.1661
15:20:37,3.1709
15:20:38,3.1697
15:20:39,3.1648
15:20:40,3.1673
15:20:41,3.1685
15:20:42,3.1709
15:20:44,3.1697
15:20:45,3.1697
15:20:46,3.1648
15:20:47,3.1673
15:20:48,3.1697
15:20:49,3.1734
15:20:50,3.1709
15:20:51,3.1685
15:20:52,3.1697
15:20:53,3.1685
15:20:54,3.1648
15:20:55,3.1648
15:20:56,3.1697
15:20:57,3.1697
15:20:58,3.1734
15:20:59,3.1722
15:21:00,3.1685
15:21:01,3.1673
15:21:02,3.1697
15:21:03,3.1709
15:21:04,3.1709
15:21:05,3.1648
15:21:06,3.1685
15:21:07,3.1722
15:21:08,3.1709
15:21:09,3.1697
15:21:10,3.1697
15:21:11,3.1697
15:21:12,3.1746
15:21:13,3.1709
15:21:14,3.1758
15:21:15,3.1697
15:21:16,3.1685
15:21:17,3.1734
15:21:18,3.1758
15:21:19,3.1734
15:21:20,3.1734
15:21:21,3.1722
15:21:22,3.1746
15:21:23,3.1709
15:21:24,3.1746
15:21:25,3.1648
15:21:26,3.1709
15:21:27,3.1734
15:21:28,3.1722
15:21:29,3.1685
15:21:30,3.1697
15:21:31,3.1685
15:21:32,3.1709
15:21:33,3.1697
15:21:34,3.1722
15:21:35,3.1697
15:21:36,3.1758
15:21:37,3.1722
15:21:38,3.1709
15:21:39,3.1697
15:21:40,3.1697
15:21:41,3.1722
15:21:42,3.1746
15:21:43,3.1746
15:21:45,3.1734
15:21:46,3.1697
15:21:47,3.1685
15:21:48,3.1673
15:21:49,3.1673
15:21:50,3.1661
15:21:51,3.1709
15:21:52,3.1734
15:21:53,3.1746
15:21:54,3.1709
15:21:55,3.177
15:21:56,3.1722
15:21:57,3.1697
15:21:58,3.1673
15:21:59,3.1697
15:22:00,3.1685
15:22:01,3.1685
15:22:02,3.1673
15:22:03,3.1697
15:22:04,3.1648
15:22:05,3.1648
15:22:06,3.1648
15:22:07,3.1661
15:22:08,3.1661
15:22:09,3.1673
15:22:10,3.1746
15:22:11,3.1661
15:22:12,3.1648
15:22:13,3.1661
15:22:14,3.1648
15:22:15,3.1648
15:22:16,3.1648
15:22:17,3.1673
15:22:18,3.1661
15:22:19,3.1648
15:22:20,3.1697
15:22:21,3.1648
15:22:22,3.1648
15:22:23,3.1648
15:22:24,3.1648
15:22:25,3.1697
15:22:26,3.1648
15:22:27,3.1648
15:22:28,3.1612
15:22:29,3.1673
15:22:30,3.1661
15:22:31,3.1709
15:22:32,3.1673
15:22:33,3.1722
15:22:34,3.1661
15:22:35,3.1661
15:22:36,3.1624
15:22:37,3.1661
15:22:38,3.1648
15:22:39,3.1648
15:22:40,3.1648
15:22:41,3.1648
15:22:42,3.1685
15:22:44,3.1661
15:22:45,3.1673
15:22:46,3.1661
15:22:47,3.1636
15:22:48,3.1648
15:22:49,3.1648
15:22:50,3.1685
15:22:51,3.1673
15:22:52,3.1648
15:22:53,3.1636
15:22:54,3.1685
15:22:55,3.1624
15:22:56,3.1648
15:22:57,3.1673
15:22:58,3.1636
15:22:59,3.1661
15:23:00,3.1661
15:23:01,3.1661
15:23:02,3.1685
15:23:03,3.1648
15:23:04,3.1636
15:23:05,3.1624
15:23:06,3.1648
15:23:07,3.1648
15:23:08,3.1636
15:23:09,3.1648
15:23:10,3.1661
15:23:11,3.1685
15:23:12,3.1648
15:23:13,3.16
15:23:14,3.16
15:23:15,3.1648
15:23:16,3.1636
15:23:17,3.1661
15:23:18,3.1648
15:23:19,3.1648
15:23:20,3.1648
15:23:21,3.1624
15:23:22,3.1648
15:23:23,3.1636
15:23:24,3.1636
15:23:25,3.1648
15:23:26,3.1636
15:23:27,3.1648
15:23:28,3.1648
15:23:29,3.1685
15:23:30,3.1648
15:23:31,3.1661
15:23:32,3.1673
15:23:33,3.1648
15:23:34,3.1697
15:23:35,3.1697
15:23:36,3.1661
15:23:37,3.1648
15:23:38,3.1636
15:23:39,3.1636
15:23:40,3.1673
15:23:42,3.1661
15:23:43,3.1685
15:23:44,3.1673
15:23:45,3.1661
15:23:46,3.1636
15:23:47,3.1648
15:23:48,3.1648
15:23:49,3.1636
15:23:50,3.1661
15:23:51,3.1636
15:23:52,3.1648
15:23:53,3.1648
15:23:54,3.1673
15:23:55,3.1648
15:23:56,3.1648
15:23:57,3.1648
15:23:58,3.1685
15:23:59,3.1673
15:24:00,3.1661
15:24:01,3.1624
15:24:02,3.1661
15:24:03,3.1648
15:24:04,3.1661
15:24:05,3.1697
15:24:06,3.1673
15:24:07,3.1648
15:24:08,3.1685
15:24:09,3.1661
15:24:10,3.1636
15:24:11,3.1661
15:24:12,3.1636
15:24:13,3.1648
15:24:14,3.1636
15:24:15,3.1661
15:24:16,3.1648
15:24:17,3.1661
15:24:18,3.1661
15:24:19,3.1661
15:24:20,3.1636
15:24:21,3.1648
15:24:22,3.1624
15:24:23,3.1673
15:24:24,3.1685
15:24:25,3.1685
15:24:26,3.1661
15:24:27,3.1648
15:24:28,3.1636
15:24:29,3.1636
15:24:30,3.1636
15:24:31,3.1673
15:24:32,3.1685
15:24:33,3.1673
15:24:34,3.1685
15:24:35,3.1709
15:24:36,3.1648
15:24:37,3.1648
15:24:38,3.1648
15:24:39,3.1661
15:24:41,3.1648
15:24:42,3.1661
15:24:43,3.1685
15:24:44,3.1661
15:24:45,3.1661
15:24:46,3.1636
15:24:47,3.1685
15:24:48,3.1673
15:24:49,3.1648
15:24:50,3.1648
15:24:51,3.1648
15:24:52,3.1648
15:24:53,3.1648
15:24:54,3.1661
15:24:55,3.1709
15:24:56,3.1685
15:24:57,3.1624
15:24:58,3.1661
15:24:59,3.1673
15:25:00,3.1612
15:25:01,3.1685
15:25:02,3.1648
15:25:03,3.1648
15:25:04,3.1624
15:25:05,3.1636
15:25:06,3.1636
15:25:07,3.1636
15:25:08,3.1673
15:25:09,3.1648
15:25:10,3.1673
15:25:11,3.1648
15:25:12,3.1624
15:25:13,3.1636
15:25:14,3.1636
15:25:15,3.1661
15:25:16,3.1648
15:25:17,3.1648
15:25:18,3.1624
15:25:19,3.1648
15:25:20,3.16
15:25:21,3.1673
15:25:22,3.1648
15:25:23,3.1636
15:25:24,3.1648
15:25:25,3.1624
15:25:26,3.1648
15:25:27,3.1661
15:25:28,3.1673
15:25:29,3.1648
15:25:30,3.1624
15:25:31,3.16
15:25:32,3.1624
15:25:33,3.1575
15:25:34,3.1636
15:25:35,3.1648
15:25:36,3.1612
15:25:37,3.1624
15:25:38,3.1636
15:25:40,3.1661
15:25:41,3.1624
15:25:42,3.1636
15:25:43,3.1624
15:25:44,3.1624
15:25:45,3.1661
15:25:46,3.16
15:25:47,3.1636
15:25:48,3.16
15:25:49,3.1612
15:25:50,3.1624
15:25:51,3.16
15:25:52,3.1575
15:25:53,3.1624
15:25:54,3.1648
15:25:55,3.1612
15:25:56,3.1575
15:25:57,3.1587
15:25:58,3.1587
15:25:59,3.1587
15:26:00,3.16
15:26:01,3.16
15:26:02,3.16
15:26:03,3.16
15:26:04,3.1551
15:26:05,3.16
15:26:06,3.1551
15:26:07,3.1551
15:26:08,3.1563
15:26:09,3.1563
15:26:10,3.1587
15:26:11,3.1563
15:26:12,3.16
15:26:13,3.1551
15:26:14,3.16
15:26:15,3.1563
15:26:16,3.1551
15:26:17,3.16
15:26:18,3.1575
15:26:19,3.1563
15:26:20,3.1587
15:26:21,3.1538
15:26:22,3.1575
15:26:23,3.1587
15:26:24,3.1563
15:26:25,3.1551
15:26:26,3.1587
15:26:27,3.16
15:26:28,3.1563
15:26:29,3.1551
15:26:30,3.1551
15:26:31,3.1563
15:26:32,3.1563
15:26:33,3.1551
15:26:34,3.1502
15:26:35,3.1587
15:26:36,3.1551
15:26:37,3.1587
15:26:39,3.1551
15:26:40,3.1551
15:26:41,3.1551
15:26:42,3.1575
15:26:43,3.1551
15:26:44,3.16
15:26:45,3.1551
15:26:46,3.1538
15:26:47,3.1526
15:26:48,3.1514
15:26:49,3.1538
15:26:50,3.16
15:26:51,3.1514
15:26:52,3.1514
15:26:53,3.1551
15:26:54,3.1526
15:26:55,3.1538
15:26:56,3.1551
15:26:57,3.1538
15:26:58,3.1514
15:26:59,3.1587
15:27:00,3.1526
15:27:01,3.1526
15:27:02,3.1514
15:27:03,3.1538
15:27:04,3.1526
15:27:05,3.1526
15:27:06,3.1538
15:27:07,3.1514
15:27:08,3.1551
15:27:09,3.1526
15:27:10,3.1502
15:27:11,3.1526
15:27:12,3.1514
15:27:13,3.1526
15:27:14,3.1526
15:27:15,3.1526
15:27:16,3.1538
15:27:17,3.149
15:27:18,3.1563
15:27:19,3.149
15:27:20,3.1502
15:27:21,3.1538
15:27:22,3.1551
15:27:23,3.1502
15:27:24,3.1526
15:27:25,3.1526
15:27:26,3.1526
15:27:27,3.1502
15:27:28,3.1526
15:27:29,3.1477
15:27:30,3.149
15:27:31,3.1538
15:27:32,3.149
15:27:33,3.1477
15:27:34,3.1526
15:27:35,3.149
15:27:36,3.1514
15:27:37,3.1477
15:27:39,3.149
15:27:40,3.1502
15:27:41,3.1514
15:27:42,3.1551
15:27:43,3.1563
15:27:44,3.1502
15:27:45,3.149
15:27:46,3.1502
15:27:47,3.1526
15:27:48,3.1526
15:27:49,3.1526
15:27:50,3.1502
15:27:51,3.1526
15:27:52,3.1477
15:27:53,3.1514
15:27:54,3.1502
15:27:55,3.1514
15:27:56,3.1526
15:27:57,3.1587
15:27:58,3.1551
15:27:59,3.1575
15:28:00,3.1538
15:28:01,3.1465
15:28:02,3.1502
15:28:03,3.1575
15:28:04,3.1526
15:28:05,3.1465
15:28:06,3.149
15:28:07,3.1538
15:28:08,3.149
15:28:09,3.149
15:28:10,3.149
15:28:11,3.1477
15:28:12,3.1502
15:28:13,3.1477
15:28:14,3.16
15:28:15,3.1551
15:28:16,3.1551
15:28:17,3.1538
15:28:18,3.1514
15:28:19,3.1526
15:28:20,3.1551
15:28:21,3.1551
15:28:22,3.1575
15:28:23,3.1563
15:28:24,3.1587
15:28:25,3.1502
15:28:26,3.1526
15:28:27,3.1575
15:28:28,3.1514
15:28:29,3.16
15:28:30,3.1575
15:28:31,3.1575
15:28:32,3.1538
15:28:33,3.1575
15:28:34,3.1624
15:28:35,3.1612
15:28:36,3.16
15:28:38,3.1563
15:28:39,3.1563
15:28:40,3.1551
15:28:41,3.1551
15:28:42,3.1551
15:28:43,3.1587
15:28:44,3.1563
15:28:45,3.1575
15:28:46,3.16
15:28:47,3.1575
15:28:48,3.1575
15:28:49,3.1526
15:28:50,3.16
15:28:51,3.1575
15:28:52,3.1575
15:28:53,3.16
15:28:54,3.16
15:28:55,3.16
15:28:56,3.1636
15:28:57,3.1587
15:28:58,3.1636
15:28:59,3.1648
15:29:00,3.1648
15:29:01,3.1624
15:29:02,3.1636
15:29:03,3.1612
15:29:04,3.1612
15:29:05,3.1685
15:29:06,3.1648
15:29:07,3.1636
15:29:08,3.1648
15:29:09,3.16
15:29:10,3.1624
15:29:11,3.1661
15:29:12,3.1648
15:29:13,3.1697
15:29:14,3.1673
15:29:15,3.1636
15:29:16,3.1648
15:29:17,3.1648
15:29:18,3.1685
15:29:19,3.1648
15:29:20,3.1624
15:29:21,3.1661
15:29:22,3.1661
15:29:23,3.1697
15:29:24,3.1697
15:29:25,3.1661
15:29:26,3.1697
15:29:27,3.1648
15:29:28,3.1685
15:29:29,3.1697
15:29:30,3.1722
15:29:31,3.1709
15:29:32,3.1685
15:29:33,3.1661
15:29:34,3.1673
15:29:35,3.1673
15:29:36,3.1709
15:29:38,3.1709
15:29:39,3.1709
15:29:40,3.1722
15:29:41,3.1722
15:29:42,3.1734
15:29:43,3.1758
15:29:44,3.1685
15:29:45,3.1722
15:29:46,3.1697
15:29:47,3.1685
15:29:48,3.1673
15:29:49,3.1697
15:29:50,3.1697
15:29:51,3.1722
15:29:52,3.1783
15:29:53,3.1709
15:29:54,3.1746
15:29:55,3.1661
15:29:56,3.1746
15:29:57,3.1709
15:29:58,3.1758
15:29:59,3.1758
15:30:00,3.1734
15:30:01,3.1746
15:30:02,3.1746
15:30:03,3.177
15:30:04,3.1709
15:30:05,3.1758
15:30:06,3.1758
15:30:07,3.1795
15:30:08,3.1746
15:30:09,3.1746
15:30:10,3.1758
15:30:11,3.1758
15:30:12,3.1758
15:30:13,3.1807
15:30:14,3.1746
15:30:15,3.177
15:30:16,3.1758
15:30:17,3.177
15:30:18,3.1819
15:30:19,3.1844
15:30:20,3.1819
15:30:21,3.1795
15:30:22,3.177
15:30:23,3.1795
15:30:24,3.1783
15:30:25,3.1832
15:30:26,3.1819
15:30:27,3.1758
15:30:28,3.1795
15:30:29,3.1795
15:30:30,3.177
15:30:31,3.1795
15:30:32,3.1758
15:30:33,3.177
15:30:34,3.1783
15:30:35,3.1844
15:30:36,3.1795
15:30:37,3.1783
15:30:39,3.177
15:30:40,3.1868
15:30:41,3.1819
15:30:42,3.1783
15:30:43,3.1807
15:30:44,3.177
15:30:45,3.1795
15:30:46,3.1856
15:30:47,3.1795
15:30:48,3.1795
15:30:49,3.1783
15:30:50,3.1856
15:30:51,3.1819
15:30:52,3.1856
15:30:53,3.1844
15:30:54,3.177
15:30:55,3.1807
15:30:56,3.1844
15:30:57,3.1844
15:30:58,3.1856
15:30:59,3.1844
15:31:00,3.1856
15:31:01,3.1844
15:31:02,3.1844
15:31:03,3.1844
15:31:04,3.1832
15:31:05,3.188
15:31:06,3.188
15:31:07,3.1868
15:31:08,3.1917
15:31:09,3.1893
15:31:10,3.1844
15:31:11,3.1905
15:31:12,3.1868
15:31:13,3.1856
15:31:14,3.1966
15:31:15,3.1905
15:31:16,3.188
15:31:17,3.1917
15:31:18,3.1941
15:31:19,3.1893
15:31:20,3.1868
15:31:21,3.1978
15:31:22,3.1905
15:31:23,3.188
15:31:24,3.1941
15:31:25,3.1905
15:31:26,3.1941
15:31:27,3.1966
15:31:28,3.1954
15:31:29,3.1929
15:31:30,3.1954
15:31:31,3.1954
15:31:32,3.1941
15:31:33,3.1978
15:31:34,3.1954
15:31:35,3.1966
15:31:36,3.1941
15:31:37,3.2015
15:31:39,3.199
15:31:40,3.1954
15:31:41,3.1941
15:31:42,3.1978
15:31:43,3.2015
15:31:44,3.1966
15:31:45,3.199
15:31:46,3.1966
15:31:47,3.2027
15:31:48,3.2015
15:31:49,3.1978
15:31:50,3.199
15:31:51,3.1966
15:31:52,3.2015
15:31:53,3.2027
15:31:54,3.2027
15:31:55,3.2027
15:31:56,3.2002
15:31:57,3.199
15:31:58,3.2015
15:31:59,3.2039
15:32:00,3.2039
15:32:01,3.2027
15:32:02,3.2027
15:32:03,3.2039
15:32:04,3.2027
15:32:05,3.2027
15:32:06,3.2063
15:32:07,3.2039
15:32:08,3.2112
15:32:09,3.21
15:32:10,3.2039
15:32:11,3.2063
15:32:12,3.2039
15:32:13,3.2039
15:32:14,3.2039
15:32:15,3.2039
15:32:16,3.2039
15:32:17,3.2063
15:32:18,3.2063
15:32:19,3.2039
15:32:20,3.2088
15:32:21,3.2161
15:32:22,3.2076
15:32:23,3.2076
15:32:24,3.2076
15:32:25,3.2088
15:32:26,3.2076
15:32:27,3.2039
15:32:28,3.2051
15:32:29,3.2076
15:32:30,3.2125
15:32:31,3.21
15:32:32,3.21
15:32:33,3.2088
15:32:34,3.2076
15:32:35,3.2112
15:32:36,3.2088
15:32:37,3.2051
15:32:39,3.2039
15:32:40,3.2088
15:32:41,3.2125
15:32:42,3.2112
15:32:43,3.2088
15:32:44,3.2076
15:32:45,3.2076
15:32:46,3.2088
15:32:47,3.2137
15:32:48,3.2112
15:32:49,3.2112
15:32:50,3.2112
15:32:51,3.2125
15:32:52,3.2173
15:32:53,3.2125
15:32:54,3.2137
15:32:55,3.2173
15:32:56,3.2149
15:32:57,3.2112
15:32:58,3.2112
15:32:59,3.2198
15:33:00,3.2137
15:33:01,3.2112
15:33:02,3.2137
15:33:03,3.2173
15:33:04,3.2137
15:33:05,3.2186
15:33:06,3.2125
15:33:07,3.2137
15:33:08,3.2222
15:33:09,3.2149
15:33:10,3.2161
15:33:11,3.2137
15:33:12,3.2186
15:33:13,3.2161
15:33:14,3.2198
15:33:15,3.2149
15:33:16,3.2137
15:33:17,3.2149
15:33:18,3.2186
15:33:19,3.2186
15:33:20,3.2137
15:33:21,3.2161
15:33:22,3.2222
15:33:23,3.2149
15:33:24,3.2149
15:33:25,3.2161
15:33:26,3.221
15:33:27,3.2222
15:33:28,3.2173
15:33:29,3.2173
15:33:30,3.2198
15:33:31,3.2198
15:33:32,3.2186
15:33:33,3.2198
15:33:34,3.2186
15:33:35,3.221
15:33:36,3.221
15:33:37,3.2234
15:33:38,3.2271
15:33:40,3.2198
15:33:41,3.221
15:33:42,3.2234
15:33:43,3.2161
15:33:44,3.221
15:33:45,3.2149
15:33:46,3.2149
15:33:47,3.221
15:33:48,3.2161
15:33:49,3.2186
15:33:50,3.2161
15:33:51,3.2173
15:33:52,3.2222
15:33:53,3.221
15:33:54,3.221
15:33:55,3.2222
15:33:56,3.221
15:33:57,3.2222
15:33:58,3.2198
15:33:59,3.2161
15:34:00,3.2173
15:34:01,3.2259
15:34:02,3.221
15:34:03,3.2173
15:34:04,3.2198
15:34:05,3.2198
15:34:06,3.2198
15:34:07,3.2222
15:34:08,3.2247
15:34:09,3.221
15:34:10,3.221
15:34:11,3.2234
15:34:12,3.221
15:34:13,3.2234
15:34:14,3.2198
15:34:15,3.2234
15:34:16,3.2161
15:34:17,3.2222
15:34:18,3.2186
15:34:19,3.2234
15:34:20,3.2283
15:34:21,3.2173
15:34:22,3.2222
15:34:23,3.2222
15:34:24,3.221
15:34:25,3.2222
15:34:26,3.221
15:34:27,3.2222
15:34:28,3.2198
15:34:29,3.2234
15:34:30,3.2186
15:34:31,3.2259
15:34:32,3.2186
15:34:33,3.2234
15:34:34,3.2173
15:34:35,3.2222
15:34:36,3.2186
15:34:37,3.1893
15:34:39,3.2234
15:34:40,3.2234
15:34:41,3.2234
15:34:42,2.5324
15:34:43,3.2234
15:34:44,3.2234
15:34:45,3.2234
15:34:46,2.5665
15:34:47,3.2259
15:34:48,3.2186
15:34:49,3.2161
15:34:50,3.2222
15:34:51,3.2198
15:34:52,2.4591
15:34:53,2.5543
15:34:54,2.4469
15:34:55,3.2198
15:34:56,3.2234
15:34:57,3.2186
15:34:58,2.5897
15:34:59,3.221
15:35:00,3.221
15:35:01,3.2222
15:35:02,3.2198
15:35:03,3.2186
15:35:04,3.2234
15:35:05,2.464
15:35:06,3.2271
15:35:07,3.2234
15:35:08,3.2222
15:35:09,3.221
15:35:10,3.2173
15:35:11,2.5665
15:35:12,3.221
15:35:13,3.2234
15:35:14,2.4359
15:35:15,3.2234
15:35:16,3.2198
15:35:17,3.2186
15:35:18,3.2234
15:35:19,3.2198
15:35:20,3.2186
15:35:21,3.2234
15:35:22,3.221
15:35:23,3.2234
15:35:24,2.4884
15:35:25,3.221
15:35:26,3.2259
15:35:27,3.2234
15:35:28,3.2234
15:35:29,3.221
15:35:30,2.6349
15:35:31,3.1807
15:35:32,3.2308
15:35:33,3.2222
15:35:34,3.221
15:35:35,3.2283
15:35:37,3.2222
15:35:38,3.2259
15:35:39,2.591
15:35:40,3.2247
15:35:41,3.221
15:35:42,3.2222
15:35:43,3.2234
15:35:44,3.2234
15:35:45,3.2259
15:35:46,2.4969
15:35:47,2.5849
15:35:48,3.2247
15:35:49,3.2234
15:35:50,2.5263
15:35:51,3.2198
15:35:52,2.6276
15:35:53,2.5507
15:35:54,3.2234
15:35:55,3.2234
15:35:56,3.2198
15:35:57,3.2198
15:35:58,3.2222
15:35:59,2.5006
15:36:00,3.2259
15:36:01,3.2259
15:36:02,3.2222
15:36:03,3.2234
15:36:04,2.5409
15:36:05,2.5043
15:36:06,3.2234
15:36:07,3.2247
15:36:08,3.2295
15:36:09,2.6496
15:36:10,2.6325
15:36:11,3.2247
15:36:12,3.2234
15:36:13,2.6276
15:36:14,3.2247
15:36:15,3.2308
15:36:16,2.5983
15:36:17,2.6935
15:36:18,3.221
15:36:19,3.2234
15:36:20,3.2271
15:36:21,3.2222
15:36:22,3.2234
15:36:23,3.2186
15:36:24,3.2295
15:36:25,3.2234
15:36:26,3.2259
15:36:27,2.9048
15:36:28,3.221
15:36:29,3.2198
15:36:30,3.0952
15:36:31,3.2283
15:36:32,3.221
15:36:33,3.2283
15:36:35,3.221
15:36:36,3.2295
15:36:37,3.2198
15:36:38,3.2247
15:36:39,3.2234
15:36:40,3.2259
15:36:41,3.2222
15:36:42,3.2247
15:36:43,3.2259
15:36:44,3.2234
15:36:45,3.2295
15:36:46,3.2222
15:36:47,3.2295
15:36:48,3.221
15:36:49,3.2308
15:36:50,3.2222
15:36:51,3.2234
15:36:52,3.2283
15:36:53,3.2222
15:36:54,3.2259
15:36:55,3.2247
15:36:56,3.2234
15:36:57,3.2247
15:36:58,3.2259
15:36:59,3.2234
15:37:00,3.2234
15:37:01,3.2234
15:37:02,3.2222
15:37:03,3.2247
15:37:04,3.2295
15:37:05,3.2234
15:37:06,3.2259
15:37:07,3.2271
15:37:08,3.2234
15:37:09,3.2295
15:37:10,3.2259
15:37:11,3.2259
15:37:12,3.232
15:37:13,3.2247
15:37:14,3.2308
15:37:15,3.2247
15:37:16,3.2332
15:37:17,3.2222
15:37:18,3.2283
15:37:19,3.221
15:37:20,3.2295
15:37:21,3.2222
15:37:22,3.2295
15:37:23,3.2234
15:37:24,3.2247
15:37:25,3.2222
15:37:26,3.2308
15:37:27,3.221
15:37:28,3.2186
15:37:29,3.2271
15:37:30,3.2247
15:37:31,3.2222
15:37:32,3.2259
15:37:33,3.2234
15:37:35,3.2234
15:37:36,3.221
15:37:37,3.2222
15:37:38,3.2259
15:37:39,3.2234
15:37:40,3.2222
15:37:41,3.2271
15:37:42,3.2247
15:37:43,3.2295
15:37:44,3.2259
15:37:45,3.2295
15:37:46,3.2234
15:37:47,3.2271
15:37:48,3.2234
15:37:49,3.2271
15:37:50,3.2259
15:37:51,3.2271
15:37:52,3.2283
15:37:53,3.2247
15:37:54,3.2283
15:37:55,3.2283
15:37:56,3.2259
15:37:57,3.2332
15:37:58,3.2259
15:37:59,3.2308
15:38:00,3.2247
15:38:01,3.2308
15:38:02,3.2259
15:38:03,3.2295
15:38:04,3.2308
15:38:05,3.2259
15:38:06,3.232
15:38:07,3.2283
15:38:08,3.2283
15:38:09,3.2295
15:38:10,3.2283
15:38:11,3.2259
15:38:12,3.2283
15:38:13,3.2308
15:38:14,3.2283
15:38:15,3.2332
15:38:16,3.2247
15:38:17,3.232
15:38:18,3.2283
15:38:19,3.2283
15:38:20,3.2332
15:38:21,3.2308
15:38:22,3.2295
15:38:23,3.2357
15:38:24,3.2234
15:38:25,3.2332
15:38:26,3.2295
15:38:27,3.2283
15:38:28,3.2308
15:38:29,3.2332
15:38:30,3.2259
15:38:31,3.2295
15:38:32,3.2283
15:38:33,3.2357
15:38:34,3.2295
15:38:36,3.2295
15:38:37,3.2357
15:38:38,3.2271
15:38:39,3.2357
15:38:40,3.2295
15:38:41,3.2271
15:38:42,3.2332
15:38:43,3.2283
15:38:44,3.2332
15:38:45,3.2295
15:38:46,3.232
15:38:47,3.2271
15:38:48,3.2332
15:38:49,3.2295
15:38:50,3.2369
15:38:51,3.232
15:38:52,3.2357
15:38:53,3.2308
15:38:54,3.2308
15:38:55,3.2308
15:38:56,3.2308
15:38:57,3.2357
15:38:58,3.232
15:38:59,3.2295
15:39:00,3.2332
15:39:01,3.2295
15:39:02,3.2308
15:39:03,3.2271
15:39:04,3.2344
15:39:05,3.2332
15:39:06,3.2308
15:39:07,3.2344
15:39:08,3.2357
15:39:09,3.2344
15:39:10,3.2381
15:39:11,3.232
15:39:12,3.2308
15:39:13,3.2332
15:39:14,3.2344
15:39:15,3.2381
15:39:16,3.2308
15:39:17,3.2332
15:39:18,3.232
15:39:19,3.2393
15:39:20,3.2332
15:39:21,3.2357
15:39:22,3.2381
15:39:23,3.2308
15:39:24,3.232
15:39:25,3.2369
15:39:26,3.2332
15:39:27,3.2332
15:39:28,3.2357
15:39:29,3.2344
15:39:30,3.2332
15:39:31,3.2381
15:39:32,3.2308
15:39:33,3.2357
15:39:35,3.2357
15:39:36,3.2344
15:39:37,3.2381
15:39:38,3.2332
15:39:39,3.2357
15:39:40,3.2344
15:39:41,3.2369
15:39:42,3.2332
15:39:43,3.2357
15:39:44,3.232
15:39:45,3.2332
15:39:46,3.2332
15:39:47,3.2357
15:39:48,3.2381
15:39:49,3.2393
15:39:50,3.2332
15:39:51,3.232
15:39:52,3.2332
15:39:53,3.2381
15:39:54,3.2381
15:39:55,3.2357
15:39:56,3.2332
15:39:57,3.2344
15:39:58,3.2332
15:39:59,3.2381
15:40:00,3.2332
15:40:01,3.2381
15:40:02,3.2332
15:40:03,2.5153
15:40:04,3.2076
15:40:05,3.2234
15:40:06,3.2308
15:40:07,3.243
15:40:08,3.243
15:40:09,2.5201
15:40:10,2.6129
15:40:11,2.5788
15:40:12,3.2381
15:40:13,3.2479
15:40:14,3.2405
15:40:15,3.2442
15:40:16,3.2442
15:40:17,3.2466
15:40:18,3.2393
15:40:19,3.2479
15:40:20,3.2418
15:40:21,3.2442
15:40:22,3.243
15:40:23,3.243
15:40:24,3.2466
15:40:25,3.243
15:40:26,3.243
15:40:27,3.2466
15:40:28,3.2442
15:40:29,3.2466
15:40:30,3.2454
15:40:31,3.243
15:40:32,3.2479
15:40:33,3.2454
15:40:35,3.243
15:40:36,3.2479
15:40:37,3.2454
15:40:38,3.2442
15:40:39,3.2503
15:40:40,3.2491
15:40:41,3.2515
15:40:42,3.2479
15:40:43,3.2454
15:40:44,3.2442
15:40:45,3.2503
15:40:46,3.2515
15:40:47,3.2442
15:40:48,3.2479
15:40:49,3.2503
15:40:50,3.2454
15:40:51,3.2454
15:40:52,3.2527
15:40:53,3.2479
15:40:54,3.2503
15:40:55,3.243
15:40:56,3.2527
15:40:57,3.2527
15:40:58,3.2466
15:40:59,3.2503
15:41:00,3.2479
15:41:01,3.2454
15:41:02,3.2454
15:41:03,3.2479
15:41:04,3.2491
15:41:05,3.2527
15:41:06,3.2454
15:41:07,3.2527
15:41:08,3.2454
15:41:09,3.2503
15:41:10,3.2442
15:41:11,3.2491
15:41:12,3.2479
15:41:13,3.2466
15:41:14,3.2503
15:41:15,3.2454
15:41:16,3.2527
15:41:17,3.2479
15:41:18,3.2515
15:41:19,3.2479
15:41:20,3.2503
15:41:21,3.2491
15:41:22,3.2515
15:41:23,3.2527
15:41:24,3.2515
15:41:25,3.254
15:41:26,3.2515
15:41:27,3.2552
15:41:28,3.2552
15:41:29,3.2466
15:41:30,3.2576
15:41:31,3.2491
15:41:32,3.2589
15:41:33,3.2479
15:41:35,3.2527
15:41:36,3.2515
15:41:37,3.2576
15:41:38,3.2552
15:41:39,3.254
15:41:40,3.2527
15:41:41,3.2601
15:41:42,3.2552
15:41:43,3.2503
15:41:44,3.2589
15:41:45,3.254
15:41:46,3.2576
15:41:47,3.2491
15:41:48,3.2576
15:41:49,3.2564
15:41:50,3.2576
15:41:51,3.2552
15:41:52,3.2601
15:41:53,3.254
15:41:54,3.2576
15:41:55,3.2564
15:41:56,3.2601
15:41:57,3.2564
15:41:58,3.2601
15:41:59,3.2527
15:42:00,3.2625
15:42:01,3.2564
15:42:02,3.265
15:42:03,3.2564
15:42:04,3.2589
15:42:05,3.2625
15:42:06,3.2589
15:42:07,3.2613
15:42:08,3.265
15:42:09,3.2613
15:42:10,3.2625
15:42:11,3.2625
15:42:12,3.2613
15:42:13,3.265
15:42:14,3.2613
15:42:15,3.2662
15:42:16,3.2601
15:42:17,3.2613
15:42:18,3.2686
15:42:19,3.265
15:42:20,3.2674
15:42:21,3.2698
15:42:22,3.2662
15:42:23,3.2662
15:42:24,3.2674
15:42:25,3.2674
15:42:26,3.2686
15:42:27,3.2698
15:42:28,3.2711
15:42:29,3.2735
15:42:30,3.2723
15:42:31,3.2723
15:42:32,3.2747
15:42:33,3.2747
15:42:34,3.2759
15:42:36,3.2723
15:42:37,3.2772
15:42:38,3.2735
15:42:39,3.2821
15:42:40,3.2833
15:42:41,3.2821
15:42:42,3.2784
15:42:43,3.2784
15:42:44,3.2833
15:42:45,3.2833
15:42:46,3.2857
15:42:47,3.2845
15:42:48,3.2857
15:42:49,3.2845
15:42:50,3.2882
15:42:51,3.2845
15:42:52,3.2906
15:42:53,3.2906
15:42:54,3.293
15:42:55,3.2918
15:42:56,3.2918
15:42:57,3.2967
15:42:58,3.2943
15:42:59,3.2979
15:43:00,3.2943
15:43:01,3.2967
15:43:02,3.2967
15:43:03,3.2991
15:43:04,3.2991
15:43:05,3.3028
15:43:06,3.3028
15:43:07,3.2991
15:43:08,3.2991
15:43:09,3.2979
15:43:10,3.3028
15:43:11,3.3004
15:43:12,3.2955
15:43:13,3.3016
15:43:14,3.2918
15:43:15,3.2955
15:43:16,3.2906
15:43:17,3.2943
15:43:18,3.2894
15:43:19,3.2918
15:43:20,3.2918
15:43:21,3.2894
15:43:22,3.2955
15:43:23,3.2918
15:43:24,3.2894
15:43:25,3.2918
15:43:26,3.2918
15:43:27,3.2894
15:43:28,3.2882
15:43:29,3.2918
15:43:30,3.2918
15:43:31,3.2918
15:43:32,3.2894
15:43:33,3.2894
15:43:34,3.2869
15:43:36,3.2869
15:43:37,3.2943
15:43:38,3.2894
15:43:39,3.2869
15:43:40,3.2869
15:43:41,3.2918
15:43:42,3.2857
15:43:43,3.2991
15:43:44,3.2918
15:43:45,3.2906
15:43:46,3.2882
15:43:47,3.2918
15:43:48,3.293
15:43:49,3.2943
15:43:50,3.293
15:43:51,3.2918
15:43:52,3.2882
15:43:53,3.293
15:43:54,3.2869
15:43:55,3.2918
15:43:56,3.2869
15:43:57,3.2894
15:43:58,3.2894
15:43:59,3.2918
15:44:00,3.2906
15:44:01,3.2955
15:44:02,3.2918
15:44:03,3.2894
15:44:04,3.2918
15:44:05,3.2918
15:44:06,3.2967
15:44:07,3.2955
15:44:08,3.2918
15:44:09,3.2991
15:44:10,3.2979
15:44:11,3.2943
15:44:12,3.3016
15:44:13,3.3004
15:44:14,3.2967
15:44:15,3.3016
15:44:16,3.2979
15:44:17,3.2967
15:44:18,3.3053
15:44:19,3.2991
15:44:20,3.3016
15:44:21,3.3077
15:44:22,3.3016
15:44:23,3.304
15:44:24,3.304
15:44:25,3.3028
15:44:26,3.3053
15:44:27,3.3028
15:44:28,3.3028
15:44:29,3.3028
15:44:30,3.3126
15:44:31,3.3101
15:44:32,3.3077
15:44:33,3.3065
15:44:35,3.3053
15:44:36,3.3126
15:44:37,3.3077
15:44:38,3.3114
15:44:39,3.3089
15:44:40,3.3065
15:44:41,3.3114
15:44:42,3.3065
15:44:43,3.3162
15:44:44,3.3089
15:44:45,3.3053
15:44:46,3.3101
15:44:47,3.3053
15:44:48,3.3138
15:44:49,3.3089
15:44:50,3.3053
15:44:51,3.3028
15:44:52,3.3065
15:44:53,3.3065
15:44:54,3.3053
15:44:55,3.304
15:44:56,3.3089
15:44:57,3.3028
15:44:58,3.3101
15:44:59,3.3028
15:45:00,3.3065
15:45:01,3.3077
15:45:02,3.3089
15:45:03,3.3126
15:45:04,3.3077
15:45:05,3.3089
15:45:06,3.3089
15:45:07,3.3065
15:45:08,3.3114
15:45:09,3.3114
15:45:10,3.3053
15:45:11,3.3114
15:45:12,3.3126
15:45:13,3.3065
15:45:14,3.3114
15:45:15,3.3114
15:45:16,3.3101
15:45:17,3.315
15:45:18,3.3138
15:45:19,3.3089
15:45:20,3.3114
15:45:21,3.3126
15:45:22,3.3101
15:45:23,3.3065
15:45:24,3.3138
15:45:25,3.3065
15:45:26,3.3114
15:45:27,3.3089
15:45:28,3.3162
15:45:29,3.3162
15:45:30,3.3138
15:45:31,3.3089
15:45:32,3.3114
15:45:33,3.3114
15:45:34,3.3114
15:45:36,3.3114
15:45:37,3.3126
15:45:38,3.3114
15:45:39,3.3162
15:45:40,3.3138
15:45:41,3.3138
15:45:42,3.3114
15:45:43,3.3162
15:45:44,3.3138
15:45:45,3.3162
15:45:46,3.3114
15:45:47,3.3114
15:45:48,3.3138
15:45:49,3.3175
15:45:50,3.3162
15:45:51,3.3138
15:45:52,3.3162
15:45:53,3.3138
15:45:54,3.3101
15:45:55,3.3162
15:45:56,3.3138
15:45:57,3.3114
15:45:58,3.315
15:45:59,3.3126
15:46:00,3.3138
15:46:01,3.3138
15:46:02,3.3114
15:46:03,3.3114
15:46:04,3.3114
15:46:05,3.3162
15:46:06,3.3162
15:46:07,3.3114
15:46:08,3.3162
15:46:09,3.315
15:46:10,3.3162
15:46:11,3.3187
15:46:12,3.3089
15:46:13,3.3138
15:46:14,3.3114
15:46:15,3.3162
15:46:16,3.3114
15:46:17,3.3138
15:46:18,3.3211
15:46:19,3.3126
15:46:20,3.3199
15:46:21,3.3138
15:46:22,3.3126
15:46:23,3.3199
15:46:24,3.3114
15:46:25,3.3162
15:46:26,3.3175
15:46:27,3.3162
15:46:28,3.3187
15:46:29,3.3187
15:46:30,3.3138
15:46:31,3.3175
15:46:32,3.3187
15:46:33,3.3162
15:46:34,3.3187
15:46:36,3.3211
15:46:37,3.315
15:46:38,3.3199
15:46:39,3.315
15:46:40,3.3126
15:46:41,3.3162
15:46:42,3.3211
15:46:43,3.3211
15:46:44,3.3138
15:46:45,3.3187
15:46:46,3.315
15:46:47,3.3162
15:46:48,3.3187
15:46:49,3.3211
15:46:50,3.3236
15:46:51,3.3199
15:46:52,3.3162
15:46:53,3.3199
15:46:54,3.3199
15:46:55,3.3199
15:46:56,3.3187
15:46:57,3.3175
15:46:58,3.3199
15:46:59,3.3199
15:47:00,3.3248
15:47:01,3.3211
15:47:02,3.3236
15:47:03,3.3211
15:47:04,3.3236
15:47:05,3.3236
15:47:06,3.3199
15:47:07,3.3223
15:47:08,3.3211
15:47:09,3.3199
15:47:10,3.3223
15:47:11,3.3236
15:47:12,3.3199
15:47:13,3.3236
15:47:14,3.3199
15:47:15,3.3187
15:47:16,3.3236
15:47:17,3.3199
15:47:18,3.3211
15:47:19,3.3199
15:47:20,3.3175
15:47:21,3.3187
15:47:22,3.3211
15:47:23,3.3199
15:47:24,3.3223
15:47:25,3.3211
15:47:26,3.3236
15:47:27,3.3162
15:47:28,3.3211
15:47:29,3.3187
15:47:30,3.3211
15:47:31,3.3211
15:47:32,3.3199
15:47:33,3.3162
15:47:35,3.3211
15:47:36,3.3211
15:47:37,3.3223
15:47:38,3.3199
15:47:39,3.3248
15:47:40,3.3248
15:47:41,3.3211
15:47:42,3.3211
15:47:43,3.3236
15:47:44,3.3236
15:47:45,3.3211
15:47:46,3.326
15:47:47,3.3248
15:47:48,3.3248
15:47:49,3.3211
15:47:50,3.3211
15:47:51,3.3223
15:47:52,3.3211
15:47:53,3.3211
15:47:54,3.3248
15:47:55,3.3211
15:47:56,3.3223
15:47:57,3.3272
15:47:58,3.3211
15:47:59,3.3211
15:48:00,3.3248
15:48:01,3.3211
15:48:02,3.3248
15:48:03,3.3211
15:48:04,3.3187
15:48:05,3.3211
15:48:06,3.3223
15:48:07,3.3223
15:48:08,3.3211
15:48:09,3.3223
15:48:10,3.3199
15:48:11,3.3199
15:48:12,3.3211
15:48:13,3.3211
15:48:14,3.3248
15:48:15,3.3211
15:48:16,3.3211
15:48:17,3.3248
15:48:18,3.3223
15:48:19,3.3236
15:48:20,3.3223
15:48:21,3.3223
15:48:22,3.3236
15:48:23,3.3272
15:48:24,3.326
15:48:25,3.3236
15:48:26,3.326
15:48:27,3.3272
15:48:28,3.3223
15:48:29,3.3236
15:48:30,3.3284
15:48:31,3.3284
15:48:32,3.3272
15:48:33,3.3309
15:48:34,3.3297
15:48:35,3.3272
15:48:37,3.3309
15:48:38,3.3297
15:48:39,3.3309
15:48:40,3.3333
15:48:41,3.3333
15:48:42,3.3333
15:48:43,3.3284
15:48:44,3.3297
15:48:45,3.3272
15:48:46,3.3309
15:48:47,3.3333
15:48:48,3.3309
15:48:49,3.3333
15:48:50,3.3346
15:48:51,3.3309
15:48:52,3.3333
15:48:53,3.3309
15:48:54,3.3333
15:48:55,3.3333
15:48:56,3.3358
15:48:57,3.337
15:48:58,3.3346
15:48:59,3.337
15:49:00,3.3407
15:49:01,3.3382
15:49:02,3.3407
15:49:03,3.3407
15:49:04,3.3407
15:49:05,3.3394
15:49:06,3.3431
15:49:07,3.3407
15:49:08,3.3455
15:49:09,3.3455
15:49:10,3.348
15:49:11,3.3455
15:49:12,3.3455
15:49:13,3.3468
15:49:14,3.3468
15:49:15,3.3455
15:49:16,3.3468
15:49:17,3.3492
15:49:18,3.3492
15:49:19,3.3492
15:49:20,3.3541
15:49:21,3.3492
15:49:22,3.3504
15:49:23,3.3516
15:49:24,3.3504
15:49:25,3.3516
15:49:26,3.3529
15:49:27,3.3516
15:49:28,3.3529
15:49:29,3.3504
15:49:30,3.3504
15:49:31,3.3541
15:49:32,3.3541
15:49:33,3.3541
15:49:34,3.3541
15:49:35,3.3553
15:49:37,3.3553
15:49:38,3.3553
15:49:39,3.3516
15:49:40,3.3602
15:49:41,3.3578
15:49:42,3.3553
15:49:43,3.3504
15:49:44,3.3529
15:49:45,3.3529
15:49:46,3.348
15:49:47,3.3504
15:49:48,3.3504
15:49:49,3.3504
15:49:50,3.348
15:49:51,3.3504
15:49:52,3.348
15:49:53,3.3492
15:49:54,3.3468
15:49:55,3.3541
15:49:56,3.3504
15:49:57,3.3541
15:49:58,3.3529
15:49:59,3.3578
15:50:00,3.359
15:50:01,3.3626
15:50:02,3.3626
15:50:03,3.3663
15:50:04,3.3675
15:50:05,3.3675
15:50:06,3.3712
15:50:07,3.37
15:50:08,3.37
15:50:09,3.3675
15:50:10,3.37
15:50:11,3.37
15:50:12,3.3712
15:50:13,3.3761
15:50:14,3.3724
15:50:15,3.3748
15:50:16,3.3748
15:50:17,3.3761
15:50:18,3.3785
15:50:19,3.3748
15:50:20,3.3797
15:50:21,3.3785
15:50:22,3.3785
15:50:23,3.3773
15:50:24,3.3822
15:50:25,3.3748
15:50:26,3.3773
15:50:27,3.381
15:50:28,3.3822
15:50:29,3.3822
15:50:30,3.3822
15:50:31,3.3773
15:50:32,3.3773
15:50:33,3.3773
15:50:35,3.3797
15:50:36,3.3785
15:50:37,3.381
15:50:38,3.3846
15:50:39,3.3834
15:50:40,3.381
15:50:41,3.3822
15:50:42,3.3797
15:50:43,3.3797
15:50:44,3.3797
15:50:45,3.3785
15:50:46,3.3797
15:50:47,3.3834
15:50:48,3.3822
15:50:49,3.3834
15:50:50,3.3834
15:50:51,3.381
15:50:52,3.3834
15:50:53,3.3846
15:50:54,3.3834
15:50:55,3.3858
15:50:56,3.3858
15:50:57,3.381
15:50:58,3.3797
15:50:59,3.3797
15:51:00,3.3822
15:51:01,3.3761
15:51:02,3.3748
15:51:03,3.3797
15:51:04,3.3797
15:51:05,3.3797
15:51:06,3.3748
15:51:07,3.3712
15:51:08,3.3736
15:51:09,3.3724
15:51:10,3.3748
15:51:11,3.3687
15:51:12,3.3712
15:51:13,3.37
15:51:14,3.37
15:51:15,3.3761
15:51:16,3.37
15:51:17,3.3675
15:51:18,3.37
15:51:19,3.3663
15:51:20,3.3651
15:51:21,3.3663
15:51:22,3.3675
15:51:23,3.3639
15:51:24,3.37
15:51:25,3.3651
15:51:26,3.3614
15:51:27,3.3639
15:51:28,3.3626
15:51:29,3.3614
15:51:30,3.3614
15:51:31,3.3639
15:51:32,3.3663
15:51:33,3.3614
15:51:34,3.3651
15:51:36,3.3614
15:51:37,3.3639
15:51:38,3.3602
15:51:39,3.3614
15:51:40,3.3614
15:51:41,3.3614
15:51:42,3.3578
15:51:43,3.3578
15:51:44,3.3602
15:51:45,3.359
15:51:46,3.3553
15:51:47,3.359
15:51:48,3.3553
15:51:49,3.3602
15:51:50,3.359
15:51:51,3.359
15:51:52,3.3626
15:51:53,3.3639
15:51:54,3.3626
15:51:55,3.3626
15:51:56,3.3626
15:51:57,3.37
15:51:58,3.37
15:51:59,3.3675
15:52:00,3.3712
15:52:01,3.3651
15:52:02,3.37
15:52:03,3.3675
15:52:04,3.3724
15:52:05,3.3712
15:52:06,3.3712
15:52:07,3.3675
15:52:08,3.37
15:52:09,3.37
15:52:10,3.37
15:52:11,3.37
15:52:12,3.37
15:52:13,3.3614
15:52:14,3.3724
15:52:15,3.3712
15:52:16,3.37
15:52:17,3.3675
15:52:18,3.3712
15:52:19,3.37
15:52:20,3.3687
15:52:21,3.3687
15:52:22,3.37
15:52:23,3.37
15:52:24,3.3712
15:52:25,3.3663
15:52:26,3.3626
15:52:27,3.3651
15:52:28,3.3602
15:52:29,3.3639
15:52:30,3.3602
15:52:31,3.3602
15:52:32,3.3626
15:52:33,3.3675
15:52:34,3.3602
15:52:36,3.3602
15:52:37,3.3602
15:52:38,3.3602
15:52:39,3.3602
15:52:40,3.3602
15:52:41,3.3578
15:52:42,3.3602
15:52:43,3.359
15:52:44,3.3626
15:52:45,3.3626
15:52:46,3.3602
15:52:47,3.3626
15:52:48,3.3614
15:52:49,3.3639
15:52:50,3.3663
15:52:51,3.3651
15:52:52,3.3651
15:52:53,3.3687
15:52:54,3.3639
15:52:55,3.3675
15:52:56,3.3687
15:52:57,3.37
15:52:58,3.3675
15:52:59,3.3675
15:53:00,3.3663
15:53:01,3.3687
15:53:02,3.3736
15:53:03,3.3687
15:53:04,3.3712
15:53:05,3.3687
15:53:06,3.37
15:53:07,3.37
15:53:08,3.37
15:53:09,3.3724
15:53:10,3.3663
15:53:11,3.37
15:53:12,3.3748
15:53:13,3.3663
15:53:14,3.3712
15:53:15,3.3724
15:53:16,3.3687
15:53:17,3.3748
15:53:18,3.3761
15:53:19,3.37
15:53:20,3.37
15:53:21,3.3651
15:53:22,3.3651
15:53:23,3.3651
15:53:24,3.3687
15:53:25,3.3712
15:53:26,3.3651
15:53:27,3.3626
15:53:28,3.3651
15:53:29,3.3639
15:53:30,3.3614
15:53:31,3.3602
15:53:32,3.3626
15:53:33,3.3614
15:53:34,3.3602
15:53:36,3.3602
15:53:37,3.3602
15:53:38,3.3614
15:53:39,3.3602
15:53:40,3.3651
15:53:41,3.3578
15:53:42,3.3602
15:53:43,3.3614
15:53:44,3.3614
15:53:45,3.3639
15:53:46,3.3626
15:53:47,3.3675
15:53:48,3.37
15:53:49,3.3639
15:53:50,3.3712
15:53:51,3.3651
15:53:52,3.3712
15:53:53,3.3748
15:53:54,3.3651
15:53:55,3.37
15:53:56,3.3724
15:53:57,3.3687
15:53:58,3.3712
15:53:59,3.37
15:54:00,3.3675
15:54:01,3.3663
15:54:02,3.3748
15:54:03,3.3773
15:54:04,3.3736
15:54:05,3.3687
15:54:06,3.3724
15:54:07,3.3736
15:54:08,3.3773
15:54:09,3.3761
15:54:10,3.3712
15:54:11,3.37
15:54:12,3.3773
15:54:13,3.3773
15:54:14,3.3761
15:54:15,3.3785
15:54:16,3.3773
15:54:17,3.3773
15:54:18,3.3797
15:54:19,3.3785
15:54:20,3.3797
15:54:21,3.3797
15:54:22,3.3773
15:54:23,3.3785
15:54:24,3.3785
15:54:25,3.3785
15:54:26,3.3736
15:54:27,3.3773
15:54:28,3.3773
15:54:29,3.3736
15:54:30,3.3761
15:54:31,3.381
15:54:32,3.3785
15:54:33,3.3773
15:54:35,3.3748
15:54:36,3.3761
15:54:37,3.3748
15:54:38,3.3773
15:54:39,3.3761
15:54:40,3.3773
15:54:41,3.3797
15:54:42,3.3797
15:54:43,3.3724
15:54:44,3.3736
15:54:45,3.37
15:54:46,3.3773
15:54:47,3.3773
15:54:48,3.3785
15:54:49,3.3773
15:54:50,3.3724
15:54:51,3.3748
15:54:52,3.3748
15:54:53,3.3785
15:54:54,3.3687
15:54:55,3.3724
15:54:56,3.3761
15:54:57,3.3748
15:54:58,3.3761
15:54:59,3.3797
15:55:00,3.3773
15:55:01,3.3761
15:55:02,3.3797
15:55:03,3.381
15:55:04,3.3785
15:55:05,3.3797
15:55:06,3.3834
15:55:07,3.3822
15:55:08,3.3822
15:55:09,3.3785
15:55:10,3.3846
15:55:11,3.3797
15:55:12,3.3822
15:55:13,3.3797
15:55:14,3.3773
15:55:15,3.3785
15:55:16,3.3748
15:55:17,3.3773
15:55:18,3.3748
15:55:19,3.3748
15:55:20,3.3748
15:55:21,3.3712
15:55:22,3.3761
15:55:23,3.3736
15:55:24,3.3748
15:55:25,3.3724
15:55:26,3.3724
15:55:27,3.3712
15:55:28,3.3724
15:55:29,3.37
15:55:30,3.3748
15:55:31,3.3724
15:55:32,3.3724
15:55:34,3.3748
15:55:35,3.3773
15:55:36,3.3736
15:55:37,3.3748
15:55:38,3.3736
15:55:39,3.3724
15:55:40,3.3761
15:55:41,3.3724
15:55:42,3.3748
15:55:43,3.3724
15:55:44,3.3712
15:55:45,3.3687
15:55:46,3.37
15:55:47,3.3651
15:55:48,3.3651
15:55:49,3.3724
15:55:50,3.3651
15:55:51,3.3687
15:55:52,3.3687
15:55:53,3.3639
15:55:54,3.37
15:55:55,3.3663
15:55:56,3.3651
15:55:57,3.3675
15:55:58,3.3675
15:55:59,3.3639
15:56:00,3.3626
15:56:01,3.3663
15:56:02,3.3639
15:56:03,3.3614
15:56:04,3.3602
15:56:05,3.3614
15:56:06,3.3651
15:56:07,3.3602
15:56:08,3.3626
15:56:09,3.3626
15:56:10,3.3602
15:56:11,3.3626
15:56:12,3.3651
15:56:13,3.3651
15:56:14,3.3626
15:56:15,3.3614
15:56:16,3.3614
15:56:17,3.3651
15:56:18,3.3639
15:56:19,3.3578
15:56:20,3.3602
15:56:21,3.3614
15:56:22,3.3602
15:56:23,3.359
15:56:24,3.3602
15:56:25,3.3578
15:56:26,3.359
15:56:27,3.3602
15:56:28,3.3602
15:56:29,3.359
15:56:30,3.3602
15:56:31,3.3529
15:56:33,3.3639
15:56:34,3.3614
15:56:35,3.3614
15:56:36,3.3284
15:56:37,3.3614
15:56:38,2.812
15:56:39,3.359
15:56:40,3.3626
15:56:41,3.3626
15:56:42,3.3639
15:56:43,3.3602
15:56:44,3.3639
15:56:45,3.3639
15:56:46,2.6777
15:56:47,3.3651
15:56:48,3.3651
15:56:49,3.3602
15:56:50,3.3614
15:56:51,2.6947
15:56:52,2.63
15:56:53,3.3614
15:56:54,3.359
15:56:55,3.3602
15:56:56,3.3578
15:56:57,3.3553
15:56:58,3.3529
15:56:59,3.3516
15:57:00,3.3553
15:57:01,2.6618
15:57:02,2.6606
15:57:03,2.4164
15:57:04,3.3541
15:57:05,3.3504
15:57:06,3.3504
15:57:07,2.652
15:57:08,3.3504
15:57:09,3.3504
15:57:10,3.348
15:57:11,3.3443
15:57:12,2.6361
15:57:13,3.3504
15:57:14,3.3492
15:57:15,2.7607
15:57:16,3.3455
15:57:17,3.3468
15:57:18,3.3468
15:57:19,3.3431
15:57:20,3.348
15:57:21,2.6325
15:57:22,3.3468
15:57:23,3.348
15:57:24,3.3419
15:57:25,3.3468
15:57:26,3.3443
15:57:27,3.3455
15:57:28,3.348
15:57:29,3.3468
15:57:31,2.6557
15:57:32,3.3492
15:57:33,3.3455
15:57:34,2.7253
15:57:35,3.3455
15:57:36,3.348
15:57:37,2.7277
15:57:38,3.3504
15:57:39,3.3492
15:57:40,3.3504
15:57:41,3.3504
15:57:42,3.3455
15:57:43,3.3504
15:57:44,3.3504
15:57:45,3.3529
15:57:46,3.3529
15:57:47,3.3529
15:57:48,3.3529
15:57:49,3.3504
15:57:50,3.3553
15:57:51,2.6593
15:57:52,2.6471
15:57:53,3.3504
15:57:54,3.3553
15:57:55,2.6667
15:57:56,3.348
15:57:57,3.348
15:57:58,3.3504
15:57:59,3.3504
15:58:00,2.6484
15:58:01,3.3468
15:58:02,3.3455
15:58:03,2.6813
15:58:04,3.348
15:58:05,3.348
15:58:06,3.3419
15:58:07,3.3455
15:58:08,2.7057
15:58:09,3.3419
15:58:10,3.3504
15:58:11,3.3431
15:58:12,3.3468
15:58:13,3.3455
15:58:14,3.3443
15:58:15,3.3431
15:58:16,2.6361
15:58:17,3.3443
15:58:18,2.674
15:58:19,3.3419
15:58:20,3.3455
15:58:21,3.3419
15:58:22,3.3455
15:58:23,3.3431
15:58:24,3.3443
15:58:25,2.8669
15:58:26,3.3419
15:58:27,2.5653
15:58:28,3.3431
15:58:30,3.3468
15:58:31,3.3443
15:58:32,3.3443
15:58:33,3.3407
15:58:34,3.3431
15:58:35,3.3455
15:58:36,3.3419
15:58:37,3.3455
15:58:38,3.3431
15:58:39,3.3455
15:58:40,3.3431
15:58:41,3.3431
15:58:42,3.3419
15:58:43,3.3419
15:58:44,3.3455
15:58:45,3.3407
15:58:46,3.3443
15:58:47,3.3431
15:58:48,3.3468
15:58:49,3.3443
15:58:50,3.3431
15:58:51,3.3455
15:58:52,3.3443
15:58:53,3.3468
15:58:54,3.3455
15:58:55,3.3455
15:58:56,3.3455
15:58:57,3.3407
15:58:58,3.3431
15:58:59,3.3443
15:59:00,3.3468
15:59:01,3.3468
15:59:02,3.348
15:59:03,3.348
15:59:04,3.3407
15:59:05,3.3468
15:59:06,3.3443
15:59:07,3.3443
15:59:08,3.3468
15:59:09,3.3455
15:59:10,3.3455
15:59:11,3.3443
15:59:12,3.348
15:59:13,3.3504
15:59:14,3.3492
15:59:15,3.3516
15:59:16,3.3529
15:59:17,3.3529
15:59:18,3.3529
15:59:19,3.3529
15:59:20,3.3529
15:59:21,3.3504
15:59:22,3.3504
15:59:23,3.3504
15:59:24,3.3504
15:59:25,3.3504
15:59:26,3.3504
15:59:27,3.3455
15:59:28,3.3468
15:59:29,3.3504
15:59:31,3.348
15:59:32,3.3529
15:59:33,3.3492
15:59:34,3.3504
15:59:35,3.348
15:59:36,3.348
15:59:37,3.3443
15:59:38,3.3504
15:59:39,3.3516
15:59:40,3.3455
15:59:41,3.3504
15:59:42,3.3492
15:59:43,3.3468
15:59:44,3.348
15:59:45,3.3529
15:59:46,3.3455
15:59:47,3.3492
15:59:48,3.3541
15:59:49,3.3504
15:59:50,3.3529
15:59:51,3.3516
15:59:52,3.3504
15:59:53,3.3529
15:59:54,3.3504
15:59:55,3.3516
15:59:56,3.3504
15:59:57,3.3529
15:59:58,3.3504
15:59:59,3.3553
16:00:00,3.3504
16:00:01,3.3529
16:00:02,3.3529
16:00:03,3.3541
16:00:04,3.3578
16:00:05,3.3553
16:00:06,3.359
16:00:07,3.3578
16:00:08,3.3578
16:00:09,3.3578
16:00:10,3.3602
16:00:11,3.3578
16:00:12,3.2295
16:00:13,3.2479
16:00:14,3.2747
16:00:15,3.304
16:00:16,3.3346
16:00:17,2.6203
16:00:18,3.3639
16:00:19,3.3651
16:00:20,3.359
16:00:21,3.3236
16:00:22,3.3639
16:00:23,3.3602
16:00:24,3.3602
16:00:25,3.3602
16:00:26,3.3565
16:00:27,3.3626
16:00:28,3.3578
16:00:29,3.359
16:00:31,3.3553
16:00:32,3.3516
16:00:33,3.3529
16:00:34,3.3553
16:00:35,3.3529
16:00:36,3.3602
16:00:37,3.3516
16:00:38,3.3553
16:00:39,3.3492
16:00:40,3.3504
16:00:41,3.3492
16:00:42,3.3504
16:00:43,3.3492
16:00:44,3.3504
16:00:45,3.348
16:00:46,3.348
16:00:47,3.348
16:00:48,3.3468
16:00:49,3.3455
16:00:50,3.3492
16:00:51,3.3504
16:00:52,3.3553
16:00:53,3.348
16:00:54,3.3492
16:00:55,3.3492
16:00:56,3.3492
16:00:57,3.3468
16:00:58,3.3565
16:00:59,3.3492
16:01:00,3.3492
16:01:01,3.3541
16:01:02,3.359
16:01:03,3.3529
16:01:04,3.3553
16:01:05,3.3516
16:01:06,3.3541
16:01:07,3.3553
16:01:08,3.3553
16:01:09,3.3578
16:01:10,3.3504
16:01:11,3.3602
16:01:12,3.3541
16:01:13,3.3516
16:01:14,3.3578
16:01:15,3.3553
16:01:16,3.3504
16:01:17,3.3516
16:01:18,3.3529
16:01:19,3.3541
16:01:20,3.3529
16:01:21,3.3504
16:01:22,3.3443
16:01:23,3.3468
16:01:24,3.3407
16:01:25,3.3431
16:01:26,3.3419
16:01:27,3.3455
16:01:28,3.3443
16:01:29,3.3443
16:01:31,3.348
16:01:32,3.3455
16:01:33,3.3492
16:01:34,3.3455
16:01:35,3.3504
16:01:36,3.3419
16:01:37,3.3455
16:01:38,3.3455
16:01:39,3.3407
16:01:40,3.3455
16:01:41,3.3504
16:01:42,3.3407
16:01:43,3.3431
16:01:44,3.348
16:01:45,3.3492
16:01:46,3.3516
16:01:47,3.3504
16:01:48,3.348
16:01:49,3.348
16:01:50,3.3504
16:01:51,3.3504
16:01:52,3.3504
16:01:53,3.3504
16:01:54,3.3516
16:01:55,3.3455
16:01:56,3.3492
16:01:57,3.3529
16:01:58,3.3455
16:01:59,3.348
16:02:00,3.3455
16:02:01,3.3455
16:02:02,3.348
16:02:03,3.3455
16:02:04,3.3455
16:02:05,3.3443
16:02:06,3.3541
16:02:07,3.3407
16:02:08,3.3443
16:02:09,3.3407
16:02:10,3.3419
16:02:11,3.3358
16:02:12,3.3443
16:02:13,3.3382
16:02:14,3.3407
16:02:15,3.3407
16:02:16,3.3382
16:02:17,3.3407
16:02:18,3.3358
16:02:19,3.3407
16:02:20,3.3419
16:02:21,3.3358
16:02:22,3.3407
16:02:23,3.337
16:02:24,3.3419
16:02:25,3.3358
16:02:26,3.3394
16:02:27,3.3333
16:02:28,3.337
16:02:29,3.3358
16:02:31,3.3358
16:02:32,3.3358
16:02:33,3.3358
16:02:34,3.337
16:02:35,3.3358
16:02:36,3.3358
16:02:37,3.3382
16:02:38,3.3321
16:02:39,3.3382
16:02:40,3.3382
16:02:41,3.3358
16:02:42,3.3358
16:02:43,3.3358
16:02:44,3.3382
16:02:45,3.3346
16:02:46,3.3358
16:02:47,3.3346
16:02:48,3.3333
16:02:49,3.337
16:02:50,3.3346
16:02:51,3.3346
16:02:52,3.3309
16:02:53,3.3309
16:02:54,3.3358
16:02:55,3.3309
16:02:56,3.3309
16:02:57,3.3358
16:02:58,3.3309
16:02:59,3.3297
16:03:00,3.3333
16:03:01,3.3309
16:03:02,3.3309
16:03:03,3.3382
16:03:04,3.3309
16:03:05,3.3321
16:03:06,3.3358
16:03:07,3.3333
16:03:08,3.3321
16:03:09,3.3394
16:03:10,3.3382
16:03:11,3.3321
16:03:12,3.337
16:03:13,3.3358
16:03:14,3.3358
16:03:15,3.3358
16:03:16,3.3358
16:03:17,3.3419
16:03:18,3.3358
16:03:19,3.3358
16:03:20,3.3407
16:03:21,3.3333
16:03:22,3.3394
16:03:23,3.3407
16:03:24,3.3309
16:03:25,3.337
16:03:26,3.3358
16:03:27,3.3358
16:03:28,3.3346
16:03:29,3.3358
16:03:30,3.3309
16:03:32,3.3333
16:03:33,3.3358
16:03:34,3.3382
16:03:35,3.3358
16:03:36,3.3382
16:03:37,3.3333
16:03:38,3.3358
16:03:39,3.3358
16:03:40,3.3358
16:03:41,3.3321
16:03:42,3.3358
16:03:43,3.3309
16:03:44,3.337
16:03:45,3.3382
16:03:46,3.3321
16:03:47,3.3346
16:03:48,3.3346
16:03:49,3.3346
16:03:50,3.3309
16:03:51,3.3297
16:03:52,3.3297
16:03:53,3.3309
16:03:54,3.3284
16:03:55,3.3321
16:03:56,3.3272
16:03:57,3.3272
16:03:58,3.3321
16:03:59,3.3309
16:04:00,3.3309
16:04:01,3.3346
16:04:02,3.3284
16:04:03,3.3309
16:04:04,3.3321
16:04:05,3.3297
16:04:06,3.3284
16:04:07,3.3333
16:04:08,3.3284
16:04:09,3.3321
16:04:10,3.3309
16:04:11,3.3333
16:04:12,3.3272
16:04:13,3.3333
16:04:14,3.3321
16:04:15,3.3309
16:04:16,3.3309
16:04:17,3.3333
16:04:18,3.3284
16:04:19,3.3333
16:04:20,3.3358
16:04:21,3.326
16:04:22,3.3272
16:04:23,3.3358
16:04:24,3.3309
16:04:25,3.3297
16:04:26,3.3248
16:04:27,3.3297
16:04:28,3.3284
16:04:29,3.3321
16:04:30,3.3321
16:04:32,3.3297
16:04:33,3.3297
16:04:34,3.3309
16:04:35,3.3333
16:04:36,3.3284
16:04:37,3.3284
16:04:38,3.3309
16:04:39,3.3321
16:04:40,3.3272
16:04:41,3.326
16:04:42,3.3211
16:04:43,3.3236
16:04:44,3.3284
16:04:45,3.3223
16:04:46,3.326
16:04:47,3.3248
16:04:48,3.3211
16:04:49,3.326
16:04:50,3.3211
16:04:51,3.3199
16:04:52,3.3223
16:04:53,3.3175
16:04:54,3.3211
16:04:55,3.3211
16:04:56,3.3187
16:04:57,3.3162
16:04:58,3.3162
16:04:59,3.3223
16:05:00,3.315
16:05:01,3.315
16:05:02,3.326
16:05:03,3.3138
16:05:04,3.3187
16:05:05,3.3199
16:05:06,3.3199
16:05:07,3.3211
16:05:08,3.3162
16:05:09,3.3175
16:05:10,3.3162
16:05:11,3.3211
16:05:12,3.3162
16:05:13,3.3199
16:05:14,3.3211
16:05:15,3.3199
16:05:16,3.3211
16:05:17,3.3175
16:05:18,3.3211
16:05:19,3.3236
16:05:20,3.3199
16:05:21,3.3199
16:05:22,3.3211
16:05:23,3.3248
16:05:24,3.3211
16:05:25,3.3236
16:05:26,3.3162
16:05:27,3.3187
16:05:28,3.3199
16:05:29,3.3211
16:05:31,3.315
16:05:32,3.315
16:05:33,3.3162
16:05:34,3.3175
16:05:35,3.3138
16:05:36,3.3138
16:05:37,3.3175
16:05:38,3.315
16:05:39,3.3162
16:05:40,3.3175
16:05:41,3.3138
16:05:42,3.3126
16:05:43,3.3138
16:05:44,3.3138
16:05:45,3.3114
16:05:46,3.3138
16:05:47,3.315
16:05:48,3.3089
16:05:49,3.3126
16:05:50,3.3114
16:05:51,3.3114
16:05:52,3.3126
16:05:53,3.3114
16:05:54,3.3126
16:05:55,3.3101
16:05:56,3.3114
16:05:57,3.3114
16:05:58,3.3114
16:05:59,3.3126
16:06:00,3.3114
16:06:01,3.3101
16:06:02,3.3138
16:06:03,3.315
16:06:04,3.3101
16:06:05,3.3114
16:06:06,3.3114
16:06:07,3.3114
16:06:08,3.3114
16:06:09,3.3114
16:06:10,3.3175
16:06:11,3.315
16:06:12,3.3114
16:06:13,3.3138
16:06:14,3.3138
16:06:15,3.3162
16:06:16,3.3175
16:06:17,3.3114
16:06:18,3.3175
16:06:19,3.3101
16:06:20,3.3126
16:06:21,3.3162
16:06:22,3.3126
16:06:23,3.3114
16:06:24,3.3162
16:06:25,3.3211
16:06:26,3.3187
16:06:27,3.3175
16:06:28,3.3211
16:06:29,3.3199
16:06:30,3.3175
16:06:32,3.3138
16:06:33,3.3199
16:06:34,3.315
16:06:35,3.3199
16:06:36,3.3175
16:06:37,3.3138
16:06:38,3.3138
16:06:39,3.3187
16:06:40,3.3162
16:06:41,3.3162
16:06:42,3.3223
16:06:43,3.3162
16:06:44,3.3211
16:06:45,3.315
16:06:46,3.3138
16:06:47,3.3162
16:06:48,3.3138
16:06:49,3.315
16:06:50,3.3175
16:06:51,3.3187
16:06:52,3.315
16:06:53,3.3175
16:06:54,3.3162
16:06:55,3.3175
16:06:56,3.3162
16:06:57,3.315
16:06:58,3.3114
16:06:59,3.3138
16:07:00,3.3138
16:07:01,3.3162
16:07:02,3.3162
16:07:03,3.3162
16:07:04,3.3114
16:07:05,3.3187
16:07:06,3.3187
16:07:07,3.315
16:07:08,3.3211
16:07:09,3.3211
16:07:10,3.3138
16:07:11,3.3199
16:07:12,3.3199
16:07:13,3.3162
16:07:14,3.3187
16:07:15,3.315
16:07:16,3.3175
16:07:17,3.3162
16:07:18,3.3175
16:07:19,3.315
16:07:20,3.3175
16:07:21,3.3175
16:07:22,3.3187
16:07:23,3.3114
16:07:24,3.3162
16:07:25,3.3162
16:07:26,3.3175
16:07:27,3.3199
16:07:28,3.3199
16:07:29,3.3223
16:07:30,3.3187
16:07:32,3.3175
16:07:33,3.3211
16:07:34,3.315
16:07:35,3.3236
16:07:36,3.3187
16:07:37,3.3162
16:07:38,3.3211
16:07:39,3.3162
16:07:40,3.3162
16:07:41,3.3175
16:07:42,3.3175
16:07:43,3.3187
16:07:44,3.3162
16:07:45,3.3162
16:07:46,3.3162
16:07:47,3.3138
16:07:48,3.3211
16:07:49,3.3175
16:07:50,3.3211
16:07:51,3.3211
16:07:52,3.3211
16:07:53,3.3211
16:07:54,3.3175
16:07:55,3.3187
16:07:56,3.3162
16:07:57,3.3187
16:07:58,3.3211
16:07:59,3.3211
16:08:00,3.3211
16:08:01,3.3187
16:08:02,3.3236
16:08:03,3.3223
16:08:04,3.3248
16:08:05,3.3248
16:08:06,3.3236
16:08:07,3.326
16:08:08,3.3236
16:08:09,3.3175
16:08:10,3.3211
16:08:11,3.3211
16:08:12,3.3211
16:08:13,3.326
16:08:14,3.3211
16:08:15,3.3211
16:08:16,3.3211
16:08:17,3.3187
16:08:18,3.326
16:08:19,3.3284
16:08:20,3.326
16:08:21,3.3236
16:08:22,3.3248
16:08:23,3.3211
16:08:24,3.3223
16:08:25,3.3211
16:08:26,3.326
16:08:27,3.326
16:08:28,3.3236
16:08:29,3.3211
16:08:31,3.326
16:08:32,3.3272
16:08:33,3.326
16:08:34,3.3236
16:08:35,3.326
16:08:36,3.3284
16:08:37,3.326
16:08:38,3.3223
16:08:39,3.326
16:08:40,3.3236
16:08:41,3.3211
16:08:42,3.3236
16:08:43,3.3236
16:08:44,3.3248
16:08:45,3.3211
16:08:46,3.3223
16:08:47,3.3211
16:08:48,3.326
16:08:49,3.3236
16:08:50,3.3211
16:08:51,3.3284
16:08:52,3.3211
16:08:53,3.326
16:08:54,3.326
16:08:55,3.3236
16:08:56,3.3248
16:08:57,3.3284
16:08:58,3.326
16:08:59,3.3236
16:09:00,3.3297
16:09:01,3.3248
16:09:02,3.3272
16:09:03,3.3272
16:09:04,3.3309
16:09:05,3.3333
16:09:06,3.3272
16:09:07,3.3321
16:09:08,3.3321
16:09:09,3.3297
16:09:10,3.3309
16:09:11,3.3333
16:09:12,3.3284
16:09:13,3.3309
16:09:14,3.3309
16:09:15,3.3333
16:09:16,3.3309
16:09:17,3.3284
16:09:18,3.3309
16:09:19,3.3321
16:09:20,3.3309
16:09:21,3.3284
16:09:22,3.3321
16:09:23,3.3321
16:09:24,3.3297
16:09:25,3.3358
16:09:26,3.3358
16:09:27,3.3346
16:09:28,3.3382
16:09:29,3.3358
16:09:31,3.3382
16:09:32,3.3333
16:09:33,3.3333
16:09:34,3.3382
16:09:35,3.3358
16:09:36,3.3394
16:09:37,3.3394
16:09:38,3.3419
16:09:39,3.3431
16:09:40,3.3407
16:09:41,3.3407
16:09:42,3.3419
16:09:43,3.3407
16:09:44,3.3419
16:09:45,3.3407
16:09:46,3.337
16:09:47,3.3431
16:09:48,3.3382
16:09:49,3.3394
16:09:50,3.3431
16:09:51,3.3407
16:09:52,3.3419
16:09:53,3.3407
16:09:54,3.3468
16:09:55,3.3492
16:09:56,3.3455
16:09:57,3.3431
16:09:58,3.3443
16:09:59,3.3431
16:10:00,3.3455
16:10:01,3.3455
16:10:02,3.3455
16:10:03,3.348
16:10:04,3.3455
16:10:05,3.3419
16:10:06,3.3431
16:10:07,3.3407
16:10:08,3.3443
16:10:09,3.3407
16:10:10,3.3394
16:10:11,3.3382
16:10:12,3.3407
16:10:13,3.3407
16:10:14,3.3358
16:10:15,3.3407
16:10:16,3.3394
16:10:17,3.3407
16:10:18,3.3407
16:10:19,3.3407
16:10:20,3.3419
16:10:21,3.3431
16:10:22,3.3431
16:10:23,3.3407
16:10:24,3.3407
16:10:25,3.3455
16:10:26,3.3407
16:10:27,3.3419
16:10:28,3.3407
16:10:29,3.3419
16:10:31,3.3443
16:10:32,3.3443
16:10:33,3.3407
16:10:34,3.3407
16:10:35,3.337
16:10:36,3.3407
16:10:37,3.3358
16:10:38,3.3321
16:10:39,3.337
16:10:40,3.3358
16:10:41,3.3321
16:10:42,3.3309
16:10:43,3.3309
16:10:44,3.3358
16:10:45,3.3358
16:10:46,3.3358
16:10:47,3.3333
16:10:48,3.3321
16:10:49,3.3321
16:10:50,3.337
16:10:51,3.3309
16:10:52,3.3346
16:10:53,3.3321
16:10:54,3.3346
16:10:55,3.3333
16:10:56,3.3272
16:10:57,3.3309
16:10:58,3.3309
16:10:59,3.3284
16:11:00,3.3284
16:11:01,3.3309
16:11:02,3.3346
16:11:03,3.3333
16:11:04,3.3309
16:11:05,3.3309
16:11:06,3.3333
16:11:07,3.3309
16:11:08,3.3333
16:11:09,3.3297
16:11:10,3.3346
16:11:11,3.3346
16:11:12,3.3309
16:11:13,3.3297
16:11:14,3.3358
16:11:15,3.3333
16:11:16,3.3284
16:11:17,3.3321
16:11:18,3.3309
16:11:19,3.3309
16:11:20,3.3284
16:11:21,3.3309
16:11:22,3.3309
16:11:23,3.3284
16:11:24,3.3309
16:11:25,3.3272
16:11:26,3.3309
16:11:27,3.3309
16:11:28,3.3223
16:11:29,3.3284
16:11:30,3.326
16:11:31,3.326
16:11:33,3.326
16:11:34,3.3284
16:11:35,3.3284
16:11:36,3.3309
16:11:37,3.3284
16:11:38,3.3297
16:11:39,3.3284
16:11:40,3.3309
16:11:41,3.3297
16:11:42,3.3333
16:11:43,3.3309
16:11:44,3.3346
16:11:45,3.3248
16:11:46,3.3297
16:11:47,3.3309
16:11:48,3.3309
16:11:49,3.3358
16:11:50,3.3309
16:11:51,3.3297
16:11:52,3.3309
16:11:53,3.3284
16:11:54,3.3309
16:11:55,3.3333
16:11:56,3.3333
16:11:57,3.3333
16:11:58,3.3346
16:11:59,3.3333
16:12:00,3.3333
16:12:01,3.3321
16:12:02,3.3309
16:12:03,3.3321
16:12:04,3.3333
16:12:05,3.337
16:12:06,3.3309
16:12:07,3.337
16:12:08,3.3346
16:12:09,3.3321
16:12:10,3.3309
16:12:11,3.3309
16:12:12,3.3309
16:12:13,3.3333
16:12:14,3.3346
16:12:15,3.3358
16:12:16,3.3358
16:12:17,3.3358
16:12:18,3.3358
16:12:19,3.3358
16:12:20,3.3382
16:12:21,3.3358
16:12:22,3.3333
16:12:23,3.3358
16:12:24,3.3382
16:12:25,3.3382
16:12:26,3.3394
16:12:27,3.3407
16:12:28,3.3382
16:12:29,3.3382
16:12:31,3.3394
16:12:32,3.3394
16:12:33,3.3407
16:12:34,3.3419
16:12:35,3.3443
16:12:36,3.3407
16:12:37,3.3407
16:12:38,3.3407
16:12:39,3.3407
16:12:40,3.3443
16:12:41,3.3394
16:12:42,3.3419
16:12:43,3.3431
16:12:44,3.3431
16:12:45,3.3382
16:12:46,3.3443
16:12:47,3.3407
16:12:48,3.3394
16:12:49,3.3431
16:12:50,3.3455
16:12:51,3.3455
16:12:52,3.3407
16:12:53,3.3468
16:12:54,3.3492
16:12:55,3.3504
16:12:56,3.348
16:12:57,3.348
16:12:58,3.3419
16:12:59,3.3455
16:13:00,3.348
16:13:01,3.3504
16:13:02,3.3455
16:13:03,3.3443
16:13:04,3.3468
16:13:05,3.348
16:13:06,3.3504
16:13:07,3.3504
16:13:08,3.3504
16:13:09,3.3504
16:13:10,3.3516
16:13:11,3.3529
16:13:12,3.3504
16:13:13,3.3529
16:13:14,3.3504
16:13:15,3.3455
16:13:16,3.3504
16:13:17,3.3529
16:13:18,3.3504
16:13:19,3.3504
16:13:20,3.3504
16:13:21,3.3504
16:13:22,3.3468
16:13:23,3.3504
16:13:24,3.3516
16:13:25,3.3492
16:13:26,3.348
16:13:27,3.3455
16:13:28,3.3516
16:13:29,3.3455
16:13:31,3.3455
16:13:32,3.348
16:13:33,3.348
16:13:34,3.3455
16:13:35,3.348
16:13:36,3.3455
16:13:37,3.3468
16:13:38,3.3504
16:13:39,3.3504
16:13:40,3.3504
16:13:41,3.3516
16:13:42,3.3504
16:13:43,3.3504
16:13:44,3.3541
16:13:45,3.3553
16:13:46,3.3529
16:13:47,3.3504
16:13:48,3.3565
16:13:49,3.3504
16:13:50,3.3553
16:13:51,3.3553
16:13:52,3.3578
16:13:53,3.3541
16:13:54,3.3602
16:13:55,3.3602
16:13:56,3.3553
16:13:57,3.3578
16:13:58,3.3602
16:13:59,3.3602
16:14:00,3.3614
16:14:01,3.3602
16:14:02,3.3663
16:14:03,3.3639
16:14:04,3.3651
16:14:05,3.3626
16:14:06,3.3651
16:14:07,3.3639
16:14:08,3.3675
16:14:09,3.3651
16:14:10,3.3651
16:14:11,3.37
16:14:12,3.3626
16:14:13,3.3675
16:14:14,3.3663
16:14:15,3.3626
16:14:16,3.3614
16:14:17,3.3626
16:14:18,3.3602
16:14:19,3.3639
16:14:20,3.3687
16:14:21,3.3626
16:14:22,3.3602
16:14:23,3.3651
16:14:24,3.3712
16:14:25,3.3663
16:14:26,3.3651
16:14:27,3.3639
16:14:28,3.3602
16:14:29,3.3675
16:14:31,3.3651
16:14:32,3.3651
16:14:33,3.37
16:14:34,3.3651
16:14:35,3.37
16:14:36,3.3687
16:14:37,3.37
16:14:38,3.3724
16:14:39,3.37
16:14:40,3.37
16:14:41,3.3748
16:14:42,3.3736
16:14:43,3.3748
16:14:44,3.3785
16:14:45,3.3736
16:14:46,3.37
16:14:47,3.3736
16:14:48,3.3761
16:14:49,3.3736
16:14:50,3.3724
16:14:51,3.37
16:14:52,3.37
16:14:53,3.3785
16:14:54,3.3748
16:14:55,3.3736
16:14:56,3.3748
16:14:57,3.3724
16:14:58,3.3663
16:14:59,3.3724
16:15:00,3.3687
16:15:01,3.3675
16:15:02,3.37
16:15:03,3.3651
16:15:04,3.3663
16:15:05,3.37
16:15:06,3.3712
16:15:07,3.3712
16:15:08,3.3626
16:15:09,3.3675
16:15:10,3.3687
16:15:11,3.3663
16:15:12,3.3602
16:15:13,3.3626
16:15:14,3.3675
16:15:15,3.3639
16:15:16,3.3639
16:15:17,3.3651
16:15:18,3.3602
16:15:19,3.3663
16:15:20,3.3602
16:15:21,3.3651
16:15:22,3.3675
16:15:23,3.3675
16:15:24,3.3663
16:15:25,3.3602
16:15:26,3.3663
16:15:27,3.3651
16:15:28,3.3602
16:15:29,3.3626
16:15:30,3.3639
16:15:32,3.3614
16:15:33,3.3626
16:15:34,3.3602
16:15:35,3.3602
16:15:36,3.3614
16:15:37,3.3602
16:15:38,3.3614
16:15:39,3.3602
16:15:40,3.3602
16:15:41,3.3626
16:15:42,3.3614
16:15:43,3.3602
16:15:44,3.3602
16:15:45,3.3602
16:15:46,3.3602
16:15:47,3.359
16:15:48,3.359
16:15:49,3.3553
16:15:50,3.3541
16:15:51,3.3529
16:15:52,3.3529
16:15:53,3.3492
16:15:54,3.3553
16:15:55,3.3529
16:15:56,3.3504
16:15:57,3.3516
16:15:58,3.3529
16:15:59,3.3529
16:16:00,3.3492
16:16:01,3.3553
16:16:02,3.3553
16:16:03,3.3553
16:16:04,3.3541
16:16:05,3.3516
16:16:06,3.3553
16:16:07,3.3553
16:16:08,3.3602
16:16:09,3.3602
16:16:10,3.3602
16:16:11,3.359
16:16:12,3.3553
16:16:13,3.3602
16:16:14,3.3602
16:16:15,3.3602
16:16:16,3.3626
16:16:17,3.3614
16:16:18,3.3614
16:16:19,3.3639
16:16:20,3.3651
16:16:21,3.3639
16:16:22,3.3651
16:16:23,3.3602
16:16:24,3.3687
16:16:25,3.3687
16:16:26,3.3687
16:16:27,3.37
16:16:28,3.3675
16:16:29,3.3687
16:16:30,3.3687
16:16:32,3.3675
16:16:33,3.3675
16:16:34,3.3712
16:16:35,3.37
16:16:36,3.3675
16:16:37,3.3736
16:16:38,3.37
16:16:39,3.37
16:16:40,3.3675
16:16:41,3.3724
16:16:42,3.3724
16:16:43,3.3748
16:16:44,3.3748
16:16:45,3.3761
16:16:46,3.3773
16:16:47,3.3797
16:16:48,3.3761
16:16:49,3.3822
16:16:50,3.3822
16:16:51,3.3797
16:16:52,3.381
16:16:53,3.3834
16:16:54,3.3822
16:16:55,3.3871
16:16:56,3.3919
16:16:57,3.3919
16:16:58,3.3895
16:16:59,3.3968
16:17:00,3.3944
16:17:01,3.3932
16:17:02,3.3944
16:17:03,3.3968
16:17:04,3.3968
16:17:05,3.3993
16:17:06,3.4017
16:17:07,3.3932
16:17:08,3.3944
16:17:09,3.3993
16:17:10,3.3993
16:17:11,3.3956
16:17:12,3.3993
16:17:13,3.4017
16:17:14,3.3944
16:17:15,3.3993
16:17:16,3.3993
16:17:17,3.4005
16:17:18,3.398
16:17:19,3.4017
16:17:20,3.4042
16:17:21,3.398
16:17:22,3.398
16:17:23,3.4029
16:17:24,3.3993
16:17:25,3.4005
16:17:26,3.4005
16:17:27,3.4029
16:17:28,3.4005
16:17:29,3.4005
16:17:30,3.4017
16:17:32,3.4054
16:17:33,3.4029
16:17:34,3.4029
16:17:35,3.4017
16:17:36,3.3993
16:17:37,3.4017
16:17:38,3.4005
16:17:39,3.4017
16:17:40,3.4054
16:17:41,3.4042
16:17:42,3.4042
16:17:43,3.4066
16:17:44,3.409
16:17:45,3.4005
16:17:46,3.4042
16:17:47,3.4054
16:17:48,3.4017
16:17:49,3.4042
16:17:50,3.409
16:17:51,3.4005
16:17:52,3.4017
16:17:53,3.4017
16:17:54,3.3993
16:17:55,3.4066
16:17:56,3.3968
16:17:57,3.3993
16:17:58,3.4042
16:17:59,3.4017
16:18:00,3.3993
16:18:01,3.4127
16:18:02,3.4115
16:18:03,3.4066
16:18:04,3.4054
16:18:05,3.4103
16:18:06,3.4005
16:18:07,3.4042
16:18:08,3.4054
16:18:09,3.4115
16:18:10,3.409
16:18:11,3.4042
16:18:12,3.409
16:18:13,3.4127
16:18:14,3.4115
16:18:15,3.4042
16:18:16,3.4103
16:18:17,3.4066
16:18:18,3.4042
16:18:19,3.4066
16:18:20,3.4103
16:18:21,3.4054
16:18:22,3.4103
16:18:23,3.4078
16:18:24,3.4078
16:18:25,3.4188
16:18:26,3.4115
16:18:27,3.4103
16:18:28,3.42
16:18:29,3.4139
16:18:30,3.2833
16:18:31,3.4237
16:18:33,3.4188
16:18:34,3.4151
16:18:35,3.4176
16:18:36,3.4237
16:18:37,3.4212
16:18:38,3.4188
16:18:39,3.4164
16:18:40,3.4139
16:18:41,3.4237
16:18:42,3.4225
16:18:43,3.4188
16:18:44,3.4176
16:18:45,3.4188
16:18:46,3.4188
16:18:47,2.8413
16:18:48,2.6911
16:18:49,3.4188
16:18:50,3.4237
16:18:51,3.4212
16:18:52,3.42
16:18:53,3.4212
16:18:54,3.4261
16:18:55,3.4237
16:18:56,3.4237
16:18:57,3.4225
16:18:58,3.431
16:18:59,3.4286
16:19:00,3.4286
16:19:01,3.4298
16:19:02,3.4335
16:19:03,3.4298
16:19:04,3.4298
16:19:05,3.4286
16:19:06,3.4298
16:19:07,3.4347
16:19:08,3.4335
16:19:09,3.4335
16:19:10,3.4347
16:19:11,3.4371
16:19:12,3.4383
16:19:13,2.8217
16:19:14,3.4408
16:19:15,3.4359
16:19:16,2.8352
16:19:17,2.823
16:19:18,3.4383
16:19:19,3.4383
16:19:20,3.4383
16:19:21,3.4335
16:19:22,3.4335
16:19:23,3.4347
16:19:24,3.4298
16:19:25,3.431
16:19:26,2.7839
16:19:27,3.431
16:19:28,3.4249
16:19:29,3.4249
16:19:30,3.4261
16:19:31,3.4249
16:19:32,2.7937
16:19:33,3.4225
16:19:35,3.42
16:19:36,3.4212
16:19:37,3.4176
16:19:38,3.4188
16:19:39,3.4188
16:19:40,3.4115
16:19:41,2.801
16:19:42,3.4127
16:19:43,3.4139
16:19:44,2.7619
16:19:45,2.7741
16:19:46,3.4017
16:19:47,3.4103
16:19:48,3.4066
16:19:49,3.4054
16:19:50,2.8413
16:19:51,3.4066
16:19:52,3.409
16:19:53,3.3993
16:19:54,3.4017
16:19:55,3.4042
16:19:56,2.7228
16:19:57,3.4017
16:19:58,3.4042
16:19:59,3.4005
16:20:00,3.4042
16:20:01,3.3993
16:20:02,3.4029
16:20:03,3.4066
16:20:04,3.4005
16:20:05,3.4066
16:20:06,2.6642
16:20:07,3.4042
16:20:08,3.4042
16:20:09,2.768
16:20:10,3.4042
16:20:11,3.398
16:20:12,3.3993
16:20:13,3.3956
16:20:14,3.3602
16:20:15,3.3968
16:20:16,3.3895
16:20:17,3.3919
16:20:18,3.3895
16:20:19,2.6471
16:20:20,2.6593
16:20:21,3.3797
16:20:22,3.1807
16:20:23,2.6789
16:20:24,3.2857
16:20:25,3.3309
16:20:26,3.3626
16:20:27,3.37
16:20:28,3.3797
16:20:29,2.7534
16:20:30,2.7753
16:20:31,3.37
16:20:32,3.3687
16:20:33,3.37
16:20:35,3.37
16:20:36,3.3663
16:20:37,3.3651
16:20:38,3.3614
16:20:39,3.37
16:20:40,3.37
16:20:41,3.3651
16:20:42,3.3651
16:20:43,3.3614
16:20:44,3.3626
16:20:45,3.3626
16:20:46,3.3639
16:20:47,3.3602
16:20:48,3.3614
16:20:49,3.3626
16:20:50,3.3614
16:20:51,3.3602
16:20:52,3.3626
16:20:53,3.3602
16:20:54,3.3553
16:20:55,3.359
16:20:56,3.359
16:20:57,3.3578
16:20:58,3.359
16:20:59,3.3529
16:21:00,3.3516
16:21:01,3.3516
16:21:02,3.3565
16:21:03,3.3565
16:21:04,3.3565
16:21:05,3.3541
16:21:06,3.3516
16:21:07,3.3504
16:21:08,3.3516
16:21:09,3.3529
16:21:10,3.3553
16:21:11,3.3541
16:21:12,3.3553
16:21:13,3.3516
16:21:14,3.3553
16:21:15,3.3553
16:21:16,3.3602
16:21:17,3.3614
16:21:18,3.3651
16:21:19,3.3651
16:21:20,3.3602
16:21:21,3.3602
16:21:22,3.3748
16:21:23,3.3639
16:21:24,3.3639
16:21:25,3.3651
16:21:26,3.3614
16:21:27,3.3602
16:21:28,3.3651
16:21:29,3.3651
16:21:30,3.3626
16:21:31,3.3675
16:21:32,3.37
16:21:33,3.3675
16:21:35,3.3687
16:21:36,3.3651
16:21:37,3.3639
16:21:38,3.3651
16:21:39,3.3626
16:21:40,3.3614
16:21:41,3.3639
16:21:42,3.3602
16:21:43,3.3602
16:21:44,3.3614
16:21:45,3.359
16:21:46,3.3553
16:21:47,3.3553
16:21:48,3.3553
16:21:49,3.3529
16:21:50,3.3553
16:21:51,3.3541
16:21:52,3.3529
16:21:53,3.3516
16:21:54,3.3516
16:21:55,3.3529
16:21:56,3.3455
16:21:57,3.3443
16:21:58,3.3492
16:21:59,3.3382
16:22:00,3.3419
16:22:01,3.337
16:22:02,3.3407
16:22:03,3.3321
16:22:04,3.3309
16:22:05,3.3309
16:22:06,3.3358
16:22:07,3.3309
16:22:08,3.3284
16:22:09,3.3309
16:22:10,3.326
16:22:11,3.3272
16:22:12,3.326
16:22:13,3.3223
16:22:14,3.3211
16:22:15,3.3211
16:22:16,3.326
16:22:17,3.3211
16:22:18,3.3187
16:22:19,3.3211
16:22:20,3.3138
16:22:21,3.3162
16:22:22,3.3187
16:22:23,3.3187
16:22:24,3.3162
16:22:25,3.3162
16:22:26,3.315
16:22:27,3.3114
16:22:28,3.3101
16:22:29,3.3126
16:22:30,3.3126
16:22:31,3.3138
16:22:32,3.3101
16:22:33,3.3089
16:22:34,3.3138
16:22:36,3.3077
16:22:37,3.3138
16:22:38,3.3053
16:22:39,3.3065
16:22:40,3.3065
16:22:41,3.3016
16:22:42,3.3016
16:22:43,3.3016
16:22:44,3.3004
16:22:45,3.3016
16:22:46,3.3016
16:22:47,3.3016
16:22:48,3.304
16:22:49,3.3016
16:22:50,3.3089
16:22:51,3.3004
16:22:52,3.3028
16:22:53,3.2979
16:22:54,3.304
16:22:55,3.3016
16:22:56,3.2979
16:22:57,3.3016
16:22:58,3.2967
16:22:59,3.2955
16:23:00,3.3016
16:23:01,3.2955
16:23:02,3.3016
16:23:03,3.293
16:23:04,3.293
16:23:05,3.2967
16:23:06,3.293
16:23:07,3.2918
16:23:08,3.2918
16:23:09,3.2943
16:23:10,3.2918
16:23:11,3.293
16:23:12,3.2918
16:23:13,3.2918
16:23:14,3.2918
16:23:15,3.2918
16:23:16,3.2869
16:23:17,3.2918
16:23:18,3.2918
16:23:19,3.2906
16:23:20,3.2845
16:23:21,3.2857
16:23:22,3.2882
16:23:23,3.2857
16:23:24,3.2821
16:23:25,3.2857
16:23:26,3.2869
16:23:27,3.2821
16:23:28,3.2821
16:23:29,3.2857
16:23:30,3.2821
16:23:31,3.2845
16:23:32,3.2869
16:23:33,3.2857
16:23:35,3.2833
16:23:36,3.2808
16:23:37,3.2821
16:23:38,3.2821
16:23:39,3.2772
16:23:40,3.2747
16:23:41,3.2808
16:23:42,3.2821
16:23:43,3.2772
16:23:44,3.2772
16:23:45,3.2772
16:23:46,3.2796
16:23:47,3.2735
16:23:48,3.2747
16:23:49,3.2747
16:23:50,3.2772
16:23:51,3.2821
16:23:52,3.2772
16:23:53,3.2747
16:23:54,3.2735
16:23:55,3.2772
16:23:56,3.2796
16:23:57,3.2772
16:23:58,3.2784
16:23:59,3.2759
16:24:00,3.2796
16:24:01,3.2772
16:24:02,3.2747
16:24:03,3.2772
16:24:04,3.2772
16:24:05,3.2723
16:24:06,3.2772
16:24:07,3.2747
16:24:08,3.2759
16:24:09,3.2735
16:24:10,3.2698
16:24:11,3.2759
16:24:12,3.2711
16:24:13,3.2723
16:24:14,3.2711
16:24:15,3.2723
16:24:16,3.2711
16:24:17,3.265
16:24:18,3.2698
16:24:19,3.2686
16:24:20,3.2686
16:24:21,3.2674
16:24:22,3.2662
16:24:23,3.2698
16:24:24,3.265
16:24:25,3.265
16:24:26,3.2674
16:24:27,3.2686
16:24:28,3.2662
16:24:29,3.2698
16:24:30,3.265
16:24:31,3.2625
16:24:32,3.2625
16:24:33,3.2637
16:24:34,3.2674
16:24:35,3.2625
16:24:37,3.2662
16:24:38,3.2625
16:24:39,3.2625
16:24:40,3.2613
16:24:41,3.2662
16:24:42,3.2637
16:24:43,3.2662
16:24:44,3.2625
16:24:45,3.2625
16:24:46,3.2625
16:24:47,3.2576
16:24:48,3.2601
16:24:49,3.2625
16:24:50,3.2601
16:24:51,3.2625
16:24:52,3.2637
16:24:53,3.2601
16:24:54,3.2613
16:24:55,3.2637
16:24:56,3.2601
16:24:57,3.2613
16:24:58,3.2601
16:24:59,3.2576
16:25:00,3.2613
16:25:01,3.2625
16:25:02,3.2576
16:25:03,3.2576
16:25:04,3.2576
16:25:05,3.2601
16:25:06,3.2589
16:25:07,3.2552
16:25:08,3.2576
16:25:09,3.2564
16:25:10,3.2564
16:25:11,3.2576
16:25:12,3.2527
16:25:13,3.2527
16:25:14,3.2552
16:25:15,3.2564
16:25:16,3.2527
16:25:17,3.2527
16:25:18,3.254
16:25:19,3.2491
16:25:20,3.2527
16:25:21,3.2527
16:25:22,3.2503
16:25:23,3.2515
16:25:24,3.2527
16:25:25,3.2503
16:25:26,3.2503
16:25:27,3.2515
16:25:28,3.2503
16:25:29,3.2479
16:25:30,3.2491
16:25:31,3.2503
16:25:32,3.2466
16:25:33,3.2479
16:25:34,3.2466
16:25:35,3.2442
16:25:36,3.2503
16:25:37,3.2479
16:25:39,3.2454
16:25:40,3.2503
16:25:41,3.2454
16:25:42,3.2442
16:25:43,3.2479
16:25:44,3.2491
16:25:45,3.2442
16:25:46,3.243
16:25:47,3.2454
16:25:48,3.2454
16:25:49,3.2454
16:25:50,3.2454
16:25:51,3.243
16:25:52,3.2442
16:25:53,3.243
16:25:54,3.243
16:25:55,3.2454
16:25:56,3.2466
16:25:57,3.2466
16:25:58,3.243
16:25:59,3.2454
16:26:00,3.2442
16:26:01,3.243
16:26:02,3.2454
16:26:03,3.243
16:26:04,3.2466
16:26:05,3.243
16:26:06,3.2393
16:26:07,3.243
16:26:08,3.243
16:26:09,3.243
16:26:10,3.2418
16:26:11,3.2405
16:26:12,3.2381
16:26:13,3.2393
16:26:14,3.2442
16:26:15,3.2393
16:26:16,3.2357
16:26:17,3.2393
16:26:18,3.2381
16:26:19,3.2393
16:26:20,3.2357
16:26:21,3.2381
16:26:22,3.2369
16:26:23,3.2381
16:26:24,3.2357
16:26:25,3.2369
16:26:26,3.2393
16:26:27,3.2369
16:26:28,3.2357
16:26:29,3.2357
16:26:30,3.2332
16:26:31,3.2381
16:26:32,3.2357
16:26:33,3.2332
16:26:34,3.2369
16:26:35,3.2357
16:26:36,3.2332
16:26:37,3.2381
16:26:38,3.232
16:26:39,3.2381
16:26:41,3.232
16:26:42,3.2344
16:26:43,3.2357
16:26:44,3.2369
16:26:45,3.2332
16:26:46,3.2344
16:26:47,3.2332
16:26:48,3.2332
16:26:49,3.2357
16:26:50,3.2344
16:26:51,3.2369
16:26:52,3.2381
16:26:53,3.2332
16:26:54,3.232
16:26:55,3.2344
16:26:56,3.2357
16:26:57,3.2381
16:26:58,3.2295
16:26:59,3.2357
16:27:00,3.2357
16:27:01,3.2357
16:27:02,3.2332
16:27:03,3.2357
16:27:04,3.2369
16:27:05,3.2381
16:27:06,3.2332
16:27:07,3.2393
16:27:08,3.232
16:27:09,3.2332
16:27:10,3.2357
16:27:11,3.2344
16:27:12,3.2357
16:27:13,3.2332
16:27:14,3.2405
16:27:15,3.2381
16:27:16,3.2332
16:27:17,3.2357
16:27:18,3.2332
16:27:19,3.2381
16:27:20,3.2344
16:27:21,3.2344
16:27:22,3.2332
16:27:23,3.232
16:27:24,3.2283
16:27:25,3.2369
16:27:26,3.2308
16:27:27,3.2332
16:27:28,3.2357
16:27:29,3.2332
16:27:30,3.2344
16:27:31,3.2344
16:27:32,3.2332
16:27:33,3.232
16:27:34,3.232
16:27:35,3.2308
16:27:36,3.232
16:27:37,3.2308
16:27:38,3.2332
16:27:39,3.2332
16:27:40,3.2308
16:27:41,3.2344
16:27:43,3.2344
16:27:44,3.2295
16:27:45,3.2332
16:27:46,3.2308
16:27:47,3.2283
16:27:48,3.2332
16:27:49,3.2332
16:27:50,3.2259
16:27:51,3.2283
16:27:52,3.2295
16:27:53,3.232
16:27:54,3.2308
16:27:55,3.2259
16:27:56,3.2308
16:27:57,3.2308
16:27:58,3.2308
16:27:59,3.2308
16:28:00,3.2271
16:28:01,3.2332
16:28:02,3.2332
16:28:03,3.2283
16:28:04,3.2332
16:28:05,3.2283
16:28:06,3.2295
16:28:07,3.2283
16:28:08,3.2295
16:28:09,3.2344
16:28:10,3.2259
16:28:11,3.2357
16:28:12,3.2308
16:28:13,3.2308
16:28:14,3.2332
16:28:15,3.2308
16:28:16,3.2283
16:28:17,3.2332
16:28:18,3.2283
16:28:19,3.2283
16:28:20,3.2283
16:28:21,3.2283
16:28:22,3.232
16:28:23,3.2271
16:28:24,3.2332
16:28:25,3.2295
16:28:26,3.2295
16:28:27,3.232
16:28:28,3.2271
16:28:29,3.2283
16:28:30,3.2344
16:28:31,3.2308
16:28:32,3.2283
16:28:33,3.2295
16:28:34,3.2295
16:28:35,3.2283
16:28:36,3.2283
16:28:37,3.2295
16:28:38,3.2357
16:28:39,3.2357
16:28:40,3.232
16:28:41,3.2308
16:28:42,3.2259
16:28:43,3.232
16:28:45,3.2308
16:28:46,3.2332
16:28:47,3.2308
16:28:48,3.2332
16:28:49,3.2271
16:28:50,3.2308
16:28:51,3.2295
16:28:52,3.2344
16:28:53,3.232
16:28:54,3.2271
16:28:55,3.2308
16:28:56,3.2308
16:28:57,3.2271
16:28:58,3.2308
16:28:59,3.2247
16:29:00,3.232
16:29:01,3.232
16:29:02,3.2271
16:29:03,3.2332
16:29:04,3.232
16:29:05,3.2283
16:29:06,3.2332
16:29:07,3.232
16:29:08,3.2332
16:29:09,3.2308
16:29:10,3.2295
16:29:11,3.2283
16:29:12,3.2308
16:29:13,3.2344
16:29:14,3.2308
16:29:15,3.232
16:29:16,3.2332
16:29:17,3.2308
16:29:18,3.2332
16:29:19,3.2283
16:29:20,3.232
16:29:21,3.2332
16:29:22,3.2308
16:29:23,3.2332
16:29:24,3.2332
16:29:25,3.2381
16:29:26,3.2308
16:29:27,3.2332
16:29:28,3.2283
16:29:29,3.2332
16:29:30,3.2357
16:29:31,3.2332
16:29:32,3.2369
16:29:33,3.232
16:29:34,3.2357
16:29:35,3.2381
16:29:36,3.2332
16:29:37,3.2332
16:29:38,3.2381
16:29:39,3.2332
16:29:40,3.2369
16:29:41,3.232
16:29:42,3.232
16:29:43,3.2357
16:29:44,3.2332
16:29:45,3.2332
16:29:46,3.2357
16:29:48,3.2332
16:29:49,3.2344
16:29:50,3.2344
16:29:51,3.2357
16:29:52,3.2381
16:29:53,3.2332
16:29:54,3.2357
16:29:55,3.2369
16:29:56,3.2357
16:29:57,3.2332
16:29:58,3.2393
16:29:59,3.2344
16:30:00,3.2332
16:30:01,3.2393
16:30:02,3.2381
16:30:03,3.2369
16:30:04,3.2381
16:30:05,3.2381
16:30:06,3.2369
16:30:07,3.2405
16:30:08,3.2381
16:30:09,3.2381
16:30:10,3.2381
16:30:11,3.2381
16:30:12,3.2405
16:30:13,3.2418
16:30:14,3.243
16:30:15,3.2381
16:30:16,3.243
16:30:17,3.2405
16:30:18,3.2418
16:30:19,3.2405
16:30:20,3.2418
16:30:21,3.2405
16:30:22,3.243
16:30:23,3.2405
16:30:24,3.243
16:30:25,3.2405
16:30:26,3.2418
16:30:27,3.2405
16:30:28,3.243
16:30:29,3.243
16:30:30,3.243
16:30:31,3.2393
16:30:32,3.243
16:30:33,3.2418
16:30:34,3.2405
16:30:35,3.2442
16:30:36,3.243
16:30:37,3.2405
16:30:38,3.243
16:30:39,3.243
16:30:40,3.243
16:30:41,3.243
16:30:42,3.243
16:30:43,3.243
16:30:44,3.2454
16:30:45,3.243
16:30:46,3.2418
16:30:47,3.2418
16:30:48,3.2454
16:30:49,3.2454
16:30:51,3.2479
16:30:52,3.243
16:30:53,3.2418
16:30:54,3.2479
16:30:55,3.2503
16:30:56,3.2418
16:30:57,3.2442
16:30:58,3.2479
16:30:59,3.243
16:31:00,3.2466
16:31:01,3.2454
16:31:02,3.2442
16:31:03,3.2442
16:31:04,3.2479
16:31:05,3.2466
16:31:06,3.2479
16:31:07,3.2442
16:31:08,3.2503
16:31:09,3.2503
16:31:10,3.2442
16:31:11,3.2491
16:31:12,3.2466
16:31:13,3.2479
16:31:14,3.2491
16:31:15,3.2466
16:31:16,3.2503
16:31:17,3.2491
16:31:18,3.2442
16:31:19,3.2491
16:31:20,3.2491
16:31:21,3.2491
16:31:22,3.2491
16:31:23,3.2515
16:31:24,3.2466
16:31:25,3.2503
16:31:26,3.2503
16:31:27,3.2454
16:31:28,3.2491
16:31:29,3.2503
16:31:30,3.2491
16:31:31,3.2503
16:31:32,3.2527
16:31:33,3.2491
16:31:34,3.2454
16:31:35,3.2515
16:31:36,3.2479
16:31:37,3.2527
16:31:38,3.2515
16:31:39,3.2527
16:31:40,3.2515
16:31:41,3.2503
16:31:42,3.2515
16:31:43,3.2527
16:31:44,3.254
16:31:45,3.254
16:31:46,3.2503
16:31:47,3.2515
16:31:48,3.254
16:31:49,3.2466
16:31:50,3.2527
16:31:51,3.2527
16:31:52,3.2515
16:31:54,3.254
16:31:55,3.254
16:31:56,3.2515
16:31:57,3.2552
16:31:58,3.2564
16:31:59,3.2503
16:32:00,3.2552
16:32:01,3.2527
16:32:02,3.2515
16:32:03,3.254
16:32:04,3.2576
16:32:05,3.2552
16:32:06,3.254
16:32:07,3.2564
16:32:08,3.254
16:32:09,3.2576
16:32:10,3.2576
16:32:11,3.2576
16:32:12,3.2589
16:32:13,3.2576
16:32:14,3.2601
16:32:15,3.2552
16:32:16,3.2637
16:32:17,3.2576
16:32:18,3.2613
16:32:19,3.2613
16:32:20,3.2613
16:32:21,3.2576
16:32:22,3.2576
16:32:23,3.2601
16:32:24,3.2589
16:32:25,3.2576
16:32:26,3.2601
16:32:27,3.2625
16:32:28,3.2625
16:32:29,3.2637
16:32:30,3.2625
16:32:31,3.2625
16:32:32,3.2625
16:32:33,3.265
16:32:34,3.2662
16:32:35,3.265
16:32:36,3.2674
16:32:37,3.2662
16:32:38,3.2625
16:32:39,3.2662
16:32:40,3.2698
16:32:41,3.2674
16:32:42,3.2625
16:32:43,3.2698
16:32:44,3.2686
16:32:45,3.2625
16:32:46,3.2674
16:32:47,3.2698
16:32:48,3.2698
16:32:49,3.2686
16:32:50,3.2698
16:32:51,3.2723
16:32:52,3.2747
16:32:53,3.2686
16:32:54,3.2735
16:32:55,3.2698
16:32:57,3.2686
16:32:58,3.2723
16:32:59,3.2686
16:33:00,3.2723
16:33:01,3.2772
16:33:02,3.2723
16:33:03,3.2735
16:33:04,3.2711
16:33:05,3.2723
16:33:06,3.2747
16:33:07,3.2759
16:33:08,3.2747
16:33:09,3.2723
16:33:10,3.2747
16:33:11,3.2723
16:33:12,3.2747
16:33:13,3.2747
16:33:14,3.2747
16:33:15,3.2772
16:33:16,3.2759
16:33:17,3.2772
16:33:18,3.2772
16:33:19,3.2759
16:33:20,3.2747
16:33:21,3.2747
16:33:22,3.2772
16:33:23,3.2735
16:33:24,3.2735
16:33:25,3.2747
16:33:26,3.2772
16:33:27,3.2796
16:33:28,3.2747
16:33:29,3.2772
16:33:30,3.2747
16:33:31,3.2772
16:33:32,3.2772
16:33:33,3.2784
16:33:34,3.2784
16:33:35,3.2747
16:33:36,3.2784
16:33:37,3.2784
16:33:38,3.2796
16:33:39,3.2821
16:33:40,3.2772
16:33:41,3.2808
16:33:42,3.2808
16:33:43,3.2796
16:33:44,3.2821
16:33:45,3.2821
16:33:46,3.2869
16:33:47,3.2821
16:33:48,3.2821
16:33:49,3.2845
16:33:50,3.2845
16:33:51,3.2857
16:33:52,3.2845
16:33:53,3.2869
16:33:54,3.2845
16:33:55,3.2821
16:33:56,3.2882
16:33:57,3.2845
16:33:58,3.2833
16:34:00,3.2943
16:34:01,3.2808
16:34:02,3.2869
16:34:03,3.2845
16:34:04,3.2869
16:34:05,3.2857
16:34:06,3.2869
16:34:07,3.2869
16:34:08,3.2882
16:34:09,3.2894
16:34:10,3.2845
16:34:11,3.2869
16:34:12,3.2918
16:34:13,3.2869
16:34:14,3.2906
16:34:15,3.2906
16:34:16,3.2906
16:34:17,3.293
16:34:18,3.293
16:34:19,3.2906
16:34:20,3.2943
16:34:21,3.2918
16:34:22,3.293
16:34:23,3.2979
16:34:24,3.2882
16:34:25,3.2906
16:34:26,3.2906
16:34:27,3.2918
16:34:28,3.293
16:34:29,3.293
16:34:30,3.2955
16:34:31,3.293
16:34:32,3.2955
16:34:33,3.3016
16:34:34,3.2991
16:34:35,3.2991
16:34:36,3.3016
16:34:37,3.3028
16:34:38,3.3004
16:34:39,3.3004
16:34:40,3.3016
16:34:41,3.2991
16:34:42,3.3016
16:34:43,3.304
16:34:44,3.2991
16:34:45,3.3004
16:34:46,3.3028
16:34:47,3.304
16:34:48,3.3016
16:34:49,3.3053
16:34:50,3.304
16:34:51,3.3028
16:34:52,3.304
16:34:53,3.3089
16:34:54,3.3016
16:34:55,3.3065
16:34:56,3.3089
16:34:57,3.3089
16:34:58,3.3077
16:34:59,3.3089
16:35:00,3.3065
16:35:02,3.3077
16:35:03,3.3114
16:35:04,3.3126
16:35:05,3.3138
16:35:06,3.3114
16:35:07,3.315
16:35:08,3.3114
16:35:09,3.3114
16:35:10,3.315
16:35:11,3.3126
16:35:12,3.315
16:35:13,3.3114
16:35:14,3.315
16:35:15,3.3223
16:35:16,3.3187
16:35:17,3.3211
16:35:18,3.3199
16:35:19,3.3199
16:35:20,3.3175
16:35:21,3.3211
16:35:22,3.3211
16:35:23,3.3175
16:35:24,3.3211
16:35:25,3.3187
16:35:26,3.3236
16:35:27,3.3162
16:35:28,3.3199
16:35:29,3.3211
16:35:30,3.3175
16:35:31,3.3187
16:35:32,3.315
16:35:33,3.3162
16:35:34,3.3211
16:35:35,3.3114
16:35:36,3.3114
16:35:37,3.3138
16:35:38,3.3126
16:35:39,3.3114
16:35:40,3.3138
16:35:41,3.3126
16:35:42,3.315
16:35:43,3.3138
16:35:44,3.3138
16:35:45,3.3138
16:35:46,3.3077
16:35:47,3.3162
16:35:48,3.3162
16:35:49,3.3138
16:35:50,3.3114
16:35:51,3.3162
16:35:52,3.3138
16:35:53,3.3101
16:35:54,3.3114
16:35:55,3.3114
16:35:56,3.3175
16:35:57,3.3114
16:35:58,3.315
16:35:59,3.315
16:36:00,3.3162
16:36:02,3.3138
16:36:03,3.3187
16:36:04,3.315
16:36:05,3.3162
16:36:06,3.3162
16:36:07,3.3126
16:36:08,3.3175
16:36:09,3.3126
16:36:10,3.3162
16:36:11,3.3162
16:36:12,3.3138
16:36:13,3.3089
16:36:14,3.3162
16:36:15,3.3138
16:36:16,3.315
16:36:17,3.3138
16:36:18,3.315
16:36:19,3.3138
16:36:20,3.3162
16:36:21,3.3187
16:36:22,3.3138
16:36:23,3.3162
16:36:24,3.3187
16:36:25,3.3162
16:36:26,3.3187
16:36:27,3.3162
16:36:28,3.315
16:36:29,3.3199
16:36:30,3.3187
16:36:31,3.3211
16:36:32,3.3211
16:36:33,3.3199
16:36:34,3.3236
16:36:35,3.3187
16:36:36,3.3199
16:36:37,3.3211
16:36:38,3.3187
16:36:39,3.3162
16:36:40,3.3175
16:36:41,3.3211
16:36:42,3.3175
16:36:43,3.3175
16:36:44,3.3211
16:36:45,3.3199
16:36:46,3.3187
16:36:47,3.3211
16:36:48,3.3199
16:36:49,3.315
16:36:50,3.3162
16:36:51,3.3211
16:36:52,3.3175
16:36:53,3.3211
16:36:54,3.3211
16:36:55,3.3211
16:36:56,3.3236
16:36:57,3.3199
16:36:58,3.3211
16:36:59,3.3187
16:37:00,3.3211
16:37:01,3.3223
16:37:03,3.3187
16:37:04,3.3199
16:37:05,3.3236
16:37:06,3.3236
16:37:07,3.326
16:37:08,3.3199
16:37:09,3.3236
16:37:10,3.3284
16:37:11,3.3236
16:37:12,3.326
16:37:13,3.3223
16:37:14,3.326
16:37:15,3.3248
16:37:16,3.326
16:37:17,3.3297
16:37:18,3.3297
16:37:19,3.3272
16:37:20,3.3284
16:37:21,3.3248
16:37:22,3.3284
16:37:23,3.326
16:37:24,3.3297
16:37:25,3.3309
16:37:26,3.3309
16:37:27,3.3272
16:37:28,3.3309
16:37:29,3.3309
16:37:30,3.3297
16:37:31,3.3284
16:37:32,3.3358
16:37:33,3.3297
16:37:34,3.326
16:37:35,3.3333
16:37:36,3.3309
16:37:37,3.3284
16:37:38,3.3333
16:37:39,3.3309
16:37:40,3.3333
16:37:41,3.3321
16:37:42,3.337
16:37:43,3.3309
16:37:44,3.3333
16:37:45,3.3309
16:37:46,3.337
16:37:47,3.3333
16:37:48,3.3346
16:37:49,3.3297
16:37:50,3.3382
16:37:51,3.3321
16:37:52,3.3382
16:37:53,3.3333
16:37:54,3.3358
16:37:55,3.3382
16:37:56,3.3358
16:37:57,3.337
16:37:58,3.3407
16:37:59,3.3382
16:38:00,3.3407
16:38:02,3.3419
16:38:03,3.3382
16:38:04,3.3358
16:38:05,3.3382
16:38:06,3.3382
16:38:07,3.3382
16:38:08,3.3358
16:38:09,3.3407
16:38:10,3.3394
16:38:11,3.3333
16:38:12,3.3407
16:38:13,3.3443
16:38:14,3.3419
16:38:15,3.3407
16:38:16,3.3443
16:38:17,3.3394
16:38:18,3.3407
16:38:19,3.3431
16:38:20,3.3431
16:38:21,3.3443
16:38:22,3.3394
16:38:23,3.3407
16:38:24,3.3419
16:38:25,3.3407
16:38:26,3.3419
16:38:27,3.3419
16:38:28,3.3443
16:38:29,3.3407
16:38:30,3.3455
16:38:31,3.3419
16:38:32,3.3431
16:38:33,3.3382
16:38:34,3.337
16:38:35,3.3394
16:38:36,3.337
16:38:37,3.3346
16:38:38,3.337
16:38:39,3.3382
16:38:40,3.3358
16:38:41,3.3321
16:38:42,3.3346
16:38:43,3.3358
16:38:44,3.3358
16:38:45,3.3333
16:38:46,3.3321
16:38:47,3.3358
16:38:48,3.3309
16:38:49,3.3297
16:38:50,3.3321
16:38:51,3.3333
16:38:52,3.3321
16:38:53,3.3321
16:38:54,3.3333
16:38:55,3.3309
16:38:56,3.3272
16:38:57,3.3309
16:38:58,3.3321
16:38:59,3.3297
16:39:01,3.3272
16:39:02,3.3321
16:39:03,3.3321
16:39:04,3.3333
16:39:05,3.3358
16:39:06,3.3309
16:39:07,3.3333
16:39:08,3.3346
16:39:09,3.3309
16:39:10,3.3272
16:39:11,3.3284
16:39:12,3.3309
16:39:13,3.3284
16:39:14,3.3309
16:39:15,3.3309
16:39:16,3.3333
16:39:17,3.3333
16:39:18,3.3321
16:39:19,3.3309
16:39:20,3.3309
16:39:21,3.3309
16:39:22,3.3333
16:39:23,3.3297
16:39:24,3.3309
16:39:25,3.3346
16:39:26,3.3297
16:39:27,3.3333
16:39:28,3.3358
16:39:29,3.3346
16:39:30,3.3321
16:39:31,3.3346
16:39:32,3.3321
16:39:33,3.3358
16:39:34,3.3358
16:39:35,3.3309
16:39:36,3.3309
16:39:37,3.3309
16:39:38,3.3333
16:39:39,3.3346
16:39:40,3.3321
16:39:41,3.3284
16:39:42,3.3321
16:39:43,3.3309
16:39:44,3.3321
16:39:45,3.3284
16:39:46,3.3333
16:39:47,3.3321
16:39:48,3.3321
16:39:49,3.3309
16:39:50,3.326
16:39:51,3.3309
16:39:52,3.3321
16:39:53,3.3272
16:39:54,3.3358
16:39:55,3.3309
16:39:56,3.3333
16:39:57,3.3284
16:39:58,3.3309
16:40:00,3.3346
16:40:01,3.326
16:40:02,3.3309
16:40:03,3.3309
16:40:04,3.3284
16:40:05,3.3309
16:40:06,3.3297
16:40:07,3.3297
16:40:08,3.3309
16:40:09,3.3309
16:40:10,3.3321
16:40:11,3.3309
16:40:12,3.3309
16:40:13,3.3297
16:40:14,3.3333
16:40:15,3.3297
16:40:16,3.3297
16:40:17,3.3297
16:40:18,3.3309
16:40:19,3.3321
16:40:20,3.3309
16:40:21,3.3284
16:40:22,3.3309
16:40:23,3.3333
16:40:24,3.3309
16:40:25,3.326
16:40:26,3.3284
16:40:27,3.3284
16:40:28,3.3321
16:40:29,3.3284
16:40:30,3.1954
16:40:31,3.3309
16:40:32,3.243
16:40:33,3.2601
16:40:34,2.7192
16:40:35,1.9731
16:40:36,3.3089
16:40:37,3.3114
16:40:38,3.3199
16:40:39,3.3065
16:40:40,3.3138
16:40:41,2.5678
16:40:42,2.4176
16:40:43,3.3199
16:40:44,3.3187
16:40:45,3.3162
16:40:46,2.4811
16:40:47,2.431
16:40:48,3.3175
16:40:49,3.3211
16:40:50,3.3162
16:40:51,3.3175
16:40:52,3.3211
16:40:53,3.3199
16:40:54,3.3175
16:40:55,3.3138
16:40:56,3.3187
16:40:57,3.3175
16:40:58,3.315
16:41:00,3.3211
16:41:01,2.5812
16:41:02,3.3162
16:41:03,3.3175
16:41:04,3.3187
16:41:05,3.3162
16:41:06,3.3223
16:41:07,3.3162
16:41:08,3.3162
16:41:09,2.4066
16:41:10,2.558
16:41:11,3.3138
16:41:12,3.3175
16:41:13,3.3187
16:41:14,3.3187
16:41:15,2.5495
16:41:16,2.5299
16:41:17,3.3199
16:41:18,3.3162
16:41:19,3.3162
16:41:20,3.3187
16:41:21,2.4896
16:41:22,3.3162
16:41:23,3.3138
16:41:24,3.3114
16:41:25,3.3126
16:41:26,3.3162
16:41:27,3.3162
16:41:28,3.3138
16:41:29,3.3114
16:41:30,3.3114
16:41:31,3.3138
16:41:32,3.3077
16:41:33,3.3089
16:41:34,3.3162
16:41:35,3.3114
16:41:36,2.5507
16:41:37,3.3114
16:41:38,3.3101
16:41:39,3.3077
16:41:40,3.3114
16:41:41,3.3016
16:41:42,3.3077
16:41:43,3.3065
16:41:44,3.3077
16:41:45,3.3089
16:41:46,3.3077
16:41:47,3.3065
16:41:48,3.3065
16:41:49,2.569
16:41:50,3.3028
16:41:51,3.3065
16:41:52,2.5177
16:41:53,2.547
16:41:54,3.3053
16:41:55,3.3065
16:41:56,3.304
16:41:57,2.5299
16:41:59,3.3077
16:42:00,3.3089
16:42:01,3.3016
16:42:02,3.3028
16:42:03,3.304
16:42:04,2.6203
16:42:05,2.6252
16:42:06,3.3028
16:42:07,3.2991
16:42:08,3.304
16:42:09,3.3016
16:42:10,2.6581
16:42:11,3.3065
16:42:12,3.304
16:42:13,3.2991
16:42:14,3.3016
16:42:15,3.3016
16:42:16,3.3028
16:42:17,3.3016
16:42:18,3.3004
16:42:19,2.602
16:42:20,3.2967
16:42:21,2.5592
16:42:22,2.5995
16:42:23,3.2991
16:42:24,2.779
16:42:25,3.2967
16:42:26,3.3016
16:42:27,3.2991
16:42:28,2.5665
16:42:29,3.2991
16:42:30,3.2967
16:42:31,3.2991
16:42:32,3.3004
16:42:33,3.2967
16:42:34,3.3016
16:42:35,3.2979
16:42:36,3.3016
16:42:37,3.2955
16:42:38,3.2991
16:42:39,3.3016
16:42:40,3.3016
16:42:41,3.3016
16:42:42,3.3004
16:42:43,3.3016
16:42:44,3.3016
16:42:45,3.304
16:42:46,3.3004
16:42:47,3.3004
16:42:48,3.3016
16:42:49,3.3016
16:42:50,3.2991
16:42:51,3.304
16:42:52,3.2991
16:42:53,3.2991
16:42:54,3.2979
16:42:55,3.2991
16:42:56,3.2967
16:42:58,3.2979
16:42:59,3.2991
16:43:00,3.2991
16:43:01,3.2967
16:43:02,3.2991
16:43:03,3.2967
16:43:04,3.3028
16:43:05,3.2991
16:43:06,3.2955
16:43:07,3.2979
16:43:08,3.2991
16:43:09,3.2918
16:43:10,3.3004
16:43:11,3.3004
16:43:12,3.2955
16:43:13,3.2967
16:43:14,3.2979
16:43:15,3.2967
16:43:16,3.2943
16:43:17,3.2979
16:43:18,3.3004
16:43:19,3.2943
16:43:20,3.2955
16:43:21,3.2979
16:43:22,3.2967
16:43:23,3.2943
16:43:24,3.2955
16:43:25,3.2991
16:43:26,3.2918
16:43:27,3.3004
16:43:28,3.2967
16:43:29,3.2979
16:43:30,3.2979
16:43:31,3.2967
16:43:32,3.2991
16:43:33,3.2979
16:43:34,3.2979
16:43:35,3.2943
16:43:36,3.2943
16:43:37,3.2943
16:43:38,3.2955
16:43:39,3.2967
16:43:40,3.2943
16:43:41,3.2967
16:43:42,3.2967
16:43:43,3.2943
16:43:44,3.2967
16:43:45,3.2967
16:43:46,3.2955
16:43:47,3.2955
16:43:48,3.2967
16:43:49,3.2918
16:43:50,3.2918
16:43:51,3.2918
16:43:52,3.2955
16:43:53,3.2955
16:43:54,3.2967
16:43:55,3.293
16:43:56,3.2967
16:43:58,3.293
16:43:59,3.2979
16:44:00,3.2918
16:44:01,3.2967
16:44:02,3.293
16:44:03,3.2967
16:44:04,3.2967
16:44:05,3.2967
16:44:06,3.2943
16:44:07,3.293
16:44:08,3.2943
16:44:09,3.2979
16:44:10,3.2943
16:44:11,3.2918
16:44:12,3.2943
16:44:13,3.2979
16:44:14,3.2967
16:44:15,3.2955
16:44:16,3.2943
16:44:17,3.2955
16:44:18,3.2967
16:44:19,3.2955
16:44:20,3.293
16:44:21,3.2967
16:44:22,3.2943
16:44:23,3.2906
16:44:24,3.3004
16:44:25,3.2943
16:44:26,3.293
16:44:27,3.2967
16:44:28,3.2918
16:44:29,3.2991
16:44:30,3.2906
16:44:31,3.293
16:44:32,3.2943
16:44:33,3.2943
16:44:34,3.2918
16:44:35,3.2967
16:44:36,3.2918
16:44:37,3.2943
16:44:38,3.2906
16:44:39,3.2918
16:44:40,3.2943
16:44:41,3.2918
16:44:42,3.2943
16:44:43,3.293
16:44:44,3.2918
16:44:45,3.2955
16:44:46,3.2918
16:44:47,3.2943
16:44:48,3.2991
16:44:49,3.2955
16:44:50,3.2967
16:44:51,3.2943
16:44:52,3.293
16:44:53,3.2906
16:44:54,3.293
16:44:56,3.2955
16:44:57,3.2955
16:44:58,3.2943
16:44:59,3.293
16:45:00,3.2918
16:45:01,3.2955
16:45:02,3.2943
16:45:03,3.293
16:45:04,3.293
16:45:05,3.2967
16:45:06,3.2918
16:45:07,3.2955
16:45:08,3.2918
16:45:09,3.293
16:45:10,3.2943
16:45:11,3.2894
16:45:12,3.293
16:45:13,3.2918
16:45:14,3.2943
16:45:15,3.293
16:45:16,3.2906
16:45:17,3.2918
16:45:18,3.2894
16:45:19,3.293
16:45:20,3.2918
16:45:21,3.2943
16:45:22,3.2894
16:45:23,3.2955
16:45:24,3.293
16:45:25,3.2918
16:45:26,3.2882
16:45:27,3.293
16:45:28,3.2906
16:45:29,3.293
16:45:30,3.2918
16:45:31,3.2906
16:45:32,3.2918
16:45:33,3.2906
16:45:34,3.2906
16:45:35,3.2882
16:45:36,3.2882
16:45:37,3.2882
16:45:38,3.2894
16:45:39,3.2882
16:45:40,3.2894
16:45:41,3.2906
16:45:42,3.2869
16:45:43,3.2918
16:45:44,3.2906
16:45:45,3.2869
16:45:46,3.2894
16:45:47,3.2882
16:45:48,3.2833
16:45:49,3.2869
16:45:50,3.2869
16:45:51,3.2845
16:45:52,3.2869
16:45:53,3.2821
16:45:54,3.2906
16:45:55,3.2857
16:45:57,3.2833
16:45:58,3.2869
16:45:59,3.2857
16:46:00,3.2821
16:46:01,3.2882
16:46:02,3.2857
16:46:03,3.2894
16:46:04,3.2869
16:46:05,3.2869
16:46:06,3.2869
16:46:07,3.2857
16:46:08,3.2869
16:46:09,3.2821
16:46:10,3.2845
16:46:11,3.2821
16:46:12,3.2821
16:46:13,3.2845
16:46:14,3.2808
16:46:15,3.2821
16:46:16,3.2857
16:46:17,3.2821
16:46:18,3.2821
16:46:19,3.2857
16:46:20,3.2857
16:46:21,3.2833
16:46:22,3.2845
16:46:23,3.2833
16:46:24,3.2857
16:46:25,3.2845
16:46:26,3.2833
16:46:27,3.2833
16:46:28,3.2857
16:46:29,3.2869
16:46:30,3.2869
16:46:31,3.2845
16:46:32,3.2821
16:46:33,3.2857
16:46:34,3.2845
16:46:35,3.2845
16:46:36,3.2833
16:46:37,3.2845
16:46:38,3.2821
16:46:39,3.2845
16:46:40,3.2845
16:46:41,3.2821
16:46:42,3.2833
16:46:43,3.2845
16:46:44,3.2833
16:46:45,3.2833
16:46:46,3.2845
16:46:47,3.2833
16:46:48,3.2845
16:46:49,3.2833
16:46:50,3.2833
16:46:51,3.2845
16:46:52,3.2845
16:46:53,3.2821
16:46:54,3.2845
16:46:55,3.2845
16:46:56,3.2845
16:46:58,3.2833
16:46:59,3.2869
16:47:00,3.2833
16:47:01,3.2821
16:47:02,3.2869
16:47:03,3.2833
16:47:04,3.2821
16:47:05,3.2845
16:47:06,3.2857
16:47:07,3.2821
16:47:08,3.2821
16:47:09,3.2857
16:47:10,3.2821
16:47:11,3.2821
16:47:12,3.2821
16:47:13,3.2833
16:47:14,3.2821
16:47:15,3.2845
16:47:16,3.2845
16:47:17,3.2857
16:47:18,3.2882
16:47:19,3.2857
16:47:20,3.2882
16:47:21,3.2857
16:47:22,3.2845
16:47:23,3.2882
16:47:24,3.2882
16:47:25,3.2857
16:47:26,3.2894
16:47:27,3.2833
16:47:28,3.2894
16:47:29,3.2833
16:47:30,3.2857
16:47:31,3.2869
16:47:32,3.2869
16:47:33,3.2845
16:47:34,3.2857
16:47:35,3.2857
16:47:36,3.2882
16:47:37,3.2796
16:47:38,3.2845
16:47:39,3.2857
16:47:40,3.2869
16:47:41,3.2845
16:47:42,3.2869
16:47:43,3.2845
16:47:44,3.2869
16:47:45,3.2857
16:47:46,3.2845
16:47:47,3.2845
16:47:48,3.2821
16:47:49,3.2882
16:47:50,3.2845
16:47:51,3.2845
16:47:52,3.2821
16:47:53,3.2833
16:47:54,3.2894
16:47:55,3.2894
16:47:57,3.2869
16:47:58,3.2894
16:47:59,3.2857
16:48:00,3.2857
16:48:01,3.2869
16:48:02,3.2857
16:48:03,3.2857
16:48:04,3.2857
16:48:05,3.2845
16:48:06,3.2869
16:48:07,3.2821
16:48:08,3.2894
16:48:09,3.2857
16:48:10,3.2857
16:48:11,3.2894
16:48:12,3.2906
16:48:13,3.2869
16:48:14,3.2869
16:48:15,3.2882
16:48:16,3.2906
16:48:17,3.2906
16:48:18,3.2845
16:48:19,3.2869
16:48:20,3.2906
16:48:21,3.2845
16:48:22,3.2906
16:48:23,3.2857
16:48:24,3.2894
16:48:25,3.2869
16:48:26,3.2882
16:48:27,3.2894
16:48:28,3.2869
16:48:29,3.2882
16:48:30,3.2894
16:48:31,3.2906
16:48:32,3.2882
16:48:33,3.2869
16:48:34,3.2869
16:48:35,3.2918
16:48:36,3.2894
16:48:37,3.2906
16:48:38,3.2857
16:48:39,3.2918
16:48:40,3.2869
16:48:41,3.2869
16:48:42,3.2845
16:48:43,3.2857
16:48:44,3.2869
16:48:45,3.2882
16:48:46,3.2906
16:48:47,3.2833
16:48:48,3.2845
16:48:49,3.2894
16:48:50,3.2869
16:48:51,3.2821
16:48:52,3.2857
16:48:53,3.2869
16:48:54,3.2857
16:48:56,3.2869
16:48:57,3.2857
16:48:58,3.2821
16:48:59,3.2869
16:49:00,3.2857
16:49:01,3.2869
16:49:02,3.2857
16:49:03,3.2894
16:49:04,3.2845
16:49:05,3.2833
16:49:06,3.2821
16:49:07,3.2845
16:49:08,3.2857
16:49:09,3.2869
16:49:10,3.2845
16:49:11,3.2869
16:49:12,3.2833
16:49:13,3.2869
16:49:14,3.2869
16:49:15,3.2833
16:49:16,3.2833
16:49:17,3.2857
16:49:18,3.2821
16:49:19,3.2833
16:49:20,3.2869
16:49:21,3.2882
16:49:22,3.2833
16:49:23,3.2857
16:49:24,3.2869
16:49:25,3.2833
16:49:26,3.2857
16:49:27,3.2882
16:49:28,3.2869
16:49:29,3.2882
16:49:30,3.2882
16:49:31,3.2845
16:49:32,3.2882
16:49:33,3.2869
16:49:34,3.2894
16:49:35,3.2869
16:49:36,3.2869
16:49:37,3.2845
16:49:38,3.2918
16:49:39,3.2894
16:49:40,3.2894
16:49:41,3.2918
16:49:42,3.2894
16:49:43,3.2882
16:49:44,3.2869
16:49:45,3.2857
16:49:46,3.2869
16:49:47,3.2894
16:49:48,3.2906
16:49:49,3.2918
16:49:50,3.2906
16:49:51,3.2906
16:49:52,3.2894
16:49:53,3.2894
16:49:55,3.2918
16:49:56,3.2943
16:49:57,3.2918
16:49:58,3.2918
16:49:59,3.2906
16:50:00,3.2918
16:50:01,3.2894
16:50:02,3.2894
16:50:03,3.2882
16:50:04,3.2918
16:50:05,3.2918
16:50:06,3.2894
16:50:07,3.2869
16:50:08,3.2882
16:50:09,3.2906
16:50:10,3.2894
16:50:11,3.2869
16:50:12,3.2882
16:50:13,3.2906
16:50:14,3.2906
16:50:15,3.2869
16:50:16,3.293
16:50:17,3.2906
16:50:18,3.2869
16:50:19,3.2918
16:50:20,3.2894
16:50:21,3.2845
16:50:22,3.2906
16:50:23,3.2869
16:50:24,3.2869
16:50:25,3.2918
16:50:26,3.2882
16:50:27,3.2894
16:50:28,3.2894
16:50:29,3.2906
16:50:30,3.2894
16:50:31,3.2882
16:50:32,3.2906
16:50:33,3.2906
16:50:34,3.2906
16:50:35,3.2918
16:50:36,3.2906
16:50:37,3.2882
16:50:38,3.2906
16:50:39,3.2943
16:50:40,3.2894
16:50:41,3.2845
16:50:42,3.2869
16:50:43,3.2906
16:50:44,3.2857
16:50:45,3.2857
16:50:46,3.2894
16:50:47,3.2869
16:50:48,3.2869
16:50:49,3.2882
16:50:50,3.2894
16:50:51,3.2894
16:50:52,3.2894
16:50:53,3.2906
16:50:55,3.2967
16:50:56,3.2869
16:50:57,3.2967
16:50:58,3.2906
16:50:59,3.2955
16:51:00,3.2894
16:51:01,3.2882
16:51:02,3.2918
16:51:03,3.2857
16:51:04,3.2869
16:51:05,3.2906
16:51:06,3.2882
16:51:07,3.2918
16:51:08,3.2906
16:51:09,3.2918
16:51:10,3.2967
16:51:11,3.2918
16:51:12,3.2943
16:51:13,3.2918
16:51:14,3.2918
16:51:15,3.2918
16:51:16,3.2943
16:51:17,3.293
16:51:18,3.2894
16:51:19,3.2943
16:51:20,3.2894
16:51:21,3.2906
16:51:22,3.2918
16:51:23,3.2918
16:51:24,3.2894
16:51:25,3.2918
16:51:26,3.2943
16:51:27,3.2894
16:51:28,3.2967
16:51:29,3.2882
16:51:30,3.2906
16:51:31,3.2955
16:51:32,3.2906
16:51:33,3.2918
16:51:34,3.2918
16:51:35,3.2906
16:51:36,3.2955
16:51:37,3.293
16:51:38,3.2918
16:51:39,3.2906
16:51:40,3.2918
16:51:41,3.2918
16:51:42,3.2918
16:51:43,3.2906
16:51:44,3.293
16:51:45,3.2918
16:51:46,3.2918
16:51:47,3.2906
16:51:48,3.2906
16:51:49,3.2894
16:51:50,3.2906
16:51:51,3.2869
16:51:52,3.2894
16:51:54,3.2869
16:51:55,3.2894
16:51:56,3.2869
16:51:57,3.2918
16:51:58,3.2845
16:51:59,3.2869
16:52:00,3.2869
16:52:01,3.2894
16:52:02,3.2857
16:52:03,3.2869
16:52:04,3.2845
16:52:05,3.2821
16:52:06,3.2821
16:52:07,3.2845
16:52:08,3.2857
16:52:09,3.2869
16:52:10,3.2857
16:52:11,3.2845
16:52:12,3.2857
16:52:13,3.2808
16:52:14,3.2882
16:52:15,3.2808
16:52:16,3.2845
16:52:17,3.2808
16:52:18,3.2845
16:52:19,3.2808
16:52:20,3.2821
16:52:21,3.2821
16:52:22,3.2821
16:52:23,3.2833
16:52:24,3.2821
16:52:25,3.2784
16:52:26,3.2821
16:52:27,3.2772
16:52:28,3.2772
16:52:29,3.2772
16:52:30,3.2772
16:52:31,3.2735
16:52:32,3.2735
16:52:33,3.2759
16:52:34,3.2808
16:52:35,3.2772
16:52:36,3.2735
16:52:37,3.2784
16:52:38,3.2796
16:52:39,3.2735
16:52:40,3.2796
16:52:41,3.2747
16:52:42,3.2796
16:52:43,3.2796
16:52:44,3.2735
16:52:45,3.2711
16:52:46,3.2723
16:52:47,3.2772
16:52:48,3.2735
16:52:49,3.2772
16:52:50,3.2747
16:52:51,3.2723
16:52:52,3.2711
16:52:54,3.2698
16:52:55,3.2711
16:52:56,3.2723
16:52:57,3.2723
16:52:58,3.2723
16:52:59,3.2759
16:53:00,3.2723
16:53:01,3.2735
16:53:02,3.265
16:53:03,3.2723
16:53:04,3.2698
16:53:05,3.2698
16:53:06,3.2674
16:53:07,3.2711
16:53:08,3.2711
16:53:09,3.2723
16:53:10,3.265
16:53:11,3.2674
16:53:12,3.2711
16:53:13,3.2662
16:53:14,3.2698
16:53:15,3.2662
16:53:16,3.2711
16:53:17,3.2711
16:53:18,3.2674
16:53:19,3.2686
16:53:20,3.2723
16:53:21,3.2686
16:53:22,3.2662
16:53:23,3.2674
16:53:24,3.2723
16:53:25,3.2698
16:53:26,3.2723
16:53:27,3.2698
16:53:28,3.2686
16:53:29,3.2698
16:53:30,3.2637
16:53:31,3.2686
16:53:32,3.2674
16:53:33,3.2662
16:53:34,3.2674
16:53:35,3.2662
16:53:36,3.2674
16:53:37,3.2637
16:53:38,3.2674
16:53:39,3.2662
16:53:40,3.2674
16:53:41,3.2662
16:53:42,3.2662
16:53:43,3.265
16:53:44,3.2662
16:53:45,3.265
16:53:46,3.2698
16:53:47,3.265
16:53:48,3.2637
16:53:49,3.2613
16:53:50,3.2637
16:53:51,3.2625
16:53:53,3.2686
16:53:54,3.2613
16:53:55,3.2613
16:53:56,3.2625
16:53:57,3.2625
16:53:58,3.2637
16:53:59,3.2625
16:54:00,3.2601
16:54:01,3.2637
16:54:02,3.2589
16:54:03,3.2601
16:54:04,3.2625
16:54:05,3.2589
16:54:06,3.2613
16:54:07,3.265
16:54:08,3.2589
16:54:09,3.2625
16:54:10,3.2601
16:54:11,3.2625
16:54:12,3.2601
16:54:13,3.2613
16:54:14,3.2601
16:54:15,3.2576
16:54:16,3.2613
16:54:17,3.2576
16:54:18,3.2637
16:54:19,3.2589
16:54:20,3.2601
16:54:21,3.2564
16:54:22,3.2601
16:54:23,3.2564
16:54:24,3.2589
16:54:25,3.2589
16:54:26,3.2613
16:54:27,3.2601
16:54:28,3.2589
16:54:29,3.2564
16:54:30,3.2589
16:54:31,3.2601
16:54:32,3.2625
16:54:33,3.2564
16:54:34,3.2613
16:54:35,3.2564
16:54:36,3.254
16:54:37,3.2564
16:54:38,3.2613
16:54:39,3.254
16:54:40,3.2601
16:54:41,3.2552
16:54:42,3.2552
16:54:43,3.2589
16:54:44,3.2576
16:54:45,3.2576
16:54:46,3.2576
16:54:47,3.2564
16:54:48,3.2564
16:54:49,3.2576
16:54:51,3.2589
16:54:52,3.2576
16:54:53,3.2552
16:54:54,3.254
16:54:55,3.2564
16:54:56,3.2527
16:54:57,3.254
16:54:58,3.254
16:54:59,3.2576
16:55:00,3.2552
16:55:01,3.2552
16:55:02,3.2552
16:55:03,3.254
16:55:04,3.2589
16:55:05,3.2601
16:55:06,3.2552
16:55:07,3.2564
16:55:08,3.2527
16:55:09,3.2576
16:55:10,3.2564
16:55:11,3.2601
16:55:12,3.2601
16:55:13,3.2576
16:55:14,3.2589
16:55:15,3.2576
16:55:16,3.2576
16:55:17,3.2564
16:55:18,3.2576
16:55:19,3.2613
16:55:20,3.2589
16:55:21,3.2625
16:55:22,3.2625
16:55:23,3.2625
16:55:24,3.2601
16:55:25,3.2601
16:55:26,3.2613
16:55:27,3.2625
16:55:28,3.2625
16:55:29,3.2625
16:55:30,3.2601
16:55:31,3.2637
16:55:32,3.2625
16:55:33,3.2625
16:55:34,3.2613
16:55:35,3.2637
16:55:36,3.2613
16:55:37,3.2613
16:55:38,3.2613
16:55:39,3.2601
16:55:40,3.2613
16:55:41,3.2613
16:55:42,3.2625
16:55:43,3.2576
16:55:44,3.2625
16:55:45,3.2576
16:55:46,3.2564
16:55:47,3.2613
16:55:48,3.2625
16:55:49,3.2613
16:55:51,3.2625
16:55:52,3.2613
16:55:53,3.2576
16:55:54,3.2601
16:55:55,3.2576
16:55:56,3.2564
16:55:57,3.2601
16:55:58,3.2589
16:55:59,3.2589
16:56:00,3.2576
16:56:01,3.2576
16:56:02,3.2576
16:56:03,3.2576
16:56:04,3.2589
16:56:05,3.2564
16:56:06,3.2601
16:56:07,3.2564
16:56:08,3.2564
16:56:09,3.2589
16:56:10,3.2527
16:56:11,3.2601
16:56:12,3.2564
16:56:13,3.2576
16:56:14,3.2589
16:56:15,3.2576
16:56:16,3.2589
16:56:17,3.254
16:56:18,3.2601
16:56:19,3.2564
16:56:20,3.2564
16:56:21,3.2576
16:56:22,3.2601
16:56:23,3.2564
16:56:24,3.254
16:56:25,3.2527
16:56:26,3.2576
16:56:27,3.2527
16:56:28,3.254
16:56:29,3.2601
16:56:30,3.2564
16:56:31,3.2576
16:56:32,3.2527
16:56:33,3.2576
16:56:34,3.2576
16:56:35,3.2552
16:56:36,3.2527
16:56:37,3.2552
16:56:38,3.2552
16:56:39,3.2564
16:56:40,3.2515
16:56:41,3.2564
16:56:42,3.2527
16:56:43,3.2503
16:56:44,3.254
16:56:45,3.2491
16:56:46,3.2589
16:56:47,3.2515
16:56:49,3.2515
16:56:50,3.2515
16:56:51,3.2552
16:56:52,3.2515
16:56:53,3.2527
16:56:54,3.254
16:56:55,3.2491
16:56:56,3.2503
16:56:57,3.2479
16:56:58,3.2527
16:56:59,3.2479
16:57:00,3.2491
16:57:01,3.2515
16:57:02,3.2466
16:57:03,3.2527
16:57:04,3.2503
16:57:05,3.2527
16:57:06,3.2503
16:57:07,3.2527
16:57:08,3.2515
16:57:09,3.2503
16:57:10,3.2515
16:57:11,3.2527
16:57:12,3.2479
16:57:13,3.2491
16:57:14,3.2491
16:57:15,3.2491
16:57:16,3.2515
16:57:17,3.2442
16:57:18,3.2503
16:57:19,3.2503
16:57:20,3.2503
16:57:21,3.2515
16:57:22,3.2527
16:57:23,3.2503
16:57:24,3.2503
16:57:25,3.2503
16:57:26,3.2491
16:57:27,3.254
16:57:28,3.2479
16:57:29,3.2503
16:57:30,3.2503
16:57:31,3.2515
16:57:32,3.2491
16:57:33,3.254
16:57:34,3.2503
16:57:35,3.2503
16:57:36,3.2479
16:57:37,3.2515
16:57:38,3.2515
16:57:39,3.2491
16:57:40,3.2527
16:57:41,3.2527
16:57:42,3.2527
16:57:43,3.2479
16:57:44,3.2479
16:57:45,3.2466
16:57:46,3.2503
16:57:48,3.2503
16:57:49,3.2466
16:57:50,3.2527
16:57:51,3.2515
16:57:52,3.2491
16:57:53,3.2503
16:57:54,3.2479
16:57:55,3.2503
16:57:56,3.2503
16:57:57,3.2442
16:57:58,3.2503
16:57:59,3.2491
16:58:00,3.2491
16:58:01,3.2515
16:58:02,3.2466
16:58:03,3.2491
16:58:04,3.2454
16:58:05,3.2515
16:58:06,3.2479
16:58:07,3.2466
16:58:08,3.2466
16:58:09,3.2527
16:58:10,3.2515
16:58:11,3.2503
16:58:12,3.2442
16:58:13,3.2527
16:58:14,3.2503
16:58:15,3.2503
16:58:16,3.2479
16:58:17,3.2503
16:58:18,3.2466
16:58:19,3.2527
16:58:20,3.2479
16:58:21,3.2491
16:58:22,3.2503
16:58:23,3.254
16:58:24,3.2479
16:58:25,3.2503
16:58:26,3.2454
16:58:27,3.2479
16:58:28,3.2491
16:58:29,3.2479
16:58:30,3.2503
16:58:31,3.2515
16:58:32,3.2491
16:58:33,3.2527
16:58:34,3.2503
16:58:35,3.2503
16:58:36,3.2491
16:58:37,3.2503
16:58:38,3.2515
16:58:39,3.2479
16:58:40,3.2479
16:58:41,3.2491
16:58:42,3.2466
16:58:44,3.2515
16:58:45,3.2503
16:58:46,3.2503
16:58:47,3.2491
16:58:48,3.2491
16:58:49,3.2503
16:58:50,3.2503
16:58:51,3.2491
16:58:52,3.2515
16:58:53,3.2479
16:58:54,3.2503
16:58:55,3.2479
16:58:56,3.2491
16:58:57,3.2479
16:58:58,3.2466
16:58:59,3.2454
16:59:00,3.2491
16:59:01,3.2503
16:59:02,3.2466
16:59:03,3.2491
16:59:04,3.2466
16:59:05,3.2454
16:59:06,3.243
16:59:07,3.2466
16:59:08,3.2466
16:59:09,3.2418
16:59:10,3.2418
16:59:11,3.2466
16:59:12,3.2491
16:59:13,3.2466
16:59:14,3.2466
16:59:15,3.2466
16:59:16,3.2479
16:59:17,3.2503
16:59:18,3.2442
16:59:19,3.2454
16:59:20,3.2479
16:59:21,3.2466
16:59:22,3.2479
16:59:23,3.243
16:59:24,3.2466
16:59:25,3.2466
16:59:26,3.2466
16:59:27,3.2466
16:59:28,3.2454
16:59:29,3.2503
16:59:30,3.2442
16:59:31,3.2491
16:59:32,3.2479
16:59:33,3.2479
16:59:34,3.2503
16:59:35,3.2491
16:59:36,3.2454
16:59:37,3.2503
16:59:38,3.243
16:59:39,3.2515
16:59:40,3.2503
16:59:41,3.2515
16:59:43,3.2515
16:59:44,3.2515
16:59:45,3.2491
16:59:46,3.2491
16:59:47,3.2503
16:59:48,3.2491
16:59:49,3.2552
16:59:50,3.2552
16:59:51,3.2491
16:59:52,3.2466
16:59:53,3.2466
16:59:54,3.2503
16:59:55,3.2515
16:59:56,3.2491
16:59:57,3.2515
16:59:58,3.2552
16:59:59,3.2503
17:00:00,3.254
17:00:01,3.2503
17:00:02,3.254
17:00:03,3.2515
17:00:04,3.2552
17:00:05,3.2527
17:00:06,3.2527
17:00:07,3.2589
17:00:08,3.2527
17:00:09,3.2527
17:00:10,3.2552
17:00:11,3.2527
17:00:12,3.2552
17:00:13,3.2552
17:00:14,3.2515
17:00:15,3.2552
17:00:16,3.254
17:00:17,3.2576
17:00:18,3.2576
17:00:19,3.2552
17:00:20,3.2491
17:00:21,3.2552
17:00:22,3.2564
17:00:23,3.2589
17:00:24,3.2576
17:00:25,3.2552
17:00:26,3.2564
17:00:27,3.2576
17:00:28,3.2576
17:00:29,3.2552
17:00:30,3.2576
17:00:31,3.2576
17:00:32,3.2564
17:00:33,3.2552
17:00:34,3.2613
17:00:35,3.2564
17:00:36,3.2564
17:00:37,3.2589
17:00:38,3.2613
17:00:39,3.2625
17:00:40,3.2589
17:00:42,2.3297
17:00:43,3.1306
17:00:44,3.1648
17:00:45,3.199
17:00:46,3.2283
17:00:47,2.7643
17:00:48,3.2625
17:00:49,3.2625
17:00:50,3.2576
17:00:51,3.2613
17:00:52,3.2674
17:00:53,3.2625
17:00:54,3.265
17:00:55,3.2625
17:00:56,3.2625
17:00:57,3.2637
17:00:58,3.2637
17:00:59,3.2698
17:01:00,3.265
17:01:01,3.2625
17:01:02,3.2686
17:01:03,3.2674
17:01:04,3.2637
17:01:05,3.2735
17:01:06,3.2637
17:01:07,3.265
17:01:08,3.2674
17:01:09,3.2723
17:01:10,3.2686
17:01:11,3.2723
17:01:12,3.2723
17:01:13,3.2711
17:01:14,3.2686
17:01:15,3.2698
17:01:16,3.2711
17:01:17,3.2686
17:01:18,3.2735
17:01:19,3.2711
17:01:20,3.2698
17:01:21,3.2735
17:01:22,3.2735
17:01:23,3.2662
17:01:24,3.2698
17:01:25,3.2711
17:01:26,3.2723
17:01:27,3.2711
17:01:28,3.2686
17:01:29,3.2698
17:01:30,3.2747
17:01:31,3.2723
17:01:32,3.2711
17:01:33,3.2686
17:01:34,3.2759
17:01:35,3.2723
17:01:36,3.2723
17:01:37,3.2735
17:01:38,3.2759
17:01:39,3.2759
17:01:40,3.2772
17:01:42,3.2735
17:01:43,3.2747
17:01:44,3.2747
17:01:45,3.2735
17:01:46,3.2711
17:01:47,3.2772
17:01:48,3.2735
17:01:49,3.2772
17:01:50,3.2759
17:01:51,3.2796
17:01:52,3.2772
17:01:53,3.2772
17:01:54,3.2796
17:01:55,3.2772
17:01:56,3.2796
17:01:57,3.2821
17:01:58,3.2772
17:01:59,3.2821
17:02:00,3.2796
17:02:01,3.2808
17:02:02,3.2808
17:02:03,3.2796
17:02:04,3.2772
17:02:05,3.2821
17:02:06,3.2821
17:02:07,3.2821
17:02:08,3.2821
17:02:09,3.2845
17:02:10,3.2833
17:02:11,3.2821
17:02:12,3.2821
17:02:13,3.2808
17:02:14,3.2845
17:02:15,3.2821
17:02:16,3.2845
17:02:17,3.2845
17:02:18,3.2857
17:02:19,3.2845
17:02:20,3.2857
17:02:21,3.2857
17:02:22,3.2833
17:02:23,3.2882
17:02:24,3.2906
17:02:25,3.2869
17:02:26,3.2869
17:02:27,3.2894
17:02:28,3.2894
17:02:29,3.2894
17:02:30,3.2869
17:02:31,3.2918
17:02:32,3.2943
17:02:33,2.6068
17:02:34,3.2918
17:02:35,3.293
17:02:36,2.5702
17:02:37,2.5897
17:02:38,3.2967
17:02:39,3.2943
17:02:41,3.293
17:02:42,2.6716
17:02:43,2.5873
17:02:44,3.2955
17:02:45,3.2955
17:02:46,3.2943
17:02:47,3.293
17:02:48,3.2967
17:02:49,3.2955
17:02:50,2.6007
17:02:51,2.5946
17:02:52,3.2991
17:02:53,3.2967
17:02:54,3.3004
17:02:55,2.6081
17:02:56,2.5971
17:02:57,2.6032
17:02:58,3.2991
17:02:59,3.2869
17:03:00,2.6508
17:03:01,3.3004
17:03:02,3.3028
17:03:03,3.304
17:03:04,3.3016
17:03:05,2.6422
17:03:06,2.5897
17:03:07,3.3053
17:03:08,3.3065
17:03:09,3.3053
17:03:10,2.5983
17:03:11,2.7643
17:03:12,3.3089
17:03:13,3.304
17:03:14,3.304
17:03:15,3.3089
17:03:16,3.3053
17:03:17,3.3065
17:03:18,3.3065
17:03:19,3.3114
17:03:20,3.3114
17:03:21,3.3089
17:03:22,2.735
17:03:23,3.3126
17:03:24,3.3114
17:03:25,3.3114
17:03:26,2.6691
17:03:27,2.6007
17:03:28,2.6105
17:03:29,3.3114
17:03:30,3.3138
17:03:31,3.3101
17:03:32,2.619
17:03:33,3.3114
17:03:34,3.315
17:03:35,3.3114
17:03:36,3.3162
17:03:37,2.6471
17:03:38,3.3162
17:03:39,3.3138
17:03:41,3.3138
17:03:42,3.3089
17:03:43,3.3187
17:03:44,3.3138
17:03:45,3.3138
17:03:46,3.3162
17:03:47,3.3162
17:03:48,2.7265
17:03:49,3.3199
17:03:50,3.3211
17:03:51,3.3199
17:03:52,3.3199
17:03:53,3.3236
17:03:54,3.3284
17:03:55,3.3211
17:03:56,3.3284
17:03:57,3.3284
17:03:58,2.5739
17:03:59,3.3297
17:04:00,3.3284
17:04:01,3.3333
17:04:02,2.6093
17:04:03,2.6142
17:04:04,3.3358
17:04:05,3.3407
17:04:06,3.0281
17:04:07,2.6032
17:04:08,3.3358
17:04:09,3.3407
17:04:10,3.3407
17:04:11,3.0598
17:04:12,2.6337
17:04:13,3.3431
17:04:14,3.3431
17:04:15,3.3455
17:04:16,3.3443
17:04:17,2.6276
17:04:18,3.3504
17:04:19,3.3504
17:04:20,3.3553
17:04:21,3.3602
17:04:22,3.3651
17:04:23,2.6471
17:04:24,2.652
17:04:25,2.7106
17:04:26,3.4017
17:04:27,3.42
17:04:28,3.4335
17:04:29,3.4505
17:04:30,3.4603
17:04:31,3.4628
17:04:32,3.4676
17:04:33,3.4774
17:04:34,3.4664
17:04:35,3.4628
17:04:36,3.4579
17:04:37,3.4542
17:04:38,3.4493
17:04:39,3.4481
17:04:41,3.4518
17:04:42,3.453
17:04:43,3.4493
17:04:44,3.453
17:04:45,3.4505
17:04:46,3.4505
17:04:47,3.4457
17:04:48,3.442
17:04:49,3.4432
17:04:50,3.4383
17:04:51,3.4335
17:04:52,3.4286
17:04:53,3.4274
17:04:54,3.4225
17:04:55,3.4176
17:04:56,3.4151
17:04:57,3.4139
17:04:58,3.4188
17:04:59,3.4225
17:05:00,3.42
17:05:01,3.4212
17:05:02,3.4286
17:05:03,3.4261
17:05:04,3.4286
17:05:05,3.431
17:05:06,3.4383
17:05:07,3.4383
17:05:08,3.4383
17:05:09,3.442
17:05:10,3.4481
17:05:11,3.4457
17:05:12,3.4457
17:05:13,3.4383
17:05:14,3.4335
17:05:15,3.4261
17:05:16,3.4212
17:05:17,3.4029
17:05:18,3.3944
17:05:19,3.3834
17:05:20,3.3785
17:05:21,3.3712
17:05:22,3.3651
17:05:23,3.3529
17:05:24,3.348
17:05:25,3.3419
17:05:26,3.3394
17:05:27,3.3455
17:05:28,3.3419
17:05:29,3.3346
17:05:30,3.3346
17:05:31,3.3394
17:05:32,3.3358
17:05:33,3.3431
17:05:34,3.3407
17:05:35,3.3431
17:05:36,3.337
17:05:37,3.3382
17:05:39,3.3407
17:05:40,3.3407
17:05:41,3.3468
17:05:42,3.3419
17:05:43,3.3407
17:05:44,3.3504
17:05:45,3.3407
17:05:46,3.3431
17:05:47,3.3492
17:05:48,3.3419
17:05:49,3.3419
17:05:50,3.3492
17:05:51,3.348
17:05:52,3.3468
17:05:53,3.348
17:05:54,3.3504
17:05:55,3.3529
17:05:56,3.348
17:05:57,3.3455
17:05:58,3.3516
17:05:59,3.3504
17:06:00,3.3419
17:06:01,3.3394
17:06:02,3.3407
17:06:03,3.3455
17:06:04,3.3407
17:06:05,3.3394
17:06:06,3.337
17:06:07,3.337
17:06:08,3.3394
17:06:09,3.3358
17:06:10,3.3358
17:06:11,3.3382
17:06:12,3.3321
17:06:13,3.3309
17:06:14,3.3333
17:06:15,3.3382
17:06:16,3.3309
17:06:17,3.3333
17:06:18,3.3309
17:06:19,3.3284
17:06:20,3.3309
17:06:21,3.3297
17:06:22,3.3321
17:06:23,3.3272
17:06:24,3.3309
17:06:25,3.3309
17:06:26,3.3297
17:06:27,3.3297
17:06:28,3.3321
17:06:29,3.326
17:06:30,3.326
17:06:31,3.3284
17:06:32,3.326
17:06:33,3.3211
17:06:34,3.3309
17:06:35,3.3223
17:06:37,3.3223
17:06:38,3.3236
17:06:39,3.3223
17:06:40,3.3272
17:06:41,3.3236
17:06:42,3.3223
17:06:43,3.3211
17:06:44,3.3211
17:06:45,3.3199
17:06:46,3.3236
17:06:47,3.3248
17:06:48,3.3236
17:06:49,3.3236
17:06:50,3.3272
17:06:51,3.326
17:06:52,3.3211
17:06:53,3.3199
17:06:54,3.3199
17:06:55,3.3162
17:06:56,3.3236
17:06:57,3.3162
17:06:58,3.3162
17:06:59,3.3162
17:07:00,3.3223
17:07:01,3.3175
17:07:02,3.3126
17:07:03,3.3187
17:07:04,3.3175
17:07:05,3.3175
17:07:06,3.3175
17:07:07,3.3138
17:07:08,3.3162
17:07:09,3.3187
17:07:10,3.3114
17:07:11,3.3162
17:07:12,3.3211
17:07:13,3.3162
17:07:14,3.3162
17:07:15,3.3101
17:07:16,3.3089
17:07:17,3.3162
17:07:18,3.315
17:07:19,3.3077
17:07:20,3.315
17:07:21,3.3126
17:07:22,3.3077
17:07:23,3.3126
17:07:24,3.3114
17:07:25,3.3065
17:07:26,3.3114
17:07:27,3.3101
17:07:28,3.3065
17:07:29,3.3138
17:07:30,3.3089
17:07:31,3.3114
17:07:32,3.3101
17:07:33,3.3101
17:07:34,3.3114
17:07:36,3.3053
17:07:37,3.3077
17:07:38,3.3114
17:07:39,3.3126
17:07:40,3.3101
17:07:41,3.3114
17:07:42,3.3065
17:07:43,3.3089
17:07:44,3.3101
17:07:45,3.3053
17:07:46,3.304
17:07:47,3.3016
17:07:48,3.304
17:07:49,3.3053
17:07:50,3.3065
17:07:51,3.3077
17:07:52,3.3089
17:07:53,3.3053
17:07:54,3.3114
17:07:55,3.3101
17:07:56,3.3053
17:07:57,3.2979
17:07:58,3.3016
17:07:59,3.304
17:08:00,3.3065
17:08:01,3.2991
17:08:02,3.3065
17:08:03,3.3089
17:08:04,3.2991
17:08:05,3.3053
17:08:06,3.304
17:08:07,3.3053
17:08:08,3.3016
17:08:09,3.3016
17:08:10,3.3077
17:08:11,3.3016
17:08:12,3.3004
17:08:13,3.3028
17:08:14,3.3004
17:08:15,3.2991
17:08:16,3.3016
17:08:17,3.3004
17:08:18,3.3016
17:08:19,3.3016
17:08:20,3.3016
17:08:21,3.3016
17:08:22,3.3028
17:08:23,3.3016
17:08:24,3.3016
17:08:25,3.3016
17:08:26,3.2979
17:08:27,3.3004
17:08:28,3.3004
17:08:29,3.2967
17:08:30,3.3016
17:08:31,3.2967
17:08:32,3.3004
17:08:33,3.2955
17:08:34,3.3004
17:08:36,3.3004
17:08:37,3.304
17:08:38,3.2967
17:08:39,3.2967
17:08:40,3.2918
17:08:41,3.2967
17:08:42,3.2967
17:08:43,3.2967
17:08:44,3.2967
17:08:45,3.2979
17:08:46,3.293
17:08:47,3.2967
17:08:48,3.3004
17:08:49,3.2991
17:08:50,3.3004
17:08:51,3.2991
17:08:52,3.2967
17:08:53,3.2967
17:08:54,3.2979
17:08:55,3.2967
17:08:56,3.3004
17:08:57,3.2955
17:08:58,3.2979
17:08:59,3.3016
17:09:00,3.3016
17:09:01,3.3004
17:09:02,3.2967
17:09:03,3.2918
17:09:04,3.2967
17:09:05,3.2991
17:09:06,3.2943
17:09:07,3.2967
17:09:08,3.2943
17:09:09,3.2918
17:09:10,3.2967
17:09:11,3.2894
17:09:12,3.2918
17:09:13,3.293
17:09:14,3.2943
17:09:15,3.2943
17:09:16,3.2918
17:09:17,3.2894
17:09:18,3.2918
17:09:19,3.2869
17:09:20,3.293
17:09:21,3.2869
17:09:22,3.2918
17:09:23,3.2869
17:09:24,3.2882
17:09:25,3.2943
17:09:26,3.2943
17:09:27,3.2894
17:09:28,3.2857
17:09:29,3.2845
17:09:30,3.2882
17:09:31,3.2857
17:09:32,3.2882
17:09:33,3.2869
17:09:34,3.2882
17:09:35,3.2869
17:09:37,3.2918
17:09:38,3.2845
17:09:39,3.2857
17:09:40,3.2869
17:09:41,3.2882
17:09:42,3.2821
17:09:43,3.2857
17:09:44,3.2869
17:09:45,3.2833
17:09:46,3.2845
17:09:47,3.2833
17:09:48,3.2821
17:09:49,3.2821
17:09:50,3.2845
17:09:51,3.2845
17:09:52,3.2833
17:09:53,3.2808
17:09:54,3.2821
17:09:55,3.2869
17:09:56,3.2833
17:09:57,3.2821
17:09:58,3.2821
17:09:59,3.2808
17:10:00,3.2808
17:10:01,3.2821
17:10:02,3.2821
17:10:03,3.2772
17:10:04,3.2821
17:10:05,3.2821
17:10:06,3.2808
17:10:07,3.2821
17:10:08,3.2821
17:10:09,3.2796
17:10:10,3.2821
17:10:11,3.2821
17:10:12,3.2808
17:10:13,3.2845
17:10:14,3.2821
17:10:15,3.2784
17:10:16,3.2833
17:10:17,3.2772
17:10:18,3.2759
17:10:19,3.2821
17:10:20,3.2735
17:10:21,3.2747
17:10:22,3.2772
17:10:23,3.2784
17:10:24,3.2735
17:10:25,3.2821
17:10:26,3.2821
17:10:27,3.2759
17:10:28,3.2747
17:10:29,3.2808
17:10:30,3.2821
17:10:31,3.2784
17:10:32,3.2808
17:10:33,3.2821
17:10:34,3.2808
17:10:36,3.2784
17:10:37,3.2845
17:10:38,3.2857
17:10:39,3.2796
17:10:40,3.2759
17:10:41,3.2808
17:10:42,3.2833
17:10:43,3.2808
17:10:44,3.2772
17:10:45,3.2821
17:10:46,3.2784
17:10:47,3.2808
17:10:48,3.2845
17:10:49,3.2845
17:10:50,3.2821
17:10:51,3.2821
17:10:52,3.2808
17:10:53,3.2821
17:10:54,3.2821
17:10:55,3.2845
17:10:56,3.2845
17:10:57,3.2808
17:10:58,3.2882
17:10:59,3.2821
17:11:00,3.2833
17:11:01,3.2821
17:11:02,3.2845
17:11:03,3.2821
17:11:04,3.2821
17:11:05,3.2821
17:11:06,3.2821
17:11:07,3.2821
17:11:08,3.2857
17:11:09,3.2845
17:11:10,3.2821
17:11:11,3.2882
17:11:12,3.2821
17:11:13,3.2857
17:11:14,3.2918
17:11:15,3.2857
17:11:16,3.2821
17:11:17,3.2894
17:11:18,3.2882
17:11:19,3.2869
17:11:20,3.2857
17:11:21,3.2857
17:11:22,3.2894
17:11:23,3.2833
17:11:24,3.2857
17:11:25,3.2845
17:11:26,3.2894
17:11:27,3.2894
17:11:28,3.2894
17:11:29,3.2882
17:11:30,3.2821
17:11:31,3.2857
17:11:32,3.2869
17:11:33,3.2869
17:11:35,3.2845
17:11:36,3.2857
17:11:37,3.2869
17:11:38,3.2918
17:11:39,3.2869
17:11:40,3.2857
17:11:41,3.2906
17:11:42,3.2869
17:11:43,3.2869
17:11:44,3.2869
17:11:45,3.2894
17:11:46,3.2869
17:11:47,3.2894
17:11:48,3.2894
17:11:49,3.2869
17:11:50,3.2882
17:11:51,3.2869
17:11:52,3.2869
17:11:53,3.2869
17:11:54,3.2943
17:11:55,3.2857
17:11:56,3.2906
17:11:57,3.2869
17:11:58,3.2918
17:11:59,3.2882
17:12:00,3.2869
17:12:01,3.2869
17:12:02,3.2894
17:12:03,3.293
17:12:04,3.2894
17:12:05,3.2869
17:12:06,3.2918
17:12:07,3.2906
17:12:08,3.2869
17:12:09,3.2943
17:12:10,3.2869
17:12:11,3.2943
17:12:12,3.2906
17:12:13,3.2918
17:12:14,3.2979
17:12:15,3.2882
17:12:16,3.293
17:12:17,3.2918
17:12:18,3.2918
17:12:19,3.2943
17:12:20,3.2979
17:12:21,3.2955
17:12:22,3.2918
17:12:23,3.2955
17:12:24,3.2991
17:12:25,3.293
17:12:26,3.293
17:12:27,3.2955
17:12:28,3.2955
17:12:29,3.2979
17:12:30,3.2955
17:12:32,3.2955
17:12:33,3.3004
17:12:34,3.2967
17:12:35,3.2955
17:12:36,3.2979
17:12:37,3.304
17:12:38,3.3028
17:12:39,3.3004
17:12:40,3.3016
17:12:41,3.3016
17:12:42,3.304
17:12:43,3.3016
17:12:44,3.3053
17:12:45,3.3089
17:12:46,3.3065
17:12:47,3.3053
17:12:48,3.3162
17:12:49,3.3138
17:12:50,3.3211
17:12:51,3.3236
17:12:52,3.326
17:12:53,3.3284
17:12:54,3.3297
17:12:55,3.3333
17:12:56,3.3346
17:12:57,3.3284
17:12:58,3.3297
17:12:59,3.3297
17:13:00,3.3284
17:13:01,3.326
17:13:02,3.3248
17:13:03,3.3248
17:13:04,3.3199
17:13:05,3.3175
17:13:06,3.3089
17:13:07,3.3114
17:13:08,3.3114
17:13:09,3.3138
17:13:10,3.3089
17:13:11,3.3089
17:13:12,3.3065
17:13:13,3.3077
17:13:14,3.3138
17:13:15,3.3126
17:13:16,3.3101
17:13:17,3.315
17:13:18,3.3114
17:13:19,3.3162
17:13:20,3.3187
17:13:21,3.3223
17:13:22,3.3248
17:13:23,3.3248
17:13:24,3.3272
17:13:25,3.3309
17:13:26,3.3407
17:13:27,3.3443
17:13:28,3.3407
17:13:30,3.3455
17:13:31,3.3492
17:13:32,3.3455
17:13:33,3.3443
17:13:34,3.3455
17:13:35,3.348
17:13:36,3.3431
17:13:37,3.3394
17:13:38,3.3382
17:13:39,3.3407
17:13:40,3.3236
17:13:41,3.3187
17:13:42,3.3162
17:13:43,3.315
17:13:44,3.3114
17:13:45,3.3126
17:13:46,3.3101
17:13:47,3.3101
17:13:48,3.3114
17:13:49,3.3126
17:13:50,3.3138
17:13:51,3.3077
17:13:52,3.3089
17:13:53,3.3114
17:13:54,3.3089
17:13:55,3.3089
17:13:56,3.3089
17:13:57,3.3053
17:13:58,3.3101
17:13:59,3.3101
17:14:00,3.3065
17:14:01,3.3053
17:14:02,3.3101
17:14:03,3.3016
17:14:04,3.3053
17:14:05,3.3065
17:14:06,3.3053
17:14:07,3.3016
17:14:08,3.304
17:14:09,3.304
17:14:10,3.2967
17:14:11,3.3028
17:14:12,3.3053
17:14:13,3.2991
17:14:14,3.2979
17:14:15,3.3053
17:14:16,3.2991
17:14:17,3.3004
17:14:18,3.3016
17:14:19,3.2967
17:14:20,3.2979
17:14:21,3.3004
17:14:22,3.3028
17:14:23,3.2967
17:14:24,3.2955
17:14:25,3.3004
17:14:26,3.2955
17:14:28,3.2967
17:14:29,3.293
17:14:30,3.2955
17:14:31,3.2967
17:14:32,3.293
17:14:33,3.2967
17:14:34,3.2943
17:14:35,3.2943
17:14:36,3.2906
17:14:37,3.2967
17:14:38,3.2918
17:14:39,3.2906
17:14:40,3.293
17:14:41,3.2918
17:14:42,3.293
17:14:43,3.2906
17:14:44,3.2882
17:14:45,3.293
17:14:46,3.2906
17:14:47,3.2882
17:14:48,3.2906
17:14:49,3.2906
17:14:50,3.2918
17:14:51,3.2882
17:14:52,3.2869
17:14:53,3.2906
17:14:54,3.2869
17:14:55,3.2918
17:14:56,3.2857
17:14:57,3.2845
17:14:58,3.2882
17:14:59,3.2857
17:15:00,3.2882
17:15:01,3.2845
17:15:02,3.2869
17:15:03,3.2967
17:15:04,3.2857
17:15:05,3.2918
17:15:06,3.2869
17:15:07,3.2943
17:15:08,3.2894
17:15:09,3.2882
17:15:10,3.293
17:15:11,3.2869
17:15:12,3.2906
17:15:13,3.2894
17:15:14,3.2906
17:15:15,3.2906
17:15:16,3.2869
17:15:17,3.2894
17:15:18,3.2918
17:15:19,3.2869
17:15:20,3.2906
17:15:21,3.2906
17:15:22,3.2882
17:15:23,3.2845
17:15:24,3.2845
17:15:25,3.293
17:15:26,3.2845
17:15:28,3.2821
17:15:29,3.2906
17:15:30,3.2955
17:15:31,3.2869
17:15:32,3.2882
17:15:33,3.2894
17:15:34,3.2906
17:15:35,3.2918
17:15:36,3.2869
17:15:37,3.2906
17:15:38,3.2869
17:15:39,3.2857
17:15:40,3.2869
17:15:41,3.2906
17:15:42,3.2857
17:15:43,3.2894
17:15:44,3.2869
17:15:45,3.2918
17:15:46,3.2894
17:15:47,3.2869
17:15:48,3.2882
17:15:49,3.2906
17:15:50,3.2845
17:15:51,3.2894
17:15:52,3.2869
17:15:53,3.2869
17:15:54,3.2869
17:15:55,3.2857
17:15:56,3.2869
17:15:57,3.2857
17:15:58,3.2918
17:15:59,3.2833
17:16:00,3.2882
17:16:01,3.2894
17:16:02,3.2857
17:16:03,3.2894
17:16:04,3.2869
17:16:05,3.2882
17:16:06,3.2882
17:16:07,3.2882
17:16:08,3.2943
17:16:09,3.2869
17:16:10,3.2821
17:16:11,3.2869
17:16:12,3.2906
17:16:13,3.2869
17:16:14,3.2918
17:16:15,3.2857
17:16:16,3.2906
17:16:17,3.2894
17:16:18,3.2869
17:16:19,3.2918
17:16:20,3.2894
17:16:21,3.2918
17:16:22,3.2857
17:16:23,3.2906
17:16:24,3.2894
17:16:25,3.2857
17:16:27,3.2906
17:16:28,3.2918
17:16:29,3.2906
17:16:30,3.2894
17:16:31,3.2845
17:16:32,3.293
17:16:33,3.2869
17:16:34,3.2857
17:16:35,3.2906
17:16:36,3.2882
17:16:37,3.2894
17:16:38,3.2857
17:16:39,3.2882
17:16:40,3.2894
17:16:41,3.2918
17:16:42,3.2906
17:16:43,3.2869
17:16:44,3.2955
17:16:45,3.2906
17:16:46,3.2882
17:16:47,3.2882
17:16:48,3.2894
17:16:49,3.2821
17:16:50,3.2869
17:16:51,3.2857
17:16:52,3.2906
17:16:53,3.2869
17:16:54,3.2882
17:16:55,3.293
17:16:56,3.2882
17:16:57,3.2918
17:16:58,3.2882
17:16:59,3.2869
17:17:00,3.2821
17:17:01,3.2845
17:17:02,3.2869
17:17:03,3.2857
17:17:04,3.2833
17:17:05,3.2869
17:17:06,3.2894
17:17:07,3.2857
17:17:08,3.2894
17:17:09,3.2906
17:17:10,3.2857
17:17:11,3.2869
17:17:12,3.2857
17:17:13,3.2869
17:17:14,3.2869
17:17:15,3.2894
17:17:16,3.2821
17:17:17,3.2821
17:17:18,3.2833
17:17:19,3.2918
17:17:20,3.2821
17:17:21,3.293
17:17:22,3.2918
17:17:23,3.2918
17:17:24,3.293
17:17:26,3.2894
17:17:27,3.2857
17:17:28,3.2894
17:17:29,3.2857
17:17:30,3.2845
17:17:31,3.2918
17:17:32,3.2857
17:17:33,3.2833
17:17:34,3.2906
17:17:35,3.2906
17:17:36,3.2869
17:17:37,3.2918
17:17:38,3.2845
17:17:39,3.2882
17:17:40,3.2869
17:17:41,3.2845
17:17:42,3.2882
17:17:43,3.2894
17:17:44,3.2833
17:17:45,3.2857
17:17:46,3.2857
17:17:47,3.2918
17:17:48,3.2882
17:17:49,3.2882
17:17:50,3.2918
17:17:51,3.2869
17:17:52,3.2894
17:17:53,3.2906
17:17:54,3.2869
17:17:55,3.2894
17:17:56,3.2869
17:17:57,3.2882
17:17:58,3.2918
17:17:59,3.2894
17:18:00,3.2869
17:18:01,3.2906
17:18:02,3.2918
17:18:03,3.293
17:18:04,3.2894
17:18:05,3.2869
17:18:06,3.2869
17:18:07,3.2894
17:18:08,3.2943
17:18:09,3.2882
17:18:10,3.2882
17:18:11,3.2943
17:18:12,3.2882
17:18:13,3.2894
17:18:14,3.2918
17:18:15,3.2906
17:18:16,3.2869
17:18:17,3.2894
17:18:18,3.2906
17:18:19,3.2869
17:18:20,3.2894
17:18:21,3.2882
17:18:22,3.2845
17:18:23,3.2894
17:18:24,3.2869
17:18:26,3.2857
17:18:27,3.2857
17:18:28,3.2906
17:18:29,3.2845
17:18:30,3.2882
17:18:31,3.2918
17:18:32,3.2857
17:18:33,3.2906
17:18:34,3.2894
17:18:35,3.2869
17:18:36,3.2869
17:18:37,3.2869
17:18:38,3.2845
17:18:39,3.2918
17:18:40,3.2906
17:18:41,3.2882
17:18:42,3.2882
17:18:43,3.293
17:18:44,3.2882
17:18:45,3.2906
17:18:46,3.2918
17:18:47,3.2894
17:18:48,3.2955
17:18:49,3.293
17:18:50,3.2906
17:18:51,3.2943
17:18:52,3.293
17:18:53,3.2943
17:18:54,3.2955
17:18:55,3.293
17:18:56,3.2943
17:18:57,3.2967
17:18:58,3.2955
17:18:59,3.2979
17:19:00,3.2955
17:19:01,3.2943
17:19:02,3.3016
17:19:03,3.2991
17:19:04,3.2991
17:19:05,3.2991
17:19:06,3.2991
17:19:07,3.2943
17:19:08,3.3004
17:19:09,3.2991
17:19:10,3.3053
17:19:11,3.2955
17:19:12,3.304
17:19:13,3.3004
17:19:14,3.3004
17:19:15,3.2967
17:19:16,3.304
17:19:17,3.2967
17:19:18,3.3016
17:19:19,3.304
17:19:20,3.2979
17:19:21,3.3016
17:19:22,3.3004
17:19:23,3.304
17:19:24,3.3065
17:19:25,3.3016
17:19:27,3.3053
17:19:28,3.3004
17:19:29,3.304
17:19:30,3.304
17:19:31,3.3004
17:19:32,3.3028
17:19:33,3.2991
17:19:34,3.3004
17:19:35,3.3004
17:19:36,3.2967
17:19:37,3.3004
17:19:38,3.2979
17:19:39,3.2967
17:19:40,3.3028
17:19:41,3.2991
17:19:42,3.3028
17:19:43,3.3028
17:19:44,3.2967
17:19:45,3.3028
17:19:46,3.3016
17:19:47,3.3016
17:19:48,3.304
17:19:49,3.3016
17:19:50,3.3004
17:19:51,3.3004
17:19:52,3.3016
17:19:53,3.3028
17:19:54,3.2967
17:19:55,3.3016
17:19:56,3.3016
17:19:57,3.3004
17:19:58,3.3016
17:19:59,3.2955
17:20:00,3.2967
17:20:01,3.3028
17:20:02,3.2918
17:20:03,3.3004
17:20:04,3.2991
17:20:05,3.2991
17:20:06,3.3016
17:20:07,3.2991
17:20:08,3.3016
17:20:09,3.2991
17:20:10,3.2955
17:20:11,3.2991
17:20:12,3.2943
17:20:13,3.3004
17:20:14,3.2979
17:20:15,3.2967
17:20:16,3.3004
17:20:17,3.2943
17:20:18,3.2943
17:20:19,3.2979
17:20:20,3.2979
17:20:21,3.2943
17:20:22,3.2991
17:20:23,3.2955
17:20:24,3.2918
17:20:25,3.3004
17:20:26,3.2967
17:20:27,3.2943
17:20:28,3.3004
17:20:30,3.2967
17:20:31,3.2955
17:20:32,3.2979
17:20:33,3.2943
17:20:34,3.2955
17:20:35,3.2967
17:20:36,3.2967
17:20:37,3.2955
17:20:38,3.2967
17:20:39,3.2979
17:20:40,3.2979
17:20:41,3.2955
17:20:42,3.2991
17:20:43,3.3004
17:20:44,3.3004
17:20:45,3.2955
17:20:46,3.2979
17:20:47,3.3004
17:20:48,3.3004
17:20:49,3.2979
17:20:50,3.2991
17:20:51,3.0965
17:20:52,2.4884
17:20:53,3.2088
17:20:54,2.6215
17:20:55,3.2894
17:20:56,3.3004
17:20:57,3.3138
17:20:58,3.304
17:20:59,2.6386
17:21:00,2.6581
17:21:01,3.3089
17:21:02,3.3065
17:21:03,3.3114
17:21:04,3.3089
17:21:05,3.3114
17:21:06,3.3065
17:21:07,3.3065
17:21:08,3.3089
17:21:09,3.3065
17:21:10,3.3101
17:21:11,3.3065
17:21:12,3.304
17:21:13,3.3053
17:21:14,3.3089
17:21:15,3.3065
17:21:16,3.3016
17:21:17,3.3065
17:21:18,3.3065
17:21:19,3.3053
17:21:20,3.304
17:21:21,3.3016
17:21:22,3.3065
17:21:23,3.3065
17:21:24,3.3004
17:21:25,3.304
17:21:26,3.304
17:21:27,3.2991
17:21:28,3.2991
17:21:29,3.3053
17:21:30,3.3004
17:21:32,3.3004
17:21:33,3.3016
17:21:34,3.3065
17:21:35,3.3004
17:21:36,3.2979
17:21:37,3.3028
17:21:38,3.3016
17:21:39,3.2967
17:21:40,3.3004
17:21:41,3.2991
17:21:42,3.3016
17:21:43,3.2967
17:21:44,3.3004
17:21:45,3.3004
17:21:46,3.2991
17:21:47,3.2955
17:21:48,3.3004
17:21:49,3.2991
17:21:50,3.293
17:21:51,3.2955
17:21:52,3.2991
17:21:53,3.2979
17:21:54,3.2955
17:21:55,3.2943
17:21:56,3.2967
17:21:57,3.2979
17:21:58,3.2955
17:21:59,3.2918
17:22:00,3.2967
17:22:01,3.2943
17:22:02,3.2943
17:22:03,3.2943
17:22:04,3.2955
17:22:05,3.2943
17:22:06,3.293
17:22:07,3.2967
17:22:08,3.2967
17:22:09,3.2955
17:22:10,3.2967
17:22:11,3.2955
17:22:12,3.2918
17:22:13,3.2967
17:22:14,3.2967
17:22:15,3.2869
17:22:16,3.2955
17:22:17,3.2991
17:22:18,3.2918
17:22:19,3.2918
17:22:20,3.2918
17:22:21,3.2991
17:22:22,3.2955
17:22:23,3.293
17:22:24,3.2943
17:22:25,3.2979
17:22:26,3.2918
17:22:27,3.2955
17:22:28,3.2955
17:22:29,3.2943
17:22:30,3.2943
17:22:31,3.2967
17:22:32,3.2967
17:22:33,3.2918
17:22:35,3.2955
17:22:36,3.2943
17:22:37,3.2943
17:22:38,3.2894
17:22:39,3.2967
17:22:40,3.2967
17:22:41,3.293
17:22:42,3.2918
17:22:43,3.2967
17:22:44,3.2967
17:22:45,3.2955
17:22:46,3.2882
17:22:47,3.2918
17:22:48,3.2991
17:22:49,3.2967
17:22:50,3.2918
17:22:51,3.293
17:22:52,3.293
17:22:53,3.2979
17:22:54,3.2943
17:22:55,3.2943
17:22:56,3.2955
17:22:57,3.3004
17:22:58,3.2955
17:22:59,3.2943
17:23:00,3.2943
17:23:01,3.2943
17:23:02,3.2906
17:23:03,3.2991
17:23:04,3.2967
17:23:05,3.2991
17:23:06,3.3004
17:23:07,3.293
17:23:08,3.2991
17:23:09,3.2991
17:23:10,3.2967
17:23:11,3.2991
17:23:12,3.3004
17:23:13,3.2955
17:23:14,3.2991
17:23:15,3.293
17:23:16,3.2991
17:23:17,3.2991
17:23:18,3.2979
17:23:19,3.293
17:23:20,3.2955
17:23:21,3.3004
17:23:22,3.2991
17:23:23,3.293
17:23:24,3.3016
17:23:25,3.3004
17:23:26,3.2943
17:23:27,3.2943
17:23:28,3.3004
17:23:29,3.3004
17:23:30,3.2967
17:23:31,3.2967
17:23:32,3.2991
17:23:33,3.2967
17:23:34,3.2967
17:23:35,3.2967
17:23:37,3.2918
17:23:38,3.2967
17:23:39,3.2979
17:23:40,3.293
17:23:41,3.2955
17:23:42,3.2967
17:23:43,3.2967
17:23:44,3.293
17:23:45,3.2955
17:23:46,3.2967
17:23:47,3.2943
17:23:48,3.2894
17:23:49,3.2955
17:23:50,3.2943
17:23:51,3.2918
17:23:52,3.2906
17:23:53,3.2943
17:23:54,3.2979
17:23:55,3.2955
17:23:56,3.2918
17:23:57,3.2906
17:23:58,3.3004
17:23:59,3.2906
17:24:00,3.2943
17:24:01,3.2967
17:24:02,3.2918
17:24:03,3.2955
17:24:04,3.2918
17:24:05,3.2918
17:24:06,3.2955
17:24:07,3.293
17:24:08,3.2943
17:24:09,3.2943
17:24:10,3.2918
17:24:11,3.2967
17:24:12,3.2906
17:24:13,3.2955
17:24:14,3.2918
17:24:15,3.293
17:24:16,3.293
17:24:17,3.2979
17:24:18,3.2906
17:24:19,3.2918
17:24:20,3.2979
17:24:21,3.2906
17:24:22,3.2943
17:24:23,3.2894
17:24:24,3.2991
17:24:25,3.2918
17:24:26,3.3004
17:24:27,3.2894
17:24:28,3.2918
17:24:29,3.0891
17:24:30,3.2955
17:24:31,2.6105
17:24:32,3.2918
17:24:33,3.2943
17:24:34,3.2882
17:24:35,3.2918
17:24:36,3.2918
17:24:38,3.2894
17:24:39,3.2918
17:24:40,3.2869
17:24:41,3.293
17:24:42,2.6386
17:24:43,3.2991
17:24:44,3.2894
17:24:45,3.2943
17:24:46,3.2918
17:24:47,3.2845
17:24:48,2.6044
17:24:49,2.5763
17:24:50,3.2906
17:24:51,3.2918
17:24:52,3.2882
17:24:53,3.2894
17:24:54,3.2821
17:24:55,3.2918
17:24:56,3.2894
17:24:57,3.2845
17:24:58,3.2918
17:24:59,2.6227
17:25:00,3.2833
17:25:01,3.2918
17:25:02,3.2845
17:25:03,3.2833
17:25:04,3.2882
17:25:05,2.6471
17:25:06,3.2918
17:25:07,2.6496
17:25:08,3.2906
17:25:09,3.2857
17:25:10,3.2869
17:25:11,2.6276
17:25:12,3.2821
17:25:13,3.2894
17:25:14,3.2821
17:25:15,3.2869
17:25:16,3.2894
17:25:17,3.2845
17:25:18,3.2882
17:25:19,3.2857
17:25:20,2.5873
17:25:21,3.2845
17:25:22,3.2869
17:25:23,3.2808
17:25:24,2.6056
17:25:25,2.6068
17:25:26,3.2845
17:25:27,3.2869
17:25:28,3.2796
17:25:29,3.2821
17:25:30,2.5543
17:25:31,2.5763
17:25:32,3.2833
17:25:33,2.5836
17:25:34,3.2808
17:25:35,3.2821
17:25:36,2.5849
17:25:37,2.5836
17:25:39,3.2857
17:25:40,3.2882
17:25:41,3.293
17:25:42,3.2869
17:25:43,3.2882
17:25:44,3.2869
17:25:45,3.2918
17:25:46,3.2063
17:25:47,2.6667
17:25:48,3.2906
17:25:49,3.2833
17:25:50,3.2821
17:25:51,3.2833
17:25:52,3.2882
17:25:53,3.2869
17:25:54,2.6203
17:25:55,3.2845
17:25:56,3.2894
17:25:57,2.5812
17:25:58,2.619
17:25:59,2.663
17:26:00,3.2869
17:26:01,3.2857
17:26:02,2.6618
17:26:03,2.6252
17:26:04,3.2894
17:26:05,3.2894
17:26:06,3.2845
17:26:07,3.2894
17:26:08,3.2857
17:26:09,3.2894
17:26:10,3.2869
17:26:11,3.2821
17:26:12,3.2821
17:26:13,2.6471
17:26:14,3.2833
17:26:15,3.2845
17:26:16,3.2821
17:26:17,2.7375
17:26:18,2.5592
17:26:19,3.2833
17:26:20,3.2869
17:26:21,3.2833
17:26:22,2.5617
17:26:23,2.5604
17:26:24,3.2821
17:26:25,3.2845
17:26:26,3.2833
17:26:27,3.2869
17:26:28,3.2918
17:26:29,3.2869
17:26:30,3.2882
17:26:31,3.2894
17:26:32,3.2869
17:26:33,3.2967
17:26:34,3.2869
17:26:35,3.2894
17:26:36,3.2918
17:26:37,3.2894
17:26:38,3.293
17:26:39,3.2882
17:26:41,3.293
17:26:42,3.2979
17:26:43,3.293
17:26:44,3.2918
17:26:45,3.2955
17:26:46,3.2894
17:26:47,3.2918
17:26:48,3.2955
17:26:49,3.2906
17:26:50,3.2955
17:26:51,3.2918
17:26:52,3.2906
17:26:53,3.293
17:26:54,3.293
17:26:55,3.2943
17:26:56,3.2955
17:26:57,3.2955
17:26:58,3.2943
17:26:59,3.2918
17:27:00,3.2918
17:27:01,3.3016
17:27:02,3.2955
17:27:03,3.2991
17:27:04,3.2967
17:27:05,3.2991
17:27:06,3.2943
17:27:07,3.2991
17:27:08,3.2955
17:27:09,3.2967
17:27:10,3.3028
17:27:11,3.2979
17:27:12,3.3028
17:27:13,3.2991
17:27:14,3.3016
17:27:15,3.3065
17:27:16,3.3028
17:27:17,3.3053
17:27:18,3.3114
17:27:19,3.3065
17:27:20,3.3101
17:27:21,3.3162
17:27:22,3.3089
17:27:23,3.3162
17:27:24,3.3211
17:27:25,3.3211
17:27:26,3.3309
17:27:27,3.3284
17:27:28,3.3333
17:27:29,3.337
17:27:30,3.3407
17:27:31,3.3492
17:27:32,3.348
17:27:33,3.3553
17:27:34,3.3602
17:27:35,3.3541
17:27:36,3.3614
17:27:37,3.359
17:27:38,3.3626
17:27:39,3.3565
17:27:40,3.3614
17:27:42,3.3578
17:27:43,3.3602
17:27:44,3.3578
17:27:45,3.3602
17:27:46,3.3626
17:27:47,3.359
17:27:48,3.3639
17:27:49,3.3626
17:27:50,3.3675
17:27:51,3.37
17:27:52,3.3724
17:27:53,3.3773
17:27:54,3.3773
17:27:55,3.3822
17:27:56,3.3834
17:27:57,3.3834
17:27:58,3.3858
17:27:59,3.3846
17:28:00,3.381
17:28:01,3.3785
17:28:02,3.3736
17:28:03,3.3724
17:28:04,3.3712
17:28:05,3.3651
17:28:06,3.359
17:28:07,3.3455
17:28:08,3.3407
17:28:09,3.3333
17:28:10,3.3309
17:28:11,3.3284
17:28:12,3.3211
17:28:13,3.3175
17:28:14,3.3138
17:28:15,3.3065
17:28:16,3.3065
17:28:17,3.3089
17:28:18,3.3016
17:28:19,3.3077
17:28:20,3.3089
17:28:21,3.3077
17:28:22,3.3053
17:28:23,3.3089
17:28:24,3.3053
17:28:25,3.3089
17:28:26,3.3138
17:28:27,3.3089
17:28:28,3.3138
17:28:29,3.3138
17:28:30,3.3126
17:28:31,3.3114
17:28:32,3.3162
17:28:33,3.3138
17:28:34,3.3199
17:28:35,3.315
17:28:36,3.3211
17:28:37,3.3187
17:28:38,3.3211
17:28:39,3.3211
17:28:40,3.3187
17:28:42,3.3187
17:28:43,3.315
17:28:44,3.3175
17:28:45,3.3175
17:28:46,3.3211
17:28:47,3.3175
17:28:48,3.3211
17:28:49,3.3187
17:28:50,3.3223
17:28:51,3.3175
17:28:52,3.3199
17:28:53,3.3162
17:28:54,3.3187
17:28:55,3.3114
17:28:56,3.3126
17:28:57,3.3162
17:28:58,3.315
17:28:59,3.3138
17:29:00,3.3187
17:29:01,3.3211
17:29:02,3.3211
17:29:03,3.3211
17:29:04,3.3272
17:29:05,3.337
17:29:06,3.3492
17:29:07,3.37
17:29:08,3.3822
17:29:09,3.3919
17:29:10,3.4103
17:29:11,3.4225
17:29:12,3.4261
17:29:13,3.4383
17:29:14,3.4383
17:29:15,3.4432
17:29:16,3.4457
17:29:17,3.4457
17:29:18,3.4505
17:29:19,3.4505
17:29:20,3.4628
17:29:21,3.4689
17:29:22,3.4786
17:29:23,3.4823
17:29:24,3.4872
17:29:25,3.4872
17:29:26,3.4872
17:29:27,3.4896
17:29:28,3.4847
17:29:29,3.4799
17:29:30,3.4774
17:29:31,3.475
17:29:32,3.4701
17:29:33,3.4676
17:29:34,3.4628
17:29:35,3.4591
17:29:36,3.4567
17:29:37,3.4579
17:29:38,3.453
17:29:39,3.453
17:29:40,3.4579
17:29:41,3.4542
17:29:43,3.4591
17:29:44,3.4628
17:29:45,3.4652
17:29:46,3.4652
17:29:47,3.4676
17:29:48,3.4701
17:29:49,3.4652
17:29:50,3.4664
17:29:51,3.4628
17:29:52,3.4628
17:29:53,3.4664
17:29:54,3.4628
17:29:55,3.4579
17:29:56,3.464
17:29:57,3.4579
17:29:58,3.4567
17:29:59,3.4469
17:30:00,3.4371
17:30:01,3.4225
17:30:02,3.4115
17:30:03,3.398
17:30:04,3.3773
17:30:05,3.3651
17:30:06,3.348
17:30:07,3.3407
17:30:08,3.3321
17:30:09,3.3284
17:30:10,3.3272
17:30:11,3.3138
17:30:12,3.3162
17:30:13,3.3089
17:30:14,3.3016
17:30:15,3.2967
17:30:16,3.2943
17:30:17,3.2991
17:30:18,3.2991
17:30:19,3.2918
17:30:20,3.2943
17:30:21,3.2918
17:30:22,3.2869
17:30:23,3.2894
17:30:24,3.2845
17:30:25,3.2821
17:30:26,3.2845
17:30:27,3.2759
17:30:28,3.2845
17:30:29,3.2796
17:30:30,3.2772
17:30:31,3.2845
17:30:32,3.2796
17:30:33,3.2808
17:30:34,3.2796
17:30:35,3.2772
17:30:36,3.2784
17:30:37,3.2796
17:30:38,3.2821
17:30:39,3.2821
17:30:40,3.2821
17:30:41,3.2821
17:30:42,3.2821
17:30:43,3.2796
17:30:45,3.2821
17:30:46,3.2772
17:30:47,3.2845
17:30:48,3.2772
17:30:49,3.2845
17:30:50,3.2808
17:30:51,3.2772
17:30:52,3.2796
17:30:53,3.2821
17:30:54,3.2808
17:30:55,3.2808
17:30:56,3.2772
17:30:57,3.2759
17:30:58,3.2821
17:30:59,3.2772
17:31:00,3.2772
17:31:01,3.2845
17:31:02,3.2821
17:31:03,3.2759
17:31:04,3.2808
17:31:05,3.2772
17:31:06,3.2759
17:31:07,3.2821
17:31:08,3.2772
17:31:09,3.2808
17:31:10,3.2796
17:31:11,3.2759
17:31:12,3.2808
17:31:13,3.2759
17:31:14,3.2735
17:31:15,3.2759
17:31:16,3.2821
17:31:17,3.2747
17:31:18,3.2821
17:31:19,3.2747
17:31:20,3.2759
17:31:21,3.2784
17:31:22,3.2747
17:31:23,3.2723
17:31:24,3.2808
17:31:25,3.2759
17:31:26,3.2747
17:31:27,3.2821
17:31:28,3.2759
17:31:29,3.2747
17:31:30,3.2735
17:31:31,3.2759
17:31:32,3.2759
17:31:33,3.2759
17:31:34,3.2747
17:31:35,3.2759
17:31:36,3.2772
17:31:37,3.2723
17:31:38,3.2747
17:31:39,3.2747
17:31:40,3.2723
17:31:41,3.2772
17:31:42,3.2784
17:31:43,3.2723
17:31:44,3.2759
17:31:46,3.2772
17:31:47,3.2759
17:31:48,3.2759
17:31:49,3.2772
17:31:50,3.2747
17:31:51,3.2747
17:31:52,3.2735
17:31:53,3.2796
17:31:54,3.2723
17:31:55,3.2723
17:31:56,3.2735
17:31:57,3.2735
17:31:58,3.2723
17:31:59,3.2723
17:32:00,3.2735
17:32:01,3.2784
17:32:02,3.2723
17:32:03,3.2772
17:32:04,3.2772
17:32:05,3.2747
17:32:06,3.2772
17:32:07,3.2759
17:32:08,3.2772
17:32:09,3.2723
17:32:10,3.2796
17:32:11,3.2796
17:32:12,3.2735
17:32:13,3.2759
17:32:14,3.2808
17:32:15,3.2772
17:32:16,3.2796
17:32:17,3.2796
17:32:18,3.2808
17:32:19,3.2796
17:32:20,3.2808
17:32:21,3.2821
17:32:22,3.2772
17:32:23,3.2845
17:32:24,3.2821
17:32:25,3.2772
17:32:26,3.2821
17:32:27,3.2808
17:32:28,3.2772
17:32:29,3.2821
17:32:30,3.2808
17:32:31,3.2759
17:32:32,3.2808
17:32:33,3.2845
17:32:34,3.2869
17:32:35,3.2784
17:32:36,3.2833
17:32:37,3.2821
17:32:38,3.2833
17:32:39,3.2821
17:32:40,3.2869
17:32:41,3.2857
17:32:42,3.2845
17:32:43,3.2833
17:32:44,3.2894
17:32:45,3.2821
17:32:46,3.2869
17:32:48,3.2869
17:32:49,3.2821
17:32:50,3.2845
17:32:51,3.2918
17:32:52,3.2894
17:32:53,3.2833
17:32:54,3.2869
17:32:55,3.2857
17:32:56,3.2857
17:32:57,3.2857
17:32:58,3.2882
17:32:59,3.2869
17:33:00,3.2821
17:33:01,3.2882
17:33:02,3.2882
17:33:03,3.2869
17:33:04,3.2869
17:33:05,3.2845
17:33:06,3.2869
17:33:07,3.2906
17:33:08,3.2857
17:33:09,3.2882
17:33:10,3.2918
17:33:11,3.2906
17:33:12,3.2906
17:33:13,3.2894
17:33:14,3.293
17:33:15,3.2906
17:33:16,3.2869
17:33:17,3.2882
17:33:18,3.2918
17:33:19,3.2869
17:33:20,3.2894
17:33:21,3.2906
17:33:22,3.2943
17:33:23,3.2918
17:33:24,3.2918
17:33:25,3.2869
17:33:26,3.293
17:33:27,3.2906
17:33:28,3.2918
17:33:29,3.293
17:33:30,3.2894
17:33:31,3.293
17:33:32,3.2869
17:33:33,3.2918
17:33:34,3.2894
17:33:35,3.2906
17:33:36,3.2869
17:33:37,3.2894
17:33:38,3.2918
17:33:39,3.2894
17:33:40,3.2882
17:33:41,3.2894
17:33:42,3.2882
17:33:43,3.2943
17:33:44,3.2918
17:33:45,3.2845
17:33:46,3.2869
17:33:47,3.2821
17:33:49,3.2845
17:33:50,3.2869
17:33:51,3.2882
17:33:52,3.2857
17:33:53,3.2833
17:33:54,3.2869
17:33:55,3.2845
17:33:56,3.2869
17:33:57,3.2869
17:33:58,3.2808
17:33:59,3.2821
17:34:00,3.2821
17:34:01,3.2821
17:34:02,3.2869
17:34:03,3.2821
17:34:04,3.2808
17:34:05,3.2833
17:34:06,3.2869
17:34:07,3.2869
17:34:08,3.2857
17:34:09,3.2808
17:34:10,3.2833
17:34:11,3.2857
17:34:12,3.2845
17:34:13,3.2845
17:34:14,3.2796
17:34:15,3.2857
17:34:16,3.2882
17:34:17,3.2857
17:34:18,3.2833
17:34:19,3.2857
17:34:20,3.2845
17:34:21,3.2845
17:34:22,3.2845
17:34:23,3.2845
17:34:24,3.2845
17:34:25,3.2845
17:34:26,3.2869
17:34:27,3.2821
17:34:28,3.2808
17:34:29,3.2821
17:34:30,3.2882
17:34:31,3.2882
17:34:32,3.2869
17:34:33,3.2833
17:34:34,3.2845
17:34:35,3.2894
17:34:36,3.2845
17:34:37,3.2857
17:34:38,3.2857
17:34:39,3.2845
17:34:40,3.2845
17:34:41,3.2821
17:34:42,3.2845
17:34:43,3.2857
17:34:44,3.2869
17:34:45,3.2918
17:34:46,3.2882
17:34:47,3.2845
17:34:48,3.2857
17:34:49,3.2845
17:34:51,3.2869
17:34:52,3.2869
17:34:53,3.2918
17:34:54,3.2869
17:34:55,3.2857
17:34:56,3.2894
17:34:57,3.2869
17:34:58,3.2821
17:34:59,3.2845
17:35:00,3.2869
17:35:01,3.2918
17:35:02,3.2845
17:35:03,3.2845
17:35:04,3.2833
17:35:05,3.2906
17:35:06,3.2882
17:35:07,3.2869
17:35:08,3.2833
17:35:09,3.2869
17:35:10,3.2918
17:35:11,3.2845
17:35:12,3.2869
17:35:13,3.2869
17:35:14,3.2869
17:35:15,3.2821
17:35:16,3.2869
17:35:17,3.2894
17:35:18,3.2857
17:35:19,3.2821
17:35:20,3.2906
17:35:21,3.2894
17:35:22,3.2869
17:35:23,3.2906
17:35:24,3.2894
17:35:25,3.2882
17:35:26,3.2894
17:35:27,3.2869
17:35:28,3.2906
17:35:29,3.2869
17:35:30,3.2857
17:35:31,3.2894
17:35:32,3.2833
17:35:33,3.2869
17:35:34,3.2882
17:35:35,3.2906
17:35:36,3.2869
17:35:37,3.2894
17:35:38,3.2845
17:35:39,3.2918
17:35:40,3.2894
17:35:41,3.2857
17:35:42,3.2869
17:35:43,3.2918
17:35:44,3.2955
17:35:45,3.2906
17:35:46,3.2882
17:35:47,3.2894
17:35:48,3.2857
17:35:49,3.2906
17:35:50,3.2918
17:35:51,3.2906
17:35:53,3.2882
17:35:54,3.2918
17:35:55,3.2906
17:35:56,3.2894
17:35:57,3.2906
17:35:58,3.2894
17:35:59,3.2894
17:36:00,3.2918
17:36:01,3.2906
17:36:02,3.2894
17:36:03,3.2906
17:36:04,3.2845
17:36:05,3.2869
17:36:06,3.2894
17:36:07,3.2894
17:36:08,3.2869
17:36:09,3.2918
17:36:10,3.2918
17:36:11,3.2894
17:36:12,3.2906
17:36:13,3.2918
17:36:14,3.2943
17:36:15,3.2943
17:36:16,3.2918
17:36:17,3.2918
17:36:18,3.293
17:36:19,3.2906
17:36:20,3.293
17:36:21,3.2906
17:36:22,3.2918
17:36:23,3.2991
17:36:24,3.2955
17:36:25,3.293
17:36:26,3.2918
17:36:27,3.2991
17:36:28,3.2979
17:36:29,3.2943
17:36:30,3.3004
17:36:31,3.3004
17:36:32,3.2955
17:36:33,3.2967
17:36:34,3.2955
17:36:35,3.3016
17:36:36,3.2991
17:36:37,3.3028
17:36:38,3.2967
17:36:39,3.2979
17:36:40,3.3016
17:36:41,3.3004
17:36:42,3.3016
17:36:43,3.3016
17:36:44,3.3016
17:36:45,3.3016
17:36:46,3.2991
17:36:47,3.3016
17:36:48,3.3065
17:36:49,3.3028
17:36:50,3.3028
17:36:51,3.3065
17:36:52,3.3077
17:36:54,3.3065
17:36:55,3.3077
17:36:56,3.3077
17:36:57,3.3089
17:36:58,3.3053
17:36:59,3.3089
17:37:00,3.3101
17:37:01,3.3089
17:37:02,3.3175
17:37:03,3.3114
17:37:04,3.3101
17:37:05,3.3089
17:37:06,3.3162
17:37:07,3.3138
17:37:08,3.3162
17:37:09,3.3138
17:37:10,3.315
17:37:11,3.315
17:37:12,3.315
17:37:13,3.3138
17:37:14,3.3187
17:37:15,3.3138
17:37:16,3.3199
17:37:17,3.3187
17:37:18,3.3175
17:37:19,3.3199
17:37:20,3.3236
17:37:21,3.3223
17:37:22,3.3211
17:37:23,3.3223
17:37:24,3.326
17:37:25,3.3297
17:37:26,3.3333
17:37:27,3.3358
17:37:28,3.3382
17:37:29,3.3468
17:37:30,3.3492
17:37:31,3.3541
17:37:32,3.3553
17:37:33,3.3626
17:37:34,3.3651
17:37:35,3.3736
17:37:36,3.3773
17:37:37,3.3822
17:37:38,3.3822
17:37:39,3.3871
17:37:40,3.3895
17:37:41,3.3895
17:37:42,3.3944
17:37:43,3.4042
17:37:44,3.4042
17:37:45,3.4042
17:37:46,3.4115
17:37:47,3.4127
17:37:48,3.4164
17:37:49,3.4176
17:37:50,3.4225
17:37:51,3.4188
17:37:52,3.4237
17:37:53,3.4261
17:37:55,3.4249
17:37:56,3.4225
17:37:57,3.4212
17:37:58,3.4212
17:37:59,3.4164
17:38:00,3.4139
17:38:01,3.409
17:38:02,3.4042
17:38:03,3.4066
17:38:04,3.4054
17:38:05,3.3993
17:38:06,3.3993
17:38:07,3.3944
17:38:08,3.398
17:38:09,3.3944
17:38:10,3.398
17:38:11,3.4103
17:38:12,3.4151
17:38:13,3.4286
17:38:14,3.4432
17:38:15,3.4579
17:38:16,3.4664
17:38:17,3.4762
17:38:18,3.4872
17:38:19,3.4884
17:38:20,3.4969
17:38:21,3.4969
17:38:22,3.4982
17:38:23,3.4982
17:38:24,3.4969
17:38:25,3.4982
17:38:26,3.4957
17:38:27,3.4957
17:38:28,3.4945
17:38:29,3.4982
17:38:30,3.4957
17:38:31,3.4921
17:38:32,3.4921
17:38:33,3.4945
17:38:34,3.4945
17:38:35,3.4933
17:38:36,3.4921
17:38:37,3.4921
17:38:38,3.4896
17:38:39,3.4872
17:38:40,3.4908
17:38:41,3.4908
17:38:42,3.4884
17:38:43,3.4835
17:38:44,3.4872
17:38:45,3.4872
17:38:46,3.4847
17:38:47,3.4823
17:38:48,3.486
17:38:49,3.4811
17:38:50,3.4847
17:38:51,3.4835
17:38:52,3.4774
17:38:53,3.4762
17:38:54,3.4823
17:38:55,3.4786
17:38:57,3.4835
17:38:58,3.4786
17:38:59,3.4786
17:39:00,3.4799
17:39:01,3.4811
17:39:02,3.4762
17:39:03,3.4774
17:39:04,3.475
17:39:05,3.4762
17:39:06,3.4786
17:39:07,3.4774
17:39:08,3.4774
17:39:09,3.4786
17:39:10,3.4725
17:39:11,3.4774
17:39:12,3.475
17:39:13,3.4713
17:39:14,3.4701
17:39:15,3.4676
17:39:16,3.4725
17:39:17,3.4701
17:39:18,3.4676
17:39:19,3.475
17:39:20,3.4725
17:39:21,3.4676
17:39:22,3.4676
17:39:23,3.4725
17:39:24,3.4713
17:39:25,3.4628
17:39:26,3.4713
17:39:27,3.4701
17:39:28,3.4725
17:39:29,3.4701
17:39:30,3.4701
17:39:31,3.475
17:39:32,3.4701
17:39:33,3.4615
17:39:34,3.4603
17:39:35,3.4664
17:39:36,3.464
17:39:37,3.4603
17:39:38,3.4603
17:39:39,3.4591
17:39:40,3.4652
17:39:41,3.4603
17:39:42,3.4591
17:39:43,3.4603
17:39:44,3.4615
17:39:45,3.4603
17:39:46,3.4579
17:39:47,3.4579
17:39:48,3.4615
17:39:49,3.4579
17:39:50,3.464
17:39:51,3.4628
17:39:52,3.4628
17:39:53,3.4615
17:39:54,3.4579
17:39:55,3.4628
17:39:57,3.4579
17:39:58,3.4554
17:39:59,3.4554
17:40:00,3.4603
17:40:01,3.4579
17:40:02,3.4579
17:40:03,3.4542
17:40:04,3.4579
17:40:05,3.4542
17:40:06,3.4567
17:40:07,3.453
17:40:08,3.453
17:40:09,3.4554
17:40:10,3.4554
17:40:11,3.453
17:40:12,3.4567
17:40:13,3.4554
17:40:14,3.4567
17:40:15,3.4554
17:40:16,3.4554
17:40:17,3.4518
17:40:18,3.4554
17:40:19,3.4554
17:40:20,3.4518
17:40:21,3.4481
17:40:22,3.4481
17:40:23,3.4505
17:40:24,3.4469
17:40:25,3.4481
17:40:26,3.442
17:40:27,3.4432
17:40:28,3.4371
17:40:29,3.4359
17:40:30,3.431
17:40:31,3.4225
17:40:32,3.4188
17:40:33,3.4139
17:40:34,3.4139
17:40:35,3.4054
17:40:36,3.409
17:40:37,3.4066
17:40:38,3.4017
17:40:39,3.4042
17:40:40,3.409
17:40:41,3.409
17:40:42,3.4103
17:40:43,3.4176
17:40:44,3.4139
17:40:45,3.4188
17:40:46,3.4151
17:40:47,3.4139
17:40:48,3.4115
17:40:49,3.4078
17:40:50,3.3993
17:40:51,3.3895
17:40:52,3.3883
17:40:53,3.3785
17:40:54,3.3748
17:40:55,3.3687
17:40:56,3.3602
17:40:58,3.3602
17:40:59,3.3602
17:41:00,3.3602
17:41:01,3.1709
17:41:02,3.1526
17:41:03,3.2613
17:41:04,2.79
17:41:05,2.7021
17:41:06,2.9377
17:41:07,3.409
17:41:08,3.4005
17:41:09,3.3736
17:41:10,2.9817
17:41:11,3.4383
17:41:12,3.442
17:41:13,3.4469
17:41:14,3.4481
17:41:15,3.4542
17:41:16,3.4481
17:41:17,3.4481
17:41:18,3.4505
17:41:19,3.4493
17:41:20,3.4457
17:41:21,3.4481
17:41:22,3.4432
17:41:23,3.4408
17:41:24,3.4493
17:41:25,3.4469
17:41:26,3.4432
17:41:27,3.4396
17:41:28,3.4444
17:41:29,3.4396
17:41:30,3.4383
17:41:31,3.4481
17:41:32,3.4432
17:41:33,3.442
17:41:34,3.4432
17:41:35,3.4457
17:41:36,3.4469
17:41:37,3.4383
17:41:38,3.4432
17:41:39,3.4469
17:41:40,3.4383
17:41:41,3.4383
17:41:42,3.4383
17:41:43,3.4408
17:41:44,3.442
17:41:45,3.4408
17:41:46,3.4396
17:41:47,3.4383
17:41:48,3.4335
17:41:49,3.4286
17:41:50,3.4335
17:41:51,3.4261
17:41:52,3.4237
17:41:53,3.4237
17:41:54,3.4212
17:41:55,3.4237
17:41:56,3.4188
17:41:57,3.4188
17:41:59,3.4164
17:42:00,3.4127
17:42:01,3.409
17:42:02,3.4042
17:42:03,3.3993
17:42:04,3.3993
17:42:05,3.3944
17:42:06,3.3919
17:42:07,3.3797
17:42:08,3.3773
17:42:09,3.3626
17:42:10,3.3639
17:42:11,3.3541
17:42:12,3.3504
17:42:13,3.3431
17:42:14,3.3309
17:42:15,3.3211
17:42:16,3.3162
17:42:17,3.3077
17:42:18,3.3016
17:42:19,3.2979
17:42:20,3.2882
17:42:21,3.2845
17:42:22,3.2711
17:42:23,3.2613
17:42:24,3.2552
17:42:25,3.2405
17:42:26,3.2357
17:42:27,3.2247
17:42:28,3.2234
17:42:29,3.221
17:42:30,3.2161
17:42:31,3.2173
17:42:32,3.2112
17:42:33,3.21
17:42:34,3.2137
17:42:35,3.2137
17:42:36,3.2161
17:42:37,3.2112
17:42:38,3.2161
17:42:39,3.2137
17:42:40,3.2088
17:42:41,3.2112
17:42:42,3.2112
17:42:43,3.21
17:42:44,3.2149
17:42:45,3.2125
17:42:46,3.2161
17:42:47,3.2173
17:42:48,3.2149
17:42:49,3.2173
17:42:50,3.2186
17:42:51,3.2186
17:42:52,3.2234
17:42:53,3.2247
17:42:54,3.2222
17:42:55,3.2295
17:42:56,3.2283
17:42:57,3.232
17:42:58,3.2369
17:43:00,3.2381
17:43:01,3.2405
17:43:02,3.2442
17:43:03,3.2479
17:43:04,3.2454
17:43:05,3.2454
17:43:06,3.2503
17:43:07,3.2479
17:43:08,3.254
17:43:09,3.2515
17:43:10,3.2515
17:43:11,3.2454
17:43:12,3.2527
17:43:13,3.2466
17:43:14,3.243
17:43:15,3.2479
17:43:16,3.2418
17:43:17,3.2466
17:43:18,3.2466
17:43:19,3.2454
17:43:20,3.2454
17:43:21,3.2503
17:43:22,3.2491
17:43:23,3.254
17:43:24,3.2552
17:43:25,3.2625
17:43:26,3.2589
17:43:27,3.2698
17:43:28,3.2735
17:43:29,3.2759
17:43:30,3.2735
17:43:31,3.2808
17:43:32,3.2821
17:43:33,3.2821
17:43:34,3.2821
17:43:35,3.2821
17:43:36,3.2833
17:43:37,3.2796
17:43:38,3.2845
17:43:39,3.2772
17:43:40,3.2772
17:43:41,3.2674
17:43:42,3.2662
17:43:43,3.2662
17:43:44,3.2625
17:43:45,3.254
17:43:46,3.2552
17:43:47,3.2503
17:43:48,3.2479
17:43:49,3.2491
17:43:50,3.2454
17:43:51,3.2418
17:43:52,3.2454
17:43:53,3.2357
17:43:54,3.2418
17:43:55,3.2357
17:43:56,3.2369
17:43:57,3.2381
17:43:58,3.2405
17:43:59,3.2418
17:44:01,3.2393
17:44:02,3.2503
17:44:03,3.2576
17:44:04,3.2564
17:44:05,3.265
17:44:06,3.2735
17:44:07,3.2723
17:44:08,3.2808
17:44:09,3.2784
17:44:10,3.2882
17:44:11,3.2821
17:44:12,3.2882
17:44:13,3.2943
17:44:14,3.3004
17:44:15,3.3016
17:44:16,3.3101
17:44:17,3.3138
17:44:18,3.326
17:44:19,3.3248
17:44:20,3.3407
17:44:21,3.3394
17:44:22,3.3492
17:44:23,3.3516
17:44:24,3.3504
17:44:25,3.3541
17:44:26,3.3516
17:44:27,3.3431
17:44:28,3.3394
17:44:29,3.3297
17:44:30,3.3162
17:44:31,3.3162
17:44:32,3.3065
17:44:33,3.3089
17:44:34,3.3028
17:44:35,3.3089
17:44:36,3.3089
17:44:37,3.3114
17:44:38,3.3138
17:44:39,3.3138
17:44:40,3.3089
17:44:41,3.3114
17:44:42,3.3004
17:44:43,3.3065
17:44:44,3.2967
17:44:45,3.2943
17:44:46,3.2845
17:44:47,3.2821
17:44:48,3.2723
17:44:49,3.2711
17:44:50,3.2759
17:44:51,3.2698
17:44:52,3.2662
17:44:53,3.2637
17:44:54,3.2576
17:44:55,3.2601
17:44:56,3.2503
17:44:57,3.2491
17:44:58,3.2442
17:44:59,3.2479
17:45:01,3.2369
17:45:02,3.2393
17:45:03,3.243
17:45:04,3.2381
17:45:05,3.243
17:45:06,3.2393
17:45:07,3.2405
17:45:08,3.2442
17:45:09,3.2418
17:45:10,3.2479
17:45:11,3.2442
17:45:12,3.2527
17:45:13,3.2527
17:45:14,3.2527
17:45:15,3.2625
17:45:16,3.2698
17:45:17,3.2735
17:45:18,3.2906
17:45:19,3.2943
17:45:20,3.3162
17:45:21,3.3346
17:45:22,3.3431
17:45:23,3.37
17:45:24,3.3797
17:45:25,3.3993
17:45:26,3.409
17:45:27,3.4212
17:45:28,3.4298
17:45:29,3.4408
17:45:30,3.4383
17:45:31,3.4408
17:45:32,3.4493
17:45:33,3.4481
17:45:34,3.4444
17:45:35,3.4383
17:45:36,3.4359
17:45:37,3.4237
17:45:38,3.4115
17:45:39,3.4115
17:45:40,3.3956
17:45:41,3.3993
17:45:42,3.3846
17:45:43,3.3846
17:45:44,3.3773
17:45:45,3.3748
17:45:46,3.3614
17:45:47,3.3712
17:45:48,3.359
17:45:49,3.3602
17:45:50,3.3541
17:45:51,3.3541
17:45:52,3.3419
17:45:53,3.3407
17:45:54,3.326
17:45:55,3.3223
17:45:56,3.3162
17:45:57,3.3138
17:45:58,3.3065
17:45:59,3.3077
17:46:01,3.2979
17:46:02,3.3053
17:46:03,3.3077
17:46:04,3.304
17:46:05,3.3077
17:46:06,3.3089
17:46:07,3.2991
17:46:08,3.3028
17:46:09,3.2991
17:46:10,3.2979
17:46:11,3.3016
17:46:12,3.293
17:46:13,3.2894
17:46:14,3.2894
17:46:15,3.2845
17:46:16,3.2857
17:46:17,3.2821
17:46:18,3.2759
17:46:19,3.2735
17:46:20,3.2772
17:46:21,3.2698
17:46:22,3.2747
17:46:23,3.2772
17:46:24,3.2821
17:46:25,3.2833
17:46:26,3.2894
17:46:27,3.293
17:46:28,3.2979
17:46:29,3.0867
17:46:30,3.3114
17:46:31,3.3211
17:46:32,3.326
17:46:33,3.3358
17:46:34,3.3358
17:46:35,3.3504
17:46:36,3.3455
17:46:37,3.3516
17:46:38,3.3639
17:46:39,3.3675
17:46:40,3.3797
17:46:41,3.3932
17:46:42,2.6374
17:46:43,3.409
17:46:44,3.4151
17:46:45,3.4188
17:46:46,3.4261
17:46:47,3.4286
17:46:48,3.4408
17:46:49,2.6618
17:46:50,2.7204
17:46:51,2.7448
17:46:52,3.4432
17:46:53,3.4432
17:46:54,3.4322
17:46:55,2.7937
17:46:56,3.4261
17:46:57,3.4225
17:46:58,3.4212
17:46:59,3.4237
17:47:00,3.42
17:47:02,3.42
17:47:03,3.42
17:47:04,3.4261
17:47:05,3.4249
17:47:06,3.4212
17:47:07,2.7411
17:47:08,3.4286
17:47:09,3.431
17:47:10,3.4383
17:47:11,3.4383
17:47:12,3.4383
17:47:13,3.4383
17:47:14,3.4383
17:47:15,3.4383
17:47:16,3.4383
17:47:17,2.7289
17:47:18,3.4383
17:47:19,3.4383
17:47:20,3.4396
17:47:21,3.4396
17:47:22,3.4383
17:47:23,3.4444
17:47:24,3.4408
17:47:25,3.4457
17:47:26,3.4432
17:47:27,2.9219
17:47:28,3.4457
17:47:29,3.4444
17:47:30,2.7595
17:47:31,3.4457
17:47:32,3.4457
17:47:33,3.4444
17:47:34,3.4469
17:47:35,3.4408
17:47:36,3.4457
17:47:37,3.4383
17:47:38,2.7436
17:47:39,3.4408
17:47:40,3.4481
17:47:41,3.4383
17:47:42,2.8291
17:47:43,3.442
17:47:44,3.4457
17:47:45,3.442
17:47:46,3.4432
17:47:47,3.442
17:47:48,3.4408
17:47:49,2.7839
17:47:50,3.4383
17:47:51,3.4432
17:47:52,3.3394
17:47:53,2.8352
17:47:54,3.442
17:47:55,3.4457
17:47:56,3.4432
17:47:57,3.4432
17:47:58,3.4408
17:48:00,3.4383
17:48:01,3.4347
17:48:02,3.4383
17:48:03,3.4408
17:48:04,3.4383
17:48:05,3.442
17:48:06,2.735
17:48:07,2.7656
17:48:08,3.4371
17:48:09,3.4396
17:48:10,3.4383
17:48:11,2.7582
17:48:12,3.4371
17:48:13,3.4347
17:48:14,3.442
17:48:15,2.8376
17:48:16,2.7436
17:48:17,3.4371
17:48:18,3.4359
17:48:19,3.4298
17:48:20,3.4371
17:48:21,3.4347
17:48:22,3.4335
17:48:23,3.431
17:48:24,3.431
17:48:25,3.4335
17:48:26,3.4274
17:48:27,3.4335
17:48:28,3.4335
17:48:29,3.4335
17:48:30,3.431
17:48:31,3.4335
17:48:32,3.431
17:48:33,3.4347
17:48:34,3.4335
17:48:35,3.4286
17:48:36,3.4322
17:48:37,3.4274
17:48:38,3.4371
17:48:39,3.4261
17:48:40,3.431
17:48:41,3.4261
17:48:42,3.4225
17:48:43,3.4298
17:48:44,3.4322
17:48:45,3.431
17:48:46,3.4274
17:48:47,3.4274
17:48:48,3.4249
17:48:49,3.431
17:48:50,3.4225
17:48:51,3.4286
17:48:52,3.4237
17:48:53,3.4237
17:48:54,3.4261
17:48:55,3.4237
17:48:56,3.4286
17:48:57,3.4261
17:48:58,3.431
17:49:00,3.4212
17:49:01,3.4176
17:49:02,3.4286
17:49:03,3.4237
17:49:04,3.431
17:49:05,3.4286
17:49:06,3.4298
17:49:07,3.4237
17:49:08,3.4322
17:49:09,3.4237
17:49:10,3.431
17:49:11,3.4237
17:49:12,3.431
17:49:13,3.4286
17:49:14,3.4322
17:49:15,3.4286
17:49:16,3.4335
17:49:17,3.4286
17:49:18,3.4383
17:49:19,3.4261
17:49:20,3.4335
17:49:21,3.4322
17:49:22,3.4286
17:49:23,3.4335
17:49:24,3.431
17:49:25,3.4347
17:49:26,3.4322
17:49:27,3.4359
17:49:28,3.4347
17:49:29,3.4335
17:49:30,3.4335
17:49:31,3.4286
17:49:32,3.4347
17:49:33,3.4261
17:49:34,3.4335
17:49:35,3.431
17:49:36,3.4286
17:49:37,3.4322
17:49:38,3.4249
17:49:39,3.431
17:49:40,3.4298
17:49:41,3.4261
17:49:42,3.4286
17:49:43,3.4237
17:49:44,3.431
17:49:45,3.431
17:49:46,3.4249
17:49:47,3.4286
17:49:48,3.4261
17:49:49,3.4261
17:49:50,3.431
17:49:51,3.4212
17:49:52,3.4322
17:49:53,3.4298
17:49:54,3.4286
17:49:55,3.4286
17:49:56,3.4322
17:49:57,3.4322
17:49:58,3.4286
17:49:59,3.4298
17:50:01,3.4212
17:50:02,3.4335
17:50:03,3.4298
17:50:04,3.4261
17:50:05,3.4286
17:50:06,3.4298
17:50:07,3.4274
17:50:08,3.4261
17:50:09,3.4237
17:50:10,3.4298
17:50:11,3.4298
17:50:12,3.4237
17:50:13,3.4225
17:50:14,3.4274
17:50:15,3.4261
17:50:16,3.4261
17:50:17,3.4298
17:50:18,3.4286
17:50:19,3.4237
17:50:20,3.4237
17:50:21,3.4225
17:50:22,3.4225
17:50:23,3.4237
17:50:24,3.4237
17:50:25,3.4188
17:50:26,3.42
17:50:27,3.4225
17:50:28,3.42
17:50:29,3.4188
17:50:30,3.4188
17:50:31,3.4237
17:50:32,3.4286
17:50:33,3.4225
17:50:34,3.4212
17:50:35,3.4249
17:50:36,3.4225
17:50:37,3.4176
17:50:38,3.4212
17:50:39,3.4225
17:50:40,3.4188
17:50:41,3.4188
17:50:42,3.4261
17:50:43,3.4225
17:50:44,3.4188
17:50:45,3.42
17:50:46,3.4249
17:50:47,3.4212
17:50:48,3.4188
17:50:49,3.42
17:50:50,3.4225
17:50:51,3.4212
17:50:52,3.4188
17:50:53,3.4237
17:50:54,3.4225
17:50:55,3.4249
17:50:56,3.42
17:50:57,3.42
17:50:58,3.4225
17:50:59,3.4249
17:51:01,3.4188
17:51:02,3.4249
17:51:03,3.4176
17:51:04,3.4249
17:51:05,3.4212
17:51:06,3.4188
17:51:07,3.4249
17:51:08,3.4212
17:51:09,3.4188
17:51:10,3.4164
17:51:11,3.4212
17:51:12,3.4237
17:51:13,3.4188
17:51:14,3.4151
17:51:15,3.4188
17:51:16,3.4188
17:51:17,3.4188
17:51:18,3.4139
17:51:19,3.4225
17:51:20,3.4237
17:51:21,3.4237
17:51:22,3.4188
17:51:23,3.4188
17:51:24,3.4225
17:51:25,3.4212
17:51:26,3.4188
17:51:27,3.4151
17:51:28,3.4164
17:51:29,3.4212
17:51:30,3.4188
17:51:31,3.4188
17:51:32,3.4188
17:51:33,3.4188
17:51:34,3.4176
17:51:35,3.4139
17:51:36,3.4176
17:51:37,3.4176
17:51:38,3.4151
17:51:39,3.4151
17:51:40,3.4176
17:51:41,3.42
17:51:42,3.4151
17:51:43,3.4164
17:51:44,3.4212
17:51:45,3.4212
17:51:46,3.4139
17:51:47,3.4164
17:51:48,3.4151
17:51:49,3.4164
17:51:50,3.4164
17:51:51,3.4151
17:51:52,3.4164
17:51:53,3.4151
17:51:54,3.4188
17:51:55,3.4176
17:51:56,3.42
17:51:57,3.4188
17:51:58,3.4164
17:51:59,3.4188
17:52:00,3.4176
17:52:02,3.4212
17:52:03,3.4212
17:52:04,3.4151
17:52:05,3.4225
17:52:06,3.42
17:52:07,3.4188
17:52:08,3.4188
17:52:09,3.4176
17:52:10,3.4188
17:52:11,3.4225
17:52:12,3.4164
17:52:13,3.4139
17:52:14,3.42
17:52:15,3.4188
17:52:16,3.4188
17:52:17,3.4176
17:52:18,3.4151
17:52:19,3.4188
17:52:20,3.4139
17:52:21,3.4151
17:52:22,3.4212
17:52:23,3.4151
17:52:24,3.4188
17:52:25,3.4164
17:52:26,3.4188
17:52:27,3.4164
17:52:28,3.4115
17:52:29,3.4188
17:52:30,3.4164
17:52:31,3.4151
17:52:32,3.4127
17:52:33,3.4188
17:52:34,3.4151
17:52:35,3.4139
17:52:36,3.4115
17:52:37,3.4176
17:52:38,3.4176
17:52:39,3.42
17:52:40,3.4176
17:52:41,3.4188
17:52:42,3.4212
17:52:43,3.4188
17:52:44,3.4188
17:52:45,3.4164
17:52:46,3.4188
17:52:47,3.4212
17:52:48,3.4188
17:52:49,3.4188
17:52:50,3.4188
17:52:51,3.4188
17:52:52,3.4188
17:52:53,3.4188
17:52:54,3.4176
17:52:55,3.4188
17:52:56,3.4225
17:52:57,3.4212
17:52:58,3.42
17:52:59,3.4212
17:53:01,3.4237
17:53:02,3.4225
17:53:03,3.4225
17:53:04,3.4225
17:53:05,3.4212
17:53:06,3.4298
17:53:07,3.4261
17:53:08,3.4286
17:53:09,3.4274
17:53:10,3.4261
17:53:11,3.4261
17:53:12,3.42
17:53:13,3.4261
17:53:14,3.4249
17:53:15,3.4249
17:53:16,3.4274
17:53:17,3.4225
17:53:18,3.4286
17:53:19,3.4298
17:53:20,3.4274
17:53:21,3.4274
17:53:22,3.4225
17:53:23,3.4261
17:53:24,3.4274
17:53:25,3.4249
17:53:26,3.4212
17:53:27,3.4237
17:53:28,3.4298
17:53:29,3.4286
17:53:30,3.4274
17:53:31,3.4274
17:53:32,3.4286
17:53:33,3.4249
17:53:34,3.4261
17:53:35,3.4261
17:53:36,3.4286
17:53:37,3.431
17:53:38,3.4225
17:53:39,3.431
17:53:40,3.4286
17:53:41,3.4237
17:53:42,3.4298
17:53:43,3.4261
17:53:44,3.4249
17:53:45,3.4261
17:53:46,3.4249
17:53:47,3.4274
17:53:48,3.4225
17:53:49,3.4225
17:53:50,3.4176
17:53:51,3.4188
17:53:52,3.4127
17:53:53,3.4139
17:53:54,3.4115
17:53:55,3.4103
17:53:56,3.4042
17:53:57,3.3993
17:53:58,3.3895
17:54:00,3.3858
17:54:01,3.3687
17:54:02,3.3626
17:54:03,3.3553
17:54:04,3.337
17:54:05,3.3211
17:54:06,3.3077
17:54:07,3.2979
17:54:08,3.2796
17:54:09,3.2625
17:54:10,3.2552
17:54:11,3.243
17:54:12,3.2369
17:54:13,3.2369
17:54:14,3.2454
17:54:15,3.2405
17:54:16,3.243
17:54:17,3.2454
17:54:18,3.2491
17:54:19,3.2442
17:54:20,3.2479
17:54:21,3.243
17:54:22,3.2381
17:54:23,3.2357
17:54:24,3.2271
17:54:25,3.2186
17:54:26,3.2125
17:54:27,3.1978
17:54:28,3.1917
17:54:29,3.188
17:54:30,3.1819
17:54:31,3.188
17:54:32,3.1795
17:54:33,3.1819
17:54:34,3.1832
17:54:35,3.177
17:54:36,3.1783
17:54:37,3.1795
17:54:38,3.177
17:54:39,3.1734
17:54:40,3.1758
17:54:41,3.1795
17:54:42,3.177
17:54:43,3.1795
17:54:44,3.1807
17:54:45,3.177
17:54:46,3.177
17:54:47,3.1795
17:54:48,3.1746
17:54:49,3.1734
17:54:50,3.1685
17:54:51,3.1697
17:54:52,3.1697
17:54:53,3.1697
17:54:54,3.1722
17:54:55,3.1746
17:54:56,3.1795
17:54:57,3.177
17:54:58,3.1844
17:54:59,3.1917
17:55:00,3.1978
17:55:02,3.2027
17:55:03,3.2137
17:55:04,3.2161
17:55:05,3.2271
17:55:06,3.2295
17:55:07,3.2381
17:55:08,3.2393
17:55:09,3.2442
17:55:10,3.2454
17:55:11,3.2454
17:55:12,3.2515
17:55:13,3.2491
17:55:14,3.2527
17:55:15,3.2613
17:55:16,3.2613
17:55:17,3.265
17:55:18,3.2772
17:55:19,3.2808
17:55:20,3.2894
17:55:21,3.2943
17:55:22,3.304
17:55:23,3.3187
17:55:24,3.3321
17:55:25,3.3407
17:55:26,3.3516
17:55:27,3.359
17:55:28,3.3626
17:55:29,3.3736
17:55:30,3.3773
17:55:31,3.3858
17:55:32,3.3871
17:55:33,3.3871
17:55:34,3.3907
17:55:35,3.3944
17:55:36,3.4017
17:55:37,3.4054
17:55:38,3.4078
17:55:39,3.409
17:55:40,3.4188
17:55:41,3.4212
17:55:42,3.4249
17:55:43,3.4298
17:55:44,3.4383
17:55:45,3.4408
17:55:46,3.4481
17:55:47,3.4542
17:55:48,3.4542
17:55:49,3.4542
17:55:50,3.4518
17:55:51,3.4554
17:55:52,3.453
17:55:53,3.4493
17:55:54,3.4542
17:55:55,3.4542
17:55:56,3.4542
17:55:57,3.4554
17:55:58,3.4469
17:55:59,3.4505
17:56:00,3.4518
17:56:01,3.4505
17:56:03,3.4505
17:56:04,3.4493
17:56:05,3.4469
17:56:06,3.4457
17:56:07,3.442
17:56:08,3.4469
17:56:09,3.4457
17:56:10,3.4383
17:56:11,3.4383
17:56:12,3.4383
17:56:13,3.4383
17:56:14,3.4383
17:56:15,3.4383
17:56:16,3.4335
17:56:17,3.4335
17:56:18,3.4359
17:56:19,3.431
17:56:20,3.4322
17:56:21,3.4347
17:56:22,3.4359
17:56:23,3.431
17:56:24,3.431
17:56:25,3.4383
17:56:26,3.4383
17:56:27,3.4335
17:56:28,3.4359
17:56:29,3.4359
17:56:30,3.4298
17:56:31,3.4286
17:56:32,3.42
17:56:33,3.4237
17:56:34,3.4164
17:56:35,3.4127
17:56:36,3.4066
17:56:37,3.4029
17:56:38,3.3993
17:56:39,3.3944
17:56:40,3.3895
17:56:41,3.3846
17:56:42,3.3846
17:56:43,3.3858
17:56:44,3.3797
17:56:45,3.3834
17:56:46,3.3797
17:56:47,3.3834
17:56:48,3.3822
17:56:49,3.3785
17:56:50,3.3773
17:56:51,3.3797
17:56:52,3.3748
17:56:53,3.37
17:56:54,3.3675
17:56:55,3.3614
17:56:56,3.359
17:56:57,3.3614
17:56:58,3.3602
17:56:59,3.3504
17:57:00,3.3504
17:57:01,3.3516
17:57:03,3.3565
17:57:04,3.3614
17:57:05,3.3651
17:57:06,3.37
17:57:07,3.3748
17:57:08,3.3797
17:57:09,3.381
17:57:10,3.3895
17:57:11,3.3919
17:57:12,3.3993
17:57:13,3.4042
17:57:14,3.4066
17:57:15,3.4066
17:57:16,3.4103
17:57:17,3.409
17:57:18,3.4103
17:57:19,3.4115
17:57:20,3.4066
17:57:21,3.4078
17:57:22,3.4066
17:57:23,3.4029
17:57:24,3.3944
17:57:25,3.3932
17:57:26,3.3846
17:57:27,3.3797
17:57:28,3.3712
17:57:29,3.3651
17:57:30,3.3602
17:57:31,3.3541
17:57:32,3.348
17:57:33,3.3407
17:57:34,3.3358
17:57:35,3.326
17:57:36,3.3199
17:57:37,3.3138
17:57:38,3.3089
17:57:39,3.2967
17:57:40,3.2979
17:57:41,3.2906
17:57:42,3.2808
17:57:43,3.2759
17:57:44,3.2698
17:57:45,3.2576
17:57:46,3.2552
17:57:47,3.2442
17:57:48,3.2357
17:57:49,3.2247
17:57:50,3.2161
17:57:51,3.2039
17:57:52,3.1893
17:57:53,3.1746
17:57:54,3.1685
17:57:55,3.16
17:57:56,3.1551
17:57:57,3.1477
17:57:58,3.1502
17:57:59,3.1441
17:58:00,3.1441
17:58:01,3.138
17:58:02,3.1404
17:58:03,3.138
17:58:05,3.138
17:58:06,3.1355
17:58:07,3.1355
17:58:08,3.138
17:58:09,3.138
17:58:10,3.1429
17:58:11,3.1392
17:58:12,3.1355
17:58:13,3.1404
17:58:14,3.1416
17:58:15,3.138
17:58:16,3.1404
17:58:17,3.138
17:58:18,3.1416
17:58:19,3.1429
17:58:20,3.1453
17:58:21,3.1429
17:58:22,3.1453
17:58:23,3.1477
17:58:24,3.1441
17:58:25,3.1453
17:58:26,3.1453
17:58:27,3.149
17:58:28,3.1453
17:58:29,3.1453
17:58:30,3.1477
17:58:31,3.1477
17:58:32,3.1429
17:58:33,3.1477
17:58:34,3.1526
17:58:35,3.1514
17:58:36,3.1502
17:58:37,3.1465
17:58:38,3.1502
17:58:39,3.1526
17:58:40,3.1477
17:58:41,3.149
17:58:42,3.1526
17:58:43,3.1514
17:58:44,3.1526
17:58:45,3.1551
17:58:46,3.1514
17:58:47,3.1514
17:58:48,3.1538
17:58:49,3.1551
17:58:50,3.1551
17:58:51,3.1551
17:58:52,3.1551
17:58:53,3.1575
17:58:54,3.1551
17:58:55,3.1551
17:58:56,3.1538
17:58:57,3.16
17:58:58,3.1575
17:58:59,3.16
17:59:00,3.1587
17:59:01,3.1587
17:59:02,3.1624
17:59:03,3.16
17:59:04,3.16
17:59:05,3.1624
17:59:06,3.16
17:59:08,3.1636
17:59:09,3.1648
17:59:10,3.1636
17:59:11,3.1612
17:59:12,3.1661
17:59:13,3.1648
17:59:14,3.1648
17:59:15,3.1624
17:59:16,3.1648
17:59:17,3.1697
17:59:18,3.1697
17:59:19,3.1661
17:59:20,3.1661
17:59:21,3.1734
17:59:22,3.1783
17:59:23,3.1795
17:59:24,3.1844
17:59:25,3.1929
17:59:26,3.1905
17:59:27,3.1978
17:59:28,3.2015
17:59:29,3.2051
17:59:30,3.2112
17:59:31,3.221
17:59:32,3.232
17:59:33,3.2405
17:59:34,3.2527
17:59:35,3.2625
17:59:36,3.2723
17:59:37,3.2918
17:59:38,3.304
17:59:39,3.3187
17:59:40,3.337
17:59:41,3.3504
17:59:42,3.3639
17:59:43,3.3773
17:59:44,3.3907
17:59:45,3.3993
17:59:46,3.4115
17:59:47,3.4237
17:59:48,3.4298
17:59:49,3.4383
17:59:50,3.4505
17:59:51,3.4481
17:59:52,3.4603
17:59:53,3.4664
17:59:54,3.4676
17:59:55,3.4676
17:59:56,3.475
17:59:57,3.4725
17:59:58,3.4737
17:59:59,3.4762
18:00:00,3.4786
18:00:01,3.4762
18:00:02,3.4762
18:00:03,3.4786
18:00:04,3.4762
18:00:05,3.4762
18:00:06,3.4713
18:00:07,3.4774
18:00:08,3.4725
18:00:09,3.4725
18:00:11,3.4774
18:00:12,3.4689
18:00:13,3.4725
18:00:14,3.4725
18:00:15,3.4676
18:00:16,3.4713
18:00:17,3.4676
18:00:18,3.4689
18:00:19,3.4676
18:00:20,3.4664
18:00:21,3.4676
18:00:22,3.4603
18:00:23,3.4652
18:00:24,3.464
18:00:25,3.4664
18:00:26,3.4603
18:00:27,3.4603
18:00:28,3.4628
18:00:29,3.464
18:00:30,3.4579
18:00:31,3.4628
18:00:32,3.4628
18:00:33,3.4628
18:00:34,3.4579
18:00:35,3.4603
18:00:36,3.4579
18:00:37,3.4603
18:00:38,3.4591
18:00:39,3.4579
18:00:40,3.4579
18:00:41,3.4591
18:00:42,3.4554
18:00:43,3.4591
18:00:44,3.4579
18:00:45,3.4591
18:00:46,3.4615
18:00:47,3.4567
18:00:48,3.453
18:00:49,3.4554
18:00:50,3.4554
18:00:51,3.4579
18:00:52,3.4518
18:00:53,3.4542
18:00:54,3.4493
18:00:55,3.4554
18:00:56,3.453
18:00:57,3.4505
18:00:58,3.4469
18:00:59,3.4493
18:01:00,3.4481
18:01:01,3.4518
18:01:02,3.4493
18:01:03,3.4505
18:01:04,3.4481
18:01:05,3.4481
18:01:06,3.4481
18:01:07,3.4481
18:01:08,3.4432
18:01:09,3.4432
18:01:11,2.3675
18:01:12,2.4481
18:01:13,3.304
18:01:14,2.7399
18:01:15,3.4383
18:01:16,3.453
18:01:17,3.4432
18:01:18,3.4188
18:01:19,2.5018
18:01:20,3.4505
18:01:21,3.4481
18:01:22,3.4493
18:01:23,3.4457
18:01:24,3.4444
18:01:25,3.4481
18:01:26,3.4481
18:01:27,3.4457
18:01:28,3.4481
18:01:29,3.4432
18:01:30,3.4444
18:01:31,3.442
18:01:32,3.4444
18:01:33,3.4457
18:01:34,3.4444
18:01:35,3.4396
18:01:36,3.4432
18:01:37,3.442
18:01:38,3.4432
18:01:39,3.4383
18:01:40,3.4383
18:01:41,3.4383
18:01:42,3.4408
18:01:43,3.4383
18:01:44,3.4383
18:01:45,3.4383
18:01:46,3.4383
18:01:47,3.4359
18:01:48,3.4383
18:01:49,3.4371
18:01:50,3.4371
18:01:51,3.431
18:01:52,3.4322
18:01:53,3.431
18:01:54,3.431
18:01:55,3.4335
18:01:56,3.4286
18:01:57,3.4286
18:01:58,3.4286
18:01:59,3.4286
18:02:00,3.4212
18:02:01,3.4225
18:02:02,3.4237
18:02:03,3.4261
18:02:04,3.4237
18:02:05,3.4237
18:02:06,3.4225
18:02:07,3.4261
18:02:08,3.42
18:02:09,3.4237
18:02:10,3.4237
18:02:12,3.4237
18:02:13,3.4274
18:02:14,3.4261
18:02:15,3.431
18:02:16,3.4261
18:02:17,3.4249
18:02:18,3.4298
18:02:19,3.4249
18:02:20,3.4261
18:02:21,3.4286
18:02:22,3.4286
18:02:23,3.4261
18:02:24,3.4298
18:02:25,3.4286
18:02:26,3.4322
18:02:27,3.4335
18:02:28,3.4261
18:02:29,3.4322
18:02:30,3.4286
18:02:31,3.431
18:02:32,3.4322
18:02:33,3.4298
18:02:34,3.4286
18:02:35,3.431
18:02:36,3.4322
18:02:37,3.4298
18:02:38,3.4298
18:02:39,3.4383
18:02:40,3.4335
18:02:41,3.431
18:02:42,3.431
18:02:43,3.4322
18:02:44,3.4335
18:02:45,3.4298
18:02:46,3.4322
18:02:47,3.4298
18:02:48,3.4335
18:02:49,3.4335
18:02:50,3.4286
18:02:51,3.4286
18:02:52,3.4274
18:02:53,3.4274
18:02:54,3.431
18:02:55,3.4249
18:02:56,3.4249
18:02:57,3.4286
18:02:58,3.4298
18:02:59,3.4286
18:03:00,3.4261
18:03:01,3.4249
18:03:02,3.4249
18:03:03,3.4298
18:03:04,3.4261
18:03:05,3.4261
18:03:06,3.4261
18:03:07,3.4286
18:03:08,3.4237
18:03:09,3.4237
18:03:10,3.4188
18:03:11,3.4237
18:03:13,3.4237
18:03:14,3.4261
18:03:15,3.4249
18:03:16,3.4225
18:03:17,3.4261
18:03:18,3.4225
18:03:19,3.4237
18:03:20,3.4261
18:03:21,3.4261
18:03:22,3.4237
18:03:23,3.4212
18:03:24,3.4225
18:03:25,3.4237
18:03:26,3.42
18:03:27,3.4225
18:03:28,3.4237
18:03:29,3.4212
18:03:30,3.4188
18:03:31,3.4237
18:03:32,3.4237
18:03:33,3.4249
18:03:34,3.4188
18:03:35,3.4188
18:03:36,3.4188
18:03:37,3.4261
18:03:38,3.4261
18:03:39,3.4212
18:03:40,3.4188
18:03:41,3.4188
18:03:42,3.4188
18:03:43,3.4249
18:03:44,3.4225
18:03:45,3.4212
18:03:46,3.4249
18:03:47,3.4237
18:03:48,3.4261
18:03:49,3.4225
18:03:50,3.4237
18:03:51,3.4237
18:03:52,3.4298
18:03:53,3.4261
18:03:54,3.4274
18:03:55,3.4286
18:03:56,3.4274
18:03:57,3.4298
18:03:58,3.4286
18:03:59,3.4274
18:04:00,3.4274
18:04:01,3.4298
18:04:02,3.4249
18:04:03,3.4286
18:04:04,3.4274
18:04:05,3.4261
18:04:06,3.4237
18:04:07,3.4286
18:04:08,3.4261
18:04:09,3.4274
18:04:10,3.4298
18:04:11,3.4286
18:04:12,3.4225
18:04:14,3.4286
18:04:15,3.4261
18:04:16,3.4286
18:04:17,3.4261
18:04:18,3.4237
18:04:19,3.4261
18:04:20,3.4237
18:04:21,3.4237
18:04:22,3.4225
18:04:23,3.4225
18:04:24,3.4249
18:04:25,3.4286
18:04:26,3.4237
18:04:27,3.4249
18:04:28,3.4212
18:04:29,3.4225
18:04:30,3.4212
18:04:31,3.4237
18:04:32,3.4188
18:04:33,3.42
18:04:34,3.4237
18:04:35,3.4261
18:04:36,3.4286
18:04:37,3.4286
18:04:38,3.4261
18:04:39,3.4249
18:04:40,3.42
18:04:41,3.4237
18:04:42,3.42
18:04:43,3.4188
18:04:44,3.4237
18:04:45,3.42
18:04:46,3.42
18:04:47,3.4225
18:04:48,3.4237
18:04:49,3.4261
18:04:50,3.4188
18:04:51,3.4188
18:04:52,3.4212
18:04:53,3.42
18:04:54,3.4225
18:04:55,3.4164
18:04:56,3.4212
18:04:57,3.4212
18:04:58,3.4188
18:04:59,3.4212
18:05:00,3.4212
18:05:01,3.4164
18:05:02,3.4176
18:05:03,3.4212
18:05:04,3.4188
18:05:05,3.4176
18:05:06,3.4261
18:05:07,3.4212
18:05:08,3.4225
18:05:09,3.42
18:05:10,3.4188
18:05:11,3.4164
18:05:12,3.4176
18:05:13,3.4188
18:05:15,3.4225
18:05:16,3.4176
18:05:17,3.42
18:05:18,3.4188
18:05:19,3.4225
18:05:20,3.4188
18:05:21,3.4237
18:05:22,3.4225
18:05:23,3.4188
18:05:24,3.4225
18:05:25,3.4176
18:05:26,3.4176
18:05:27,3.4151
18:05:28,3.4188
18:05:29,3.4188
18:05:30,3.4164
18:05:31,3.4164
18:05:32,3.4164
18:05:33,3.4151
18:05:34,3.4176
18:05:35,3.4139
18:05:36,3.4176
18:05:37,3.4176
18:05:38,3.4188
18:05:39,3.4225
18:05:40,3.4188
18:05:41,3.4225
18:05:42,3.4188
18:05:43,3.4212
18:05:44,3.4237
18:05:45,3.4188
18:05:46,3.4249
18:05:47,3.4261
18:05:48,3.4261
18:05:49,3.4212
18:05:50,3.4274
18:05:51,3.4261
18:05:52,3.4286
18:05:53,3.4237
18:05:54,3.4249
18:05:55,3.4249
18:05:56,3.4249
18:05:57,3.4298
18:05:58,3.4249
18:05:59,3.4237
18:06:00,3.4212
18:06:01,3.4225
18:06:02,3.4274
18:06:03,3.4237
18:06:04,3.4261
18:06:05,3.4261
18:06:06,3.4286
18:06:07,3.4237
18:06:08,3.4237
18:06:09,3.4261
18:06:10,3.4249
18:06:11,3.4237
18:06:12,3.4261
18:06:13,3.4237
18:06:14,3.4249
18:06:16,3.4261
18:06:17,3.4274
18:06:18,3.4286
18:06:19,3.4212
18:06:20,3.4249
18:06:21,3.4274
18:06:22,3.4261
18:06:23,3.4274
18:06:24,3.4237
18:06:25,3.4212
18:06:26,3.4261
18:06:27,3.4212
18:06:28,3.4225
18:06:29,3.4212
18:06:30,3.42
18:06:31,3.4225
18:06:32,3.4225
18:06:33,3.4188
18:06:34,3.4212
18:06:35,3.42
18:06:36,3.4212
18:06:37,3.4188
18:06:38,3.4188
18:06:39,3.4237
18:06:40,3.4212
18:06:41,3.4188
18:06:42,3.4225
18:06:43,3.4237
18:06:44,3.4188
18:06:45,3.4164
18:06:46,3.4212
18:06:47,3.4188
18:06:48,3.4188
18:06:49,3.4225
18:06:50,3.4237
18:06:51,3.4237
18:06:52,3.4212
18:06:53,3.4237
18:06:54,3.4225
18:06:55,3.4188
18:06:56,3.4212
18:06:57,3.4212
18:06:58,3.42
18:06:59,3.4188
18:07:00,3.4212
18:07:01,3.4188
18:07:02,3.4188
18:07:03,3.4212
18:07:04,3.4176
18:07:05,3.4188
18:07:06,3.4237
18:07:07,3.4164
18:07:08,3.42
18:07:09,3.4225
18:07:10,3.4188
18:07:11,3.4139
18:07:12,3.4176
18:07:13,3.4115
18:07:14,3.4151
18:07:16,3.4115
18:07:17,3.4115
18:07:18,3.4066
18:07:19,3.4066
18:07:20,3.4042
18:07:21,3.4017
18:07:22,3.4042
18:07:23,3.398
18:07:24,3.3944
18:07:25,3.3968
18:07:26,3.3919
18:07:27,3.3895
18:07:28,3.3846
18:07:29,3.3846
18:07:30,3.3797
18:07:31,3.3748
18:07:32,3.3761
18:07:33,3.3675
18:07:34,3.3675
18:07:35,3.3602
18:07:36,3.359
18:07:37,3.3578
18:07:38,3.3504
18:07:39,3.348
18:07:40,3.3407
18:07:41,3.3407
18:07:42,3.3284
18:07:43,3.3272
18:07:44,3.3236
18:07:45,3.3236
18:07:46,3.3187
18:07:47,3.315
18:07:48,3.3199
18:07:49,3.3223
18:07:50,3.3223
18:07:51,3.3236
18:07:52,3.3333
18:07:53,3.3382
18:07:54,3.3407
18:07:55,3.3455
18:07:56,3.3553
18:07:57,3.3602
18:07:58,3.3651
18:07:59,3.3736
18:08:00,3.3797
18:08:01,3.3846
18:08:02,3.3944
18:08:03,3.3993
18:08:04,3.3993
18:08:05,3.4066
18:08:06,3.409
18:08:07,3.4115
18:08:08,3.4127
18:08:09,3.4164
18:08:10,3.4164
18:08:11,3.4188
18:08:12,3.42
18:08:13,3.4176
18:08:14,3.4151
18:08:15,3.4115
18:08:17,3.4103
18:08:18,3.4054
18:08:19,3.4042
18:08:20,3.398
18:08:21,3.3895
18:08:22,3.3858
18:08:23,3.3773
18:08:24,3.3675
18:08:25,3.3602
18:08:26,3.3516
18:08:27,3.3394
18:08:28,3.3272
18:08:29,3.1392
18:08:30,3.3016
18:08:31,3.2918
18:08:32,3.2821
18:08:33,3.2625
18:08:34,3.2527
18:08:35,3.2381
18:08:36,3.2173
18:08:37,3.2039
18:08:38,3.2015
18:08:39,3.188
18:08:40,3.1819
18:08:41,3.1746
18:08:42,3.1648
18:08:43,3.1587
18:08:44,2.6081
18:08:45,2.4139
18:08:46,3.1368
18:08:47,3.1343
18:08:48,3.1282
18:08:49,2.4066
18:08:50,3.1245
18:08:51,3.127
18:08:52,3.1258
18:08:53,3.1258
18:08:54,3.1245
18:08:55,3.1245
18:08:56,3.1258
18:08:57,3.127
18:08:58,2.5885
18:08:59,2.4713
18:09:00,3.1258
18:09:01,3.1233
18:09:02,2.4408
18:09:03,3.1258
18:09:04,3.1233
18:09:05,3.1245
18:09:06,3.1258
18:09:07,2.5495
18:09:08,3.1282
18:09:09,3.1258
18:09:10,3.127
18:09:11,3.1258
18:09:12,3.1294
18:09:13,3.1258
18:09:14,2.6386
18:09:15,3.127
18:09:16,3.1258
18:09:18,3.1258
18:09:19,2.4908
18:09:20,3.1306
18:09:21,2.4432
18:09:22,3.1306
18:09:23,3.1306
18:09:24,3.1331
18:09:25,3.1294
18:09:26,3.1343
18:09:27,3.1306
18:09:28,3.1306
18:09:29,2.4554
18:09:30,3.1355
18:09:31,3.1306
18:09:32,3.1355
18:09:33,3.1368
18:09:34,3.1368
18:09:35,3.1355
18:09:36,3.1355
18:09:37,2.4225
18:09:38,3.138
18:09:39,3.1416
18:09:40,3.1355
18:09:41,2.5177
18:09:42,3.1392
18:09:43,2.4908
18:09:44,3.1355
18:09:45,3.1355
18:09:46,3.1355
18:09:47,2.4884
18:09:48,3.1404
18:09:49,3.1429
18:09:50,3.138
18:09:51,3.1416
18:09:52,3.1404
18:09:53,3.1441
18:09:54,3.1404
18:09:55,3.1416
18:09:56,3.1392
18:09:57,3.1392
18:09:58,2.4908
18:09:59,3.138
18:10:00,3.1416
18:10:01,3.1404
18:10:02,3.138
18:10:03,3.1392
18:10:04,3.138
18:10:05,3.138
18:10:06,3.138
18:10:07,3.1392
18:10:08,2.431
18:10:09,3.138
18:10:10,3.1404
18:10:11,3.1404
18:10:12,3.1355
18:10:13,3.1429
18:10:14,3.1355
18:10:15,3.1404
18:10:17,2.3553
18:10:18,3.1429
18:10:19,2.5324
18:10:20,2.5336
18:10:21,3.1355
18:10:22,3.1368
18:10:23,3.1355
18:10:24,3.1404
18:10:25,3.1368
18:10:26,3.138
18:10:27,3.1404
18:10:28,3.1368
18:10:29,3.138
18:10:30,3.1392
18:10:31,3.1355
18:10:32,3.1392
18:10:33,3.1355
18:10:34,3.1392
18:10:35,3.138
18:10:36,3.1404
18:10:37,3.1343
18:10:38,3.138
18:10:39,3.1392
18:10:40,3.1429
18:10:41,3.1355
18:10:42,3.1404
18:10:43,3.1355
18:10:44,3.1355
18:10:45,3.1355
18:10:46,3.1355
18:10:47,3.1404
18:10:48,3.1368
18:10:49,3.1331
18:10:50,3.138
18:10:51,3.1368
18:10:52,3.138
18:10:53,3.1331
18:10:54,3.1355
18:10:55,3.138
18:10:56,3.1343
18:10:57,3.1392
18:10:58,3.138
18:10:59,3.1331
18:11:00,3.1368
18:11:01,3.1355
18:11:02,3.1392
18:11:03,3.1331
18:11:04,3.138
18:11:05,3.1355
18:11:06,3.138
18:11:07,3.1343
18:11:08,3.1404
18:11:09,3.138
18:11:10,3.1368
18:11:11,3.138
18:11:12,3.1355
18:11:13,3.1331
18:11:14,3.1331
18:11:15,3.1355
18:11:16,3.138
18:11:18,3.1404
18:11:19,3.1355
18:11:20,3.138
18:11:21,3.1343
18:11:22,3.1392
18:11:23,3.1368
18:11:24,3.1355
18:11:25,3.1355
18:11:26,3.1319
18:11:27,3.1343
18:11:28,3.1355
18:11:29,3.1355
18:11:30,3.1319
18:11:31,3.1392
18:11:32,3.1343
18:11:33,3.1368
18:11:34,3.1355
18:11:35,3.1331
18:11:36,3.1343
18:11:37,3.138
18:11:38,3.1355
18:11:39,3.1404
18:11:40,3.1355
18:11:41,3.1343
18:11:42,3.1343
18:11:43,3.1343
18:11:44,3.1343
18:11:45,3.1343
18:11:46,3.1392
18:11:47,3.138
18:11:48,3.1392
18:11:49,3.1368
18:11:50,3.1392
18:11:51,3.138
18:11:52,3.1392
18:11:53,3.1368
18:11:54,3.138
18:11:55,3.1404
18:11:56,3.1392
18:11:57,3.1392
18:11:58,3.138
18:11:59,3.1368
18:12:00,3.1392
18:12:01,3.1404
18:12:02,3.138
18:12:03,3.1416
18:12:04,3.138
18:12:05,3.1392
18:12:06,3.1404
18:12:07,3.1404
18:12:08,3.1404
18:12:09,3.1355
18:12:10,3.1429
18:12:11,3.138
18:12:12,3.1416
18:12:13,3.138
18:12:14,3.1404
18:12:15,3.1368
18:12:16,3.1416
18:12:17,3.1404
18:12:18,3.1416
18:12:20,3.1453
18:12:21,3.1404
18:12:22,3.1392
18:12:23,3.1441
18:12:24,3.1453
18:12:25,3.1404
18:12:26,3.1453
18:12:27,3.1404
18:12:28,3.149
18:12:29,3.1441
18:12:30,3.1429
18:12:31,3.1416
18:12:32,3.1453
18:12:33,3.1429
18:12:34,3.1404
18:12:35,3.1416
18:12:36,3.1453
18:12:37,3.1453
18:12:38,3.1404
18:12:39,3.1477
18:12:40,3.1465
18:12:41,3.1453
18:12:42,3.1453
18:12:43,3.1502
18:12:44,3.1453
18:12:45,3.1453
18:12:46,3.1477
18:12:47,3.1429
18:12:48,3.1526
18:12:49,3.1514
18:12:50,3.1502
18:12:51,3.1477
18:12:52,3.1477
18:12:53,3.1502
18:12:54,3.1453
18:12:55,3.1514
18:12:56,3.1477
18:12:57,3.149
18:12:58,3.1526
18:12:59,3.1551
18:13:00,3.149
18:13:01,3.1502
18:13:02,3.1526
18:13:03,3.1526
18:13:04,3.1514
18:13:05,3.1538
18:13:06,3.1551
18:13:07,3.1502
18:13:08,3.1538
18:13:09,3.1526
18:13:10,3.1538
18:13:11,3.1551
18:13:12,3.1551
18:13:13,3.1575
18:13:14,3.1502
18:13:15,3.1551
18:13:16,3.1538
18:13:17,3.1587
18:13:19,3.1551
18:13:20,3.1563
18:13:21,3.1538
18:13:22,3.1563
18:13:23,3.1526
18:13:24,3.1563
18:13:25,3.16
18:13:26,3.1575
18:13:27,3.16
18:13:28,3.1575
18:13:29,3.1575
18:13:30,3.1551
18:13:31,3.1612
18:13:32,3.1563
18:13:33,3.1624
18:13:34,3.1575
18:13:35,3.1526
18:13:36,3.1575
18:13:37,3.1624
18:13:38,3.1563
18:13:39,3.16
18:13:40,3.1661
18:13:41,3.1648
18:13:42,3.1575
18:13:43,3.1624
18:13:44,3.1612
18:13:45,3.1575
18:13:46,3.1624
18:13:47,3.1661
18:13:48,3.1648
18:13:49,3.1624
18:13:50,3.1624
18:13:51,3.1648
18:13:52,3.1587
18:13:53,3.1587
18:13:54,3.1648
18:13:55,3.1673
18:13:56,3.16
18:13:57,3.1624
18:13:58,3.1685
18:13:59,3.1648
18:14:00,3.1648
18:14:01,3.1697
18:14:02,3.1636
18:14:03,3.1661
18:14:04,3.1685
18:14:05,3.1648
18:14:06,3.1648
18:14:07,3.1648
18:14:08,3.1722
18:14:09,3.1648
18:14:10,3.1661
18:14:11,3.1661
18:14:12,3.1661
18:14:13,3.1697
18:14:14,3.1697
18:14:15,3.1648
18:14:16,3.1746
18:14:17,3.1685
18:14:18,3.1685
18:14:20,3.1685
18:14:21,3.1673
18:14:22,3.1697
18:14:23,3.1685
18:14:24,3.1746
18:14:25,3.1722
18:14:26,3.1709
18:14:27,3.1746
18:14:28,3.1722
18:14:29,3.1722
18:14:30,3.1685
18:14:31,3.1685
18:14:32,3.1709
18:14:33,3.1722
18:14:34,3.1746
18:14:35,3.1722
18:14:36,3.1697
18:14:37,3.1746
18:14:38,3.1746
18:14:39,3.1722
18:14:40,3.1734
18:14:41,3.1746
18:14:42,3.1734
18:14:43,3.1746
18:14:44,3.1807
18:14:45,3.1722
18:14:46,3.1746
18:14:47,3.1722
18:14:48,3.1746
18:14:49,3.1746
18:14:50,3.1758
18:14:51,3.1746
18:14:52,3.1734
18:14:53,3.1746
18:14:54,3.1758
18:14:55,3.177
18:14:56,3.177
18:14:57,3.1758
18:14:58,3.1783
18:14:59,3.1783
18:15:00,3.1746
18:15:01,3.1795
18:15:02,3.1746
18:15:03,3.1807
18:15:04,3.1746
18:15:05,3.1783
18:15:06,3.1807
18:15:07,3.1795
18:15:08,3.1795
18:15:09,3.177
18:15:10,3.1795
18:15:11,3.1795
18:15:12,3.1807
18:15:13,3.1758
18:15:14,3.1795
18:15:15,3.177
18:15:16,3.1795
18:15:17,3.1783
18:15:18,3.1819
18:15:19,3.1783
18:15:20,3.177
18:15:22,3.1795
18:15:23,3.1819
18:15:24,3.1795
18:15:25,3.1795
18:15:26,3.1844
18:15:27,3.1795
18:15:28,3.1795
18:15:29,3.1795
18:15:30,3.1795
18:15:31,3.1795
18:15:32,3.177
18:15:33,3.177
18:15:34,3.1844
18:15:35,3.177
18:15:36,3.1795
18:15:37,3.1819
18:15:38,3.177
18:15:39,3.1795
18:15:40,3.1783
18:15:41,3.1795
18:15:42,3.177
18:15:43,3.1783
18:15:44,3.1795
18:15:45,3.1819
18:15:46,3.1819
18:15:47,3.1795
18:15:48,3.1807
18:15:49,3.1783
18:15:50,3.1795
18:15:51,3.177
18:15:52,3.177
18:15:53,3.1783
18:15:54,3.177
18:15:55,3.1746
18:15:56,3.1746
18:15:57,3.1807
18:15:58,3.1783
18:15:59,3.1734
18:16:00,3.1795
18:16:01,3.1746
18:16:02,3.1758
18:16:03,3.1807
18:16:04,3.1758
18:16:05,3.1746
18:16:06,3.177
18:16:07,3.1746
18:16:08,3.177
18:16:09,3.177
18:16:10,3.1807
18:16:11,3.1746
18:16:12,3.1758
18:16:13,3.1758
18:16:14,3.1807
18:16:15,3.1746
18:16:16,3.1758
18:16:17,3.177
18:16:18,3.1746
18:16:19,3.1795
18:16:20,3.1722
18:16:22,3.1722
18:16:23,3.1697
18:16:24,3.1746
18:16:25,3.1734
18:16:26,3.177
18:16:27,3.1783
18:16:28,3.1734
18:16:29,3.1795
18:16:30,3.1746
18:16:31,3.1709
18:16:32,3.177
18:16:33,3.1746
18:16:34,3.1697
18:16:35,3.177
18:16:36,3.1746
18:16:37,3.1758
18:16:38,3.1746
18:16:39,3.1746
18:16:40,3.1758
18:16:41,3.1722
18:16:42,3.177
18:16:43,3.1734
18:16:44,3.1746
18:16:45,3.1722
18:16:46,3.1722
18:16:47,3.1709
18:16:48,3.1722
18:16:49,3.1709
18:16:50,3.1697
18:16:51,3.1746
18:16:52,3.1697
18:16:53,3.1722
18:16:54,3.1722
18:16:55,3.1697
18:16:56,3.1746
18:16:57,3.1697
18:16:58,3.1648
18:16:59,3.1722
18:17:00,3.1685
18:17:01,3.1697
18:17:02,3.1697
18:17:03,3.1673
18:17:04,3.1709
18:17:05,3.1673
18:17:06,3.1661
18:17:07,3.1661
18:17:08,3.1709
18:17:09,3.1685
18:17:10,3.1612
18:17:11,3.1673
18:17:12,3.1697
18:17:13,3.1648
18:17:14,3.1685
18:17:15,3.1636
18:17:16,3.1697
18:17:17,3.1661
18:17:18,3.1648
18:17:19,3.1648
18:17:20,3.1685
18:17:21,3.1648
18:17:23,3.1661
18:17:24,3.1624
18:17:25,3.1648
18:17:26,3.1673
18:17:27,3.1636
18:17:28,3.1636
18:17:29,3.1673
18:17:30,3.1648
18:17:31,3.1661
18:17:32,3.1624
18:17:33,3.16
18:17:34,3.1575
18:17:35,3.1624
18:17:36,3.16
18:17:37,3.16
18:17:38,3.1612
18:17:39,3.1587
18:17:40,3.1563
18:17:41,3.1563
18:17:42,3.1575
18:17:43,3.1526
18:17:44,3.1551
18:17:45,3.1575
18:17:46,3.1563
18:17:47,3.1551
18:17:48,3.1526
18:17:49,3.1526
18:17:50,3.1538
18:17:51,3.1502
18:17:52,3.1551
18:17:53,3.1563
18:17:54,3.1551
18:17:55,3.1526
18:17:56,3.1563
18:17:57,3.1526
18:17:58,3.1502
18:17:59,3.1526
18:18:00,3.1502
18:18:01,3.149
18:18:02,3.1502
18:18:03,3.1502
18:18:04,3.1502
18:18:05,3.1502
18:18:06,3.1477
18:18:07,3.1551
18:18:08,3.1477
18:18:09,3.1465
18:18:10,3.1538
18:18:11,3.1502
18:18:12,3.1514
18:18:13,3.1526
18:18:14,3.1502
18:18:15,3.1538
18:18:16,3.1502
18:18:17,3.1526
18:18:18,3.149
18:18:19,3.1551
18:18:20,3.1477
18:18:21,3.1477
18:18:23,3.1465
18:18:24,3.1502
18:18:25,3.1441
18:18:26,3.1477
18:18:27,3.1453
18:18:28,3.1453
18:18:29,3.1465
18:18:30,3.1465
18:18:31,3.149
18:18:32,3.1453
18:18:33,3.1429
18:18:34,3.1465
18:18:35,3.1477
18:18:36,3.1502
18:18:37,3.1477
18:18:38,3.1477
18:18:39,3.149
18:18:40,3.1453
18:18:41,3.149
18:18:42,3.149
18:18:43,3.149
18:18:44,3.1441
18:18:45,3.1453
18:18:46,3.149
18:18:47,3.1465
18:18:48,3.1453
18:18:49,3.1429
18:18:50,3.149
18:18:51,3.1441
18:18:52,3.149
18:18:53,3.1477
18:18:54,3.1453
18:18:55,3.1441
18:18:56,3.1453
18:18:57,3.1453
18:18:58,3.1453
18:18:59,3.1465
18:19:00,3.1453
18:19:01,3.1453
18:19:02,3.1441
18:19:03,3.1514
18:19:04,3.1453
18:19:05,3.1441
18:19:06,3.1465
18:19:07,3.1429
18:19:08,3.1453
18:19:09,3.1429
18:19:10,3.1441
18:19:11,3.1465
18:19:12,3.1416
18:19:13,3.1453
18:19:14,3.1465
18:19:15,3.1453
18:19:16,3.1429
18:19:17,3.1429
18:19:18,3.1404
18:19:19,3.1453
18:19:20,3.1453
18:19:21,3.1441
18:19:23,3.1465
18:19:24,3.1453
18:19:25,3.1441
18:19:26,3.1477
18:19:27,3.1453
18:19:28,3.1477
18:19:29,3.1441
18:19:30,3.1416
18:19:31,3.1477
18:19:32,3.1465
18:19:33,3.1465
18:19:34,3.1429
18:19:35,3.1416
18:19:36,3.1465
18:19:37,3.1477
18:19:38,3.1477
18:19:39,3.1441
18:19:40,3.1453
18:19:41,3.1465
18:19:42,3.1465
18:19:43,3.1465
18:19:44,3.1441
18:19:45,3.1429
18:19:46,3.1441
18:19:47,3.1441
18:19:48,3.1453
18:19:49,3.1453
18:19:50,3.1416
18:19:51,3.1441
18:19:52,3.1453
18:19:53,3.1429
18:19:54,3.1441
18:19:55,3.1429
18:19:56,3.1441
18:19:57,3.1453
18:19:58,3.1429
18:19:59,3.1453
18:20:00,3.1453
18:20:01,3.1453
18:20:02,3.1416
18:20:03,3.1441
18:20:04,3.1453
18:20:05,3.1477
18:20:06,3.1453
18:20:07,3.1441
18:20:08,3.138
18:20:09,3.1441
18:20:10,3.1404
18:20:11,3.138
18:20:12,3.1416
18:20:13,3.1416
18:20:14,3.1416
18:20:15,3.1441
18:20:16,3.1416
18:20:17,3.1404
18:20:18,3.1416
18:20:19,3.1392
18:20:20,3.1404
18:20:21,3.1404
18:20:22,3.1404
18:20:24,3.1416
18:20:25,3.1416
18:20:26,3.1429
18:20:27,3.1429
18:20:28,3.1429
18:20:29,3.1404
18:20:30,3.1453
18:20:31,3.1429
18:20:32,3.1441
18:20:33,3.138
18:20:34,3.1392
18:20:35,3.1392
18:20:36,3.1392
18:20:37,3.1404
18:20:38,3.1429
18:20:39,3.1416
18:20:40,3.1416
18:20:41,3.1416
18:20:42,3.1392
18:20:43,3.1404
18:20:44,3.1404
18:20:45,3.1429
18:20:46,3.1392
18:20:47,3.1392
18:20:48,3.138
18:20:49,3.1416
18:20:50,3.1429
18:20:51,3.1355
18:20:52,3.1404
18:20:53,3.1392
18:20:54,3.1416
18:20:55,3.1392
18:20:56,3.1404
18:20:57,3.1392
18:20:58,3.1404
18:20:59,3.1392
18:21:00,3.138
18:21:01,3.1416
18:21:02,3.1416
18:21:03,3.1404
18:21:04,3.1416
18:21:05,3.1368
18:21:06,3.1392
18:21:07,3.1392
18:21:08,3.1392
18:21:09,3.138
18:21:10,3.138
18:21:11,3.1343
18:21:12,3.138
18:21:13,3.1368
18:21:14,3.1355
18:21:15,3.1355
18:21:16,3.138
18:21:17,3.138
18:21:18,3.138
18:21:19,3.1355
18:21:20,2.3736
18:21:21,2.431
18:21:22,3.0977
18:21:23,3.1209
18:21:24,3.1343
18:21:26,3.138
18:21:27,2.5177
18:21:28,2.3944
18:21:29,2.4615
18:21:30,3.138
18:21:31,3.138
18:21:32,3.1355
18:21:33,3.1355
18:21:34,3.1355
18:21:35,3.138
18:21:36,3.1355
18:21:37,3.1319
18:21:38,3.1355
18:21:39,3.1368
18:21:40,3.1331
18:21:41,3.1368
18:21:42,3.1319
18:21:43,3.1343
18:21:44,3.1343
18:21:45,3.1319
18:21:46,3.1368
18:21:47,3.1343
18:21:48,3.1319
18:21:49,3.1319
18:21:50,3.1331
18:21:51,3.1331
18:21:52,3.1306
18:21:53,3.138
18:21:54,3.1331
18:21:55,3.1331
18:21:56,3.1343
18:21:57,3.1319
18:21:58,3.1355
18:21:59,3.1355
18:22:00,3.1331
18:22:01,3.1306
18:22:02,3.1331
18:22:03,3.1343
18:22:04,3.1355
18:22:05,3.1319
18:22:06,3.1355
18:22:07,3.1319
18:22:08,3.1319
18:22:09,3.1343
18:22:10,3.1355
18:22:11,3.1282
18:22:12,3.1294
18:22:13,3.1282
18:22:14,3.1331
18:22:15,3.1343
18:22:16,3.1343
18:22:17,3.1306
18:22:18,3.127
18:22:19,3.1282
18:22:20,3.1319
18:22:21,3.127
18:22:22,3.1258
18:22:23,3.1294
18:22:24,3.1306
18:22:25,3.1258
18:22:27,3.127
18:22:28,3.1282
18:22:29,3.1294
18:22:30,3.1294
18:22:31,3.1258
18:22:32,3.1306
18:22:33,3.1282
18:22:34,3.1306
18:22:35,3.1258
18:22:36,3.1282
18:22:37,3.1258
18:22:38,3.1258
18:22:39,3.127
18:22:40,3.1258
18:22:41,3.127
18:22:42,3.1258
18:22:43,3.1258
18:22:44,3.1258
18:22:45,3.1245
18:22:46,3.1245
18:22:47,3.1258
18:22:48,3.1258
18:22:49,3.1258
18:22:50,3.1258
18:22:51,3.1233
18:22:52,3.1258
18:22:53,3.1221
18:22:54,3.1245
18:22:55,3.1245
18:22:56,3.1245
18:22:57,3.1258
18:22:58,3.1258
18:22:59,3.1258
18:23:00,3.1258
18:23:01,3.1258
18:23:02,3.1245
18:23:03,3.1258
18:23:04,3.1245
18:23:05,3.1197
18:23:06,3.1282
18:23:07,3.1197
18:23:08,3.1258
18:23:09,3.1209
18:23:10,3.1258
18:23:11,3.1209
18:23:12,3.1221
18:23:13,3.1209
18:23:14,3.1221
18:23:15,3.1233
18:23:16,3.1209
18:23:17,3.1209
18:23:18,3.1233
18:23:19,3.1209
18:23:20,3.1221
18:23:21,3.1245
18:23:22,3.1245
18:23:23,3.1258
18:23:24,3.1221
18:23:25,3.1197
18:23:27,3.1221
18:23:28,3.1209
18:23:29,3.1172
18:23:30,3.1172
18:23:31,3.1209
18:23:32,3.1172
18:23:33,3.1233
18:23:34,3.116
18:23:35,3.1245
18:23:36,3.1172
18:23:37,3.1233
18:23:38,3.1221
18:23:39,3.1148
18:23:40,3.1221
18:23:41,3.1197
18:23:42,3.1258
18:23:43,3.1245
18:23:44,3.1221
18:23:45,3.1233
18:23:46,3.1245
18:23:47,3.1209
18:23:48,3.1221
18:23:49,3.1209
18:23:50,3.1184
18:23:51,3.1233
18:23:52,3.1209
18:23:53,3.1233
18:23:54,3.1221
18:23:55,3.1258
18:23:56,3.1209
18:23:57,3.1184
18:23:58,3.1245
18:23:59,3.1209
18:24:00,3.1209
18:24:01,3.1245
18:24:02,3.1245
18:24:03,3.1233
18:24:04,3.1221
18:24:05,3.1245
18:24:06,3.1221
18:24:07,3.1245
18:24:08,3.1233
18:24:09,3.1197
18:24:10,3.1221
18:24:11,3.1245
18:24:12,3.1258
18:24:13,3.1245
18:24:14,3.127
18:24:15,3.1209
18:24:16,3.1258
18:24:17,3.1221
18:24:18,3.1258
18:24:19,3.1245
18:24:20,3.1258
18:24:21,3.1258
18:24:22,3.1258
18:24:23,3.1258
18:24:24,3.1258
18:24:25,3.1258
18:24:26,3.1282
18:24:27,3.1258
18:24:28,3.1258
18:24:30,3.1306
18:24:31,3.1282
18:24:32,3.1306
18:24:33,3.1282
18:24:34,3.1294
18:24:35,3.1319
18:24:36,3.1306
18:24:37,3.1306
18:24:38,3.1294
18:24:39,3.1282
18:24:40,3.1331
18:24:41,3.127
18:24:42,3.1319
18:24:43,3.1343
18:24:44,3.1319
18:24:45,3.1331
18:24:46,3.1306
18:24:47,3.1355
18:24:48,3.1319
18:24:49,3.1355
18:24:50,3.1319
18:24:51,3.1355
18:24:52,3.1319
18:24:53,3.1368
18:24:54,3.1331
18:24:55,3.1368
18:24:56,3.1355
18:24:57,3.1331
18:24:58,3.1368
18:24:59,3.1343
18:25:00,3.1368
18:25:01,3.1355
18:25:02,3.1343
18:25:03,3.1343
18:25:04,3.1355
18:25:05,3.1355
18:25:06,3.1355
18:25:07,3.138
18:25:08,3.1368
18:25:09,3.1416
18:25:10,3.138
18:25:11,3.1368
18:25:12,3.1355
18:25:13,3.1416
18:25:14,3.1392
18:25:15,3.138
18:25:16,3.138
18:25:17,3.138
18:25:18,3.138
18:25:19,3.138
18:25:20,3.1416
18:25:21,3.138
18:25:22,3.1429
18:25:23,3.1392
18:25:24,3.1416
18:25:25,3.1441
18:25:26,3.1453
18:25:27,3.1404
18:25:28,3.1416
18:25:29,3.1404
18:25:30,3.1441
18:25:32,3.1453
18:25:33,3.1441
18:25:34,3.1441
18:25:35,3.1429
18:25:36,3.1429
18:25:37,3.1429
18:25:38,3.1477
18:25:39,3.1441
18:25:40,3.1453
18:25:41,3.1453
18:25:42,3.1453
18:25:43,3.1453
18:25:44,3.1465
18:25:45,3.1477
18:25:46,3.1477
18:25:47,3.1502
18:25:48,3.1502
18:25:49,3.1477
18:25:50,3.149
18:25:51,3.1502
18:25:52,3.1502
18:25:53,3.1514
18:25:54,3.1477
18:25:55,3.1526
18:25:56,3.1538
18:25:57,3.1514
18:25:58,3.1514
18:25:59,3.1502
18:26:00,3.1551
18:26:01,3.149
18:26:02,3.1514
18:26:03,3.1526
18:26:04,3.1538
18:26:05,3.1526
18:26:06,3.1551
18:26:07,3.1563
18:26:08,3.1551
18:26:09,3.1575
18:26:10,3.1551
18:26:11,3.1563
18:26:12,3.1514
18:26:13,3.1514
18:26:14,3.1563
18:26:15,3.1551
18:26:16,3.1575
18:26:17,3.1551
18:26:18,3.1526
18:26:19,3.1575
18:26:20,3.1538
18:26:21,3.16
18:26:22,3.1575
18:26:23,3.16
18:26:24,3.1624
18:26:25,3.16
18:26:26,3.1624
18:26:27,3.16
18:26:28,3.1551
18:26:29,3.1636
18:26:30,3.1648
18:26:32,3.1648
18:26:33,3.1563
18:26:34,3.1612
18:26:35,3.1612
18:26:36,3.1648
18:26:37,3.1661
18:26:38,3.1648
18:26:39,3.1648
18:26:40,3.1648
18:26:41,3.1648
18:26:42,3.1612
18:26:43,3.1648
18:26:44,3.1661
18:26:45,3.1648
18:26:46,3.1661
18:26:47,3.1722
18:26:48,3.1673
18:26:49,3.1685
18:26:50,3.1697
18:26:51,3.1648
18:26:52,3.1673
18:26:53,3.1685
18:26:54,3.1722
18:26:55,3.1697
18:26:56,3.1722
18:26:57,3.1746
18:26:58,3.1734
18:26:59,3.1746
18:27:00,3.1734
18:27:01,3.1746
18:27:02,3.1746
18:27:03,3.1758
18:27:04,3.1746
18:27:05,3.1795
18:27:06,3.177
18:27:07,3.177
18:27:08,3.1758
18:27:09,3.1795
18:27:10,3.1795
18:27:11,3.177
18:27:12,3.1746
18:27:13,3.1783
18:27:14,3.1795
18:27:15,3.1819
18:27:16,3.1758
18:27:17,3.1783
18:27:18,3.1795
18:27:19,3.1783
18:27:20,3.1795
18:27:21,3.1795
18:27:22,3.1807
18:27:23,3.1795
18:27:24,3.1795
18:27:25,3.1807
18:27:26,3.1844
18:27:27,3.1795
18:27:28,3.1856
18:27:29,3.1832
18:27:31,3.1844
18:27:32,3.1832
18:27:33,3.1795
18:27:34,3.1844
18:27:35,3.1844
18:27:36,3.1844
18:27:37,3.1856
18:27:38,3.1856
18:27:39,3.1856
18:27:40,3.188
18:27:41,3.1868
18:27:42,3.1844
18:27:43,3.1868
18:27:44,3.1856
18:27:45,3.1905
18:27:46,3.1856
18:27:47,3.1893
18:27:48,3.188
18:27:49,3.1893
18:27:50,3.1917
18:27:51,3.1893
18:27:52,3.1844
18:27:53,3.1905
18:27:54,3.1941
18:27:55,3.1941
18:27:56,3.1954
18:27:57,3.1954
18:27:58,3.1941
18:27:59,3.1954
18:28:00,3.1954
18:28:01,3.1954
18:28:02,3.1978
18:28:03,3.199
18:28:04,3.1966
18:28:05,3.1966
18:28:06,3.1978
18:28:07,3.1978
18:28:08,3.199
18:28:09,3.1966
18:28:10,3.2002
18:28:11,3.1966
18:28:12,3.199
18:28:13,3.1941
18:28:14,3.1905
18:28:15,3.1917
18:28:16,3.1954
18:28:17,3.1954
18:28:18,3.1978
18:28:19,3.1941
18:28:20,3.199
18:28:21,3.1978
18:28:22,3.1978
18:28:23,3.1954
18:28:24,3.199
18:28:25,3.1954
18:28:26,3.199
18:28:27,3.1954
18:28:28,3.1978
18:28:29,3.1966
18:28:30,3.2002
18:28:31,3.1978
18:28:33,3.1941
18:28:34,3.1978
18:28:35,3.2002
18:28:36,3.199
18:28:37,3.1978
18:28:38,3.2015
18:28:39,3.2015
18:28:40,3.2015
18:28:41,3.2015
18:28:42,3.2002
18:28:43,3.2039
18:28:44,3.1966
18:28:45,3.1966
18:28:46,3.2027
18:28:47,3.1978
18:28:48,3.2027
18:28:49,3.2015
18:28:50,3.199
18:28:51,3.2002
18:28:52,3.2039
18:28:53,3.2002
18:28:54,3.2039
18:28:55,3.2002
18:28:56,3.2039
18:28:57,3.2015
18:28:58,3.199
18:28:59,3.2039
18:29:00,3.1966
18:29:01,3.2051
18:29:02,3.2002
18:29:03,3.2063
18:29:04,3.2015
18:29:05,3.2051
18:29:06,3.2027
18:29:07,3.2051
18:29:08,3.2015
18:29:09,3.199
18:29:10,3.2015
18:29:11,3.2002
18:29:12,3.2039
18:29:13,3.2027
18:29:14,3.2039
18:29:15,3.2015
18:29:16,3.2051
18:29:17,3.2027
18:29:18,3.2039
18:29:19,3.2051
18:29:20,3.2088
18:29:21,3.2137
18:29:22,3.2161
18:29:23,3.2234
18:29:24,3.2283
18:29:25,3.2405
18:29:26,3.2479
18:29:27,3.2576
18:29:28,3.2662
18:29:29,3.2772
18:29:30,3.2821
18:29:31,3.293
18:29:32,3.3028
18:29:33,3.3126
18:29:34,3.3199
18:29:36,3.3211
18:29:37,3.3309
18:29:38,3.3297
18:29:39,3.3346
18:29:40,3.3333
18:29:41,3.3346
18:29:42,3.3333
18:29:43,3.3297
18:29:44,3.326
18:29:45,3.3211
18:29:46,3.3138
18:29:47,3.315
18:29:48,3.3077
18:29:49,3.3016
18:29:50,3.2955
18:29:51,3.2857
18:29:52,3.2821
18:29:53,3.2674
18:29:54,3.2625
18:29:55,3.2503
18:29:56,3.243
18:29:57,3.2308
18:29:58,3.221
18:29:59,3.2125
18:30:00,3.2015
18:30:01,3.1966
18:30:02,3.1905
18:30:03,3.1856
18:30:04,3.1868
18:30:05,3.1844
18:30:06,3.1844
18:30:07,3.1844
18:30:08,3.1868
18:30:09,3.1844
18:30:10,3.1893
18:30:11,3.1844
18:30:12,3.1868
18:30:13,3.1832
18:30:14,3.1868
18:30:15,3.1844
18:30:16,3.1844
18:30:17,3.1844
18:30:18,3.1795
18:30:19,3.1844
18:30:20,3.1844
18:30:21,3.1844
18:30:22,3.1844
18:30:23,3.1844
18:30:24,3.1832
18:30:25,3.1844
18:30:26,3.1832
18:30:27,3.1856
18:30:28,3.1819
18:30:29,3.1844
18:30:30,3.1832
18:30:31,3.1844
18:30:32,3.1856
18:30:33,3.1856
18:30:34,3.1819
18:30:35,3.1819
18:30:36,3.1819
18:30:38,3.1795
18:30:39,3.1844
18:30:40,3.1819
18:30:41,3.1819
18:30:42,2.4713
18:30:43,3.1844
18:30:44,3.1844
18:30:45,3.1795
18:30:46,2.5104
18:30:47,3.1832
18:30:48,2.6679
18:30:49,3.1856
18:30:50,2.5592
18:30:51,3.1844
18:30:52,3.177
18:30:53,3.1856
18:30:54,3.1819
18:30:55,3.1844
18:30:56,3.1844
18:30:57,3.1844
18:30:58,3.188
18:30:59,2.5617
18:31:00,2.5983
18:31:01,3.1807
18:31:02,3.1844
18:31:03,3.1844
18:31:04,2.5946
18:31:05,2.5275
18:31:06,3.1844
18:31:07,3.1856
18:31:08,3.1832
18:31:09,2.5812
18:31:10,3.1856
18:31:11,3.1856
18:31:12,3.1844
18:31:13,3.1844
18:31:14,2.4799
18:31:15,3.1917
18:31:16,3.188
18:31:17,3.1893
18:31:18,3.1868
18:31:19,3.1893
18:31:20,2.5702
18:31:21,2.5299
18:31:22,3.1941
18:31:23,3.1917
18:31:24,2.5641
18:31:25,2.5153
18:31:26,2.5702
18:31:27,3.1941
18:31:28,3.1929
18:31:29,3.1941
18:31:30,2.525
18:31:31,3.1941
18:31:32,3.188
18:31:33,3.1905
18:31:34,3.1868
18:31:35,3.1905
18:31:36,2.5348
18:31:38,3.1893
18:31:39,3.1917
18:31:40,3.1941
18:31:41,3.1941
18:31:42,3.1941
18:31:43,3.199
18:31:44,2.525
18:31:45,3.1978
18:31:46,3.1966
18:31:47,3.1978
18:31:48,2.5055
18:31:49,3.1941
18:31:50,3.199
18:31:51,2.5165
18:31:52,3.1966
18:31:53,3.1966
18:31:54,3.1978
18:31:55,3.1954
18:31:56,3.1917
18:31:57,3.1929
18:31:58,3.1917
18:31:59,3.1917
18:32:00,3.1929
18:32:01,2.5079
18:32:02,3.1893
18:32:03,3.1893
18:32:04,3.1856
18:32:05,2.5556
18:32:06,3.1893
18:32:07,2.4151
18:32:08,3.1905
18:32:09,3.1856
18:32:10,2.4945
18:32:11,3.1844
18:32:12,3.1844
18:32:13,3.1844
18:32:14,3.1844
18:32:15,3.0794
18:32:16,2.5934
18:32:17,3.1819
18:32:18,3.1832
18:32:19,3.1856
18:32:20,3.1832
18:32:21,3.1832
18:32:22,3.1832
18:32:23,2.5836
18:32:24,3.1819
18:32:25,3.1807
18:32:26,3.1819
18:32:27,3.1807
18:32:28,3.1844
18:32:29,3.1819
18:32:30,3.1844
18:32:31,3.177
18:32:32,3.1807
18:32:33,3.177
18:32:34,3.1795
18:32:35,3.1819
18:32:36,3.1795
18:32:38,3.1795
18:32:39,3.1844
18:32:40,3.1795
18:32:41,3.177
18:32:42,3.177
18:32:43,3.177
18:32:44,3.1795
18:32:45,3.1795
18:32:46,3.1783
18:32:47,3.177
18:32:48,3.1795
18:32:49,3.1783
18:32:50,3.1758
18:32:51,3.1758
18:32:52,3.1746
18:32:53,3.1758
18:32:54,3.1819
18:32:55,3.1783
18:32:56,3.1783
18:32:57,3.1758
18:32:58,3.1746
18:32:59,3.1807
18:33:00,3.1783
18:33:01,3.1758
18:33:02,3.1783
18:33:03,3.1783
18:33:04,3.177
18:33:05,3.1795
18:33:06,3.1746
18:33:07,3.1807
18:33:08,3.1819
18:33:09,3.1795
18:33:10,3.1795
18:33:11,3.1832
18:33:12,3.1819
18:33:13,3.1844
18:33:14,3.1832
18:33:15,3.1844
18:33:16,3.188
18:33:17,3.1856
18:33:18,3.1893
18:33:19,3.1844
18:33:20,3.1844
18:33:21,3.188
18:33:22,3.188
18:33:23,3.1941
18:33:24,3.1905
18:33:25,3.1868
18:33:26,3.1929
18:33:27,3.1905
18:33:28,3.1893
18:33:29,3.1893
18:33:30,3.1893
18:33:31,3.1917
18:33:32,3.1929
18:33:33,3.1856
18:33:34,3.1868
18:33:35,3.1844
18:33:36,3.1807
18:33:37,3.1795
18:33:38,3.1758
18:33:40,3.1722
18:33:41,3.1722
18:33:42,3.1685
18:33:43,3.1648
18:33:44,3.1648
18:33:45,3.1661
18:33:46,3.1636
18:33:47,3.1636
18:33:48,3.1648
18:33:49,3.1661
18:33:50,3.1636
18:33:51,3.1624
18:33:52,3.1636
18:33:53,3.1612
18:33:54,3.1636
18:33:55,3.1612
18:33:56,3.1612
18:33:57,3.1624
18:33:58,3.1648
18:33:59,3.1624
18:34:00,3.1636
18:34:01,3.16
18:34:02,3.1612
18:34:03,3.1648
18:34:04,3.1612
18:34:05,3.1624
18:34:06,3.1563
18:34:07,3.1587
18:34:08,3.1551
18:34:09,3.1575
18:34:10,3.1587
18:34:11,3.1575
18:34:12,3.16
18:34:13,3.1551
18:34:14,3.16
18:34:15,3.1575
18:34:16,3.16
18:34:17,3.1575
18:34:18,3.1538
18:34:19,3.1551
18:34:20,3.1551
18:34:21,3.1502
18:34:22,3.1526
18:34:23,3.1538
18:34:24,3.1538
18:34:25,3.1514
18:34:26,3.1538
18:34:27,3.1526
18:34:28,3.1538
18:34:29,3.1514
18:34:30,3.1526
18:34:31,3.1502
18:34:32,3.1551
18:34:33,3.1538
18:34:34,3.1465
18:34:35,3.1538
18:34:36,3.1465
18:34:37,3.149
18:34:38,3.1526
18:34:39,3.1502
18:34:41,3.1514
18:34:42,3.149
18:34:43,3.1502
18:34:44,3.1477
18:34:45,3.1429
18:34:46,3.1477
18:34:47,3.149
18:34:48,3.1477
18:34:49,3.1502
18:34:50,3.1502
18:34:51,3.149
18:34:52,3.1465
18:34:53,3.1441
18:34:54,3.1502
18:34:55,3.1477
18:34:56,3.1465
18:34:57,3.1477
18:34:58,3.1441
18:34:59,3.1453
18:35:00,3.1477
18:35:01,3.1453
18:35:02,3.1453
18:35:03,3.1465
18:35:04,3.1453
18:35:05,3.1453
18:35:06,3.1441
18:35:07,3.1453
18:35:08,3.1453
18:35:09,3.1441
18:35:10,3.1453
18:35:11,3.1477
18:35:12,3.1441
18:35:13,3.1429
18:35:14,3.1441
18:35:15,3.149
18:35:16,3.1429
18:35:17,3.1477
18:35:18,3.1453
18:35:19,3.1404
18:35:20,3.1441
18:35:21,3.1465
18:35:22,3.1429
18:35:23,3.1453
18:35:24,3.1453
18:35:25,3.1453
18:35:26,3.1429
18:35:27,3.1441
18:35:28,3.1392
18:35:29,3.1429
18:35:30,3.1441
18:35:31,3.1404
18:35:32,3.1441
18:35:33,3.1404
18:35:34,3.138
18:35:35,3.1404
18:35:36,3.1441
18:35:37,3.1355
18:35:38,3.1429
18:35:39,3.1392
18:35:40,3.1404
18:35:42,3.1416
18:35:43,3.1429
18:35:44,3.1404
18:35:45,3.1404
18:35:46,3.1404
18:35:47,3.1392
18:35:48,3.138
18:35:49,3.138
18:35:50,3.1416
18:35:51,3.1404
18:35:52,3.1404
18:35:53,3.138
18:35:54,3.1355
18:35:55,3.1392
18:35:56,3.1392
18:35:57,3.1368
18:35:58,3.1355
18:35:59,3.1355
18:36:00,3.1392
18:36:01,3.1392
18:36:02,3.1355
18:36:03,3.1355
18:36:04,3.1355
18:36:05,3.1368
18:36:06,3.1392
18:36:07,3.1343
18:36:08,3.1319
18:36:09,3.1355
18:36:10,3.1319
18:36:11,3.1355
18:36:12,3.1319
18:36:13,3.1355
18:36:14,3.1343
18:36:15,3.1306
18:36:16,3.1331
18:36:17,3.1343
18:36:18,3.1343
18:36:19,3.1319
18:36:20,3.1331
18:36:21,3.1331
18:36:22,3.1343
18:36:23,3.1294
18:36:24,3.1306
18:36:25,3.127
18:36:26,3.1306
18:36:27,3.127
18:36:28,3.1306
18:36:29,3.1319
18:36:30,3.1319
18:36:31,3.1306
18:36:32,3.1294
18:36:33,3.1258
18:36:34,3.1306
18:36:35,3.1282
18:36:36,3.1306
18:36:37,3.1331
18:36:38,3.1258
18:36:39,3.1319
18:36:40,3.1258
18:36:41,3.1282
18:36:43,3.1258
18:36:44,3.1319
18:36:45,3.1282
18:36:46,3.127
18:36:47,3.1282
18:36:48,3.1258
18:36:49,3.1282
18:36:50,3.1306
18:36:51,3.1282
18:36:52,3.1258
18:36:53,3.1282
18:36:54,3.1258
18:36:55,3.127
18:36:56,3.1258
18:36:57,3.1258
18:36:58,3.1258
18:36:59,3.1245
18:37:00,3.1245
18:37:01,3.1258
18:37:02,3.1209
18:37:03,3.1245
18:37:04,3.1245
18:37:05,3.1245
18:37:06,3.1258
18:37:07,3.1258
18:37:08,3.1209
18:37:09,3.116
18:37:10,3.1245
18:37:11,3.1209
18:37:12,3.1233
18:37:13,3.1221
18:37:14,3.1209
18:37:15,3.1245
18:37:16,3.1221
18:37:17,3.1245
18:37:18,3.1221
18:37:19,3.1209
18:37:20,3.1221
18:37:21,3.1221
18:37:22,3.1209
18:37:23,3.1209
18:37:24,3.1172
18:37:25,3.1209
18:37:26,3.1172
18:37:27,3.1209
18:37:28,3.1184
18:37:29,3.1209
18:37:30,3.116
18:37:31,3.116
18:37:32,3.116
18:37:33,3.1172
18:37:34,3.1209
18:37:35,3.116
18:37:36,3.1184
18:37:37,3.1197
18:37:38,3.1172
18:37:39,3.116
18:37:40,3.1136
18:37:41,3.116
18:37:42,3.1184
18:37:44,3.116
18:37:45,3.1136
18:37:46,3.116
18:37:47,3.116
18:37:48,3.116
18:37:49,3.116
18:37:50,3.1123
18:37:51,3.1136
18:37:52,3.1148
18:37:53,3.1172
18:37:54,3.1136
18:37:55,3.1099
18:37:56,3.1123
18:37:57,3.1111
18:37:58,3.1111
18:37:59,3.1099
18:38:00,3.1148
18:38:01,3.116
18:38:02,3.1111
18:38:03,3.1148
18:38:04,3.1136
18:38:05,3.116
18:38:06,3.1111
18:38:07,3.1111
18:38:08,3.1123
18:38:09,3.1087
18:38:10,3.1062
18:38:11,3.1099
18:38:12,3.1062
18:38:13,3.1087
18:38:14,3.1087
18:38:15,3.1087
18:38:16,3.1087
18:38:17,3.1074
18:38:18,3.1111
18:38:19,3.1087
18:38:20,3.1099
18:38:21,3.1062
18:38:22,3.1099
18:38:23,3.1038
18:38:24,3.1074
18:38:25,3.1087
18:38:26,3.1074
18:38:27,3.1074
18:38:28,3.1099
18:38:29,3.1062
18:38:30,3.1062
18:38:31,3.1062
18:38:32,3.1087
18:38:33,3.1062
18:38:34,3.1062
18:38:35,3.1062
18:38:36,3.1087
18:38:37,3.1062
18:38:38,3.1074
18:38:39,3.1026
18:38:40,3.105
18:38:41,3.1062
18:38:43,3.105
18:38:44,3.1038
18:38:45,3.105
18:38:46,3.105
18:38:47,3.1013
18:38:48,3.105
18:38:49,3.1038
18:38:50,3.1013
18:38:51,3.1062
18:38:52,3.1062
18:38:53,3.0977
18:38:54,3.1001
18:38:55,3.1038
18:38:56,3.1038
18:38:57,3.1038
18:38:58,3.1062
18:38:59,3.1062
18:39:00,3.1013
18:39:01,3.1026
18:39:02,3.1062
18:39:03,3.1013
18:39:04,3.1013
18:39:05,3.1013
18:39:06,3.1013
18:39:07,3.1062
18:39:08,3.1038
18:39:09,3.1026
18:39:10,3.1013
18:39:11,3.1013
18:39:12,3.0977
18:39:13,3.1026
18:39:14,3.1026
18:39:15,3.0977
18:39:16,3.1026
18:39:17,3.0977
18:39:18,3.1001
18:39:19,3.1001
18:39:20,3.1001
18:39:21,3.1013
18:39:22,3.1026
18:39:23,3.1013
18:39:24,3.0965
18:39:25,3.0989
18:39:26,3.1013
18:39:27,3.0977
18:39:28,3.0977
18:39:29,3.1026
18:39:30,3.1001
18:39:31,3.1026
18:39:32,3.1013
18:39:33,3.0977
18:39:34,3.1013
18:39:35,3.1001
18:39:36,3.1001
18:39:37,3.1001
18:39:38,3.1001
18:39:39,3.1013
18:39:40,3.0977
18:39:41,3.0989
18:39:42,3.0977
18:39:43,3.0965
18:39:45,3.1001
18:39:46,3.0989
18:39:47,3.0989
18:39:48,3.1001
18:39:49,3.0977
18:39:50,3.0989
18:39:51,3.0989
18:39:52,3.0965
18:39:53,3.0989
18:39:54,3.0977
18:39:55,3.0977
18:39:56,3.0965
18:39:57,3.0977
18:39:58,3.0965
18:39:59,3.1001
18:40:00,3.0965
18:40:01,3.0977
18:40:02,3.0989
18:40:03,3.0989
18:40:04,3.0989
18:40:05,3.0977
18:40:06,3.0952
18:40:07,3.0989
18:40:08,3.1001
18:40:09,3.0977
18:40:10,3.0977
18:40:11,3.0989
18:40:12,3.0989
18:40:13,3.0989
18:40:14,3.0977
18:40:15,3.0989
18:40:16,3.0977
18:40:17,3.1013
18:40:18,3.1013
18:40:19,3.0989
18:40:20,3.0977
18:40:21,3.1001
18:40:22,3.0977
18:40:23,3.1013
18:40:24,3.0977
18:40:25,3.0989
18:40:26,3.0965
18:40:27,3.0977
18:40:28,3.0989
18:40:29,3.0989
18:40:30,3.0965
18:40:31,3.0965
18:40:32,3.0977
18:40:33,3.0989
18:40:34,3.0977
18:40:35,3.0989
18:40:36,3.1001
18:40:37,3.0952
18:40:38,3.0989
18:40:39,3.1001
18:40:40,3.0989
18:40:41,3.0989
18:40:42,3.1013
18:40:43,3.0989
18:40:44,3.0977
18:40:45,3.1013
18:40:47,3.0989
18:40:48,3.0977
18:40:49,3.0989
18:40:50,3.1001
18:40:51,3.0989
18:40:52,3.1001
18:40:53,3.0977
18:40:54,3.0989
18:40:55,3.1013
18:40:56,3.0989
18:40:57,3.1013
18:40:58,3.0977
18:40:59,3.0977
18:41:00,3.1001
18:41:01,3.0965
18:41:02,3.0989
18:41:03,3.1001
18:41:04,3.1013
18:41:05,3.1001
18:41:06,3.1013
18:41:07,3.0989
18:41:08,3.0989
18:41:09,3.0989
18:41:10,3.1001
18:41:11,3.0977
18:41:12,3.1001
18:41:13,3.1013
18:41:14,3.0965
18:41:15,3.0977
18:41:16,3.1013
18:41:17,3.1013
18:41:18,3.1001
18:41:19,3.1001
18:41:20,3.0989
18:41:21,3.0965
18:41:22,3.1001
18:41:23,3.1001
18:41:24,3.0989
18:41:25,3.0965
18:41:26,3.0977
18:41:27,3.0965
18:41:28,3.0989
18:41:29,3.0989
18:41:30,2.9536
18:41:31,3.0195
18:41:32,3.0562
18:41:33,3.0794
18:41:34,3.0952
18:41:35,3.0989
18:41:36,3.0916
18:41:37,3.0745
18:41:38,3.0501
18:41:39,3.0965
18:41:40,3.094
18:41:41,3.0928
18:41:42,3.0965
18:41:43,3.0904
18:41:44,3.0904
18:41:45,3.0952
18:41:46,3.0891
18:41:47,3.0928
18:41:48,3.094
18:41:50,3.094
18:41:51,3.0916
18:41:52,3.094
18:41:53,3.0916
18:41:54,3.0928
18:41:55,3.0867
18:41:56,3.0891
18:41:57,3.0916
18:41:58,3.0916
18:41:59,3.0879
18:42:00,3.0891
18:42:01,3.0904
18:42:02,3.0867
18:42:03,3.0879
18:42:04,3.0891
18:42:05,3.0891
18:42:06,3.0842
18:42:07,3.0867
18:42:08,3.0879
18:42:09,3.0867
18:42:10,3.0867
18:42:11,3.0867
18:42:12,3.0867
18:42:13,3.0855
18:42:14,3.0867
18:42:15,3.0855
18:42:16,3.083
18:42:17,3.0842
18:42:18,3.0806
18:42:19,3.0867
18:42:20,3.083
18:42:21,3.083
18:42:22,3.0855
18:42:23,3.083
18:42:24,3.0806
18:42:25,3.0842
18:42:26,3.0806
18:42:27,3.0818
18:42:28,3.0818
18:42:29,3.0769
18:42:30,3.0806
18:42:31,3.0794
18:42:32,3.0794
18:42:33,3.0745
18:42:34,3.0794
18:42:35,3.0781
18:42:36,3.0769
18:42:37,3.0757
18:42:38,3.0769
18:42:39,3.0769
18:42:40,3.0781
18:42:41,3.0733
18:42:42,3.0733
18:42:43,3.0757
18:42:44,3.0757
18:42:45,3.0733
18:42:46,3.0757
18:42:47,3.0733
18:42:48,3.0708
18:42:49,3.0733
18:42:50,3.0733
18:42:51,3.0708
18:42:53,3.072
18:42:54,3.0708
18:42:55,3.0708
18:42:56,3.072
18:42:57,3.0708
18:42:58,3.0708
18:42:59,3.072
18:43:00,3.0708
18:43:01,3.0708
18:43:02,3.0708
18:43:03,3.0684
18:43:04,3.0672
18:43:05,3.0672
18:43:06,3.0659
18:43:07,3.0684
18:43:08,3.0696
18:43:09,3.0659
18:43:10,3.0672
18:43:11,3.0672
18:43:12,3.0672
18:43:13,3.0672
18:43:14,3.0672
18:43:15,3.0623
18:43:16,3.0647
18:43:17,3.0647
18:43:18,3.0647
18:43:19,3.0598
18:43:20,3.0647
18:43:21,3.0647
18:43:22,3.0623
18:43:23,3.0647
18:43:24,3.0623
18:43:25,3.0659
18:43:26,3.0586
18:43:27,3.0586
18:43:28,3.0623
18:43:29,3.0586
18:43:30,3.0623
18:43:31,3.0611
18:43:32,3.0623
18:43:33,3.0574
18:43:34,3.0611
18:43:35,3.0598
18:43:36,3.0586
18:43:37,3.0586
18:43:38,3.0598
18:43:39,3.0598
18:43:40,3.0611
18:43:41,3.0598
18:43:42,3.0598
18:43:43,3.0598
18:43:44,3.0623
18:43:45,3.0549
18:43:46,3.0574
18:43:47,3.0598
18:43:48,3.0574
18:43:49,3.0562
18:43:50,3.0574
18:43:51,3.0562
18:43:52,3.0574
18:43:53,3.0574
18:43:54,3.0562
18:43:56,3.0549
18:43:57,3.0574
18:43:58,3.0574
18:43:59,3.0525
18:44:00,3.0562
18:44:01,3.0574
18:44:02,3.0598
18:44:03,3.0574
18:44:04,3.0562
18:44:05,3.0562
18:44:06,3.0549
18:44:07,3.0562
18:44:08,3.0501
18:44:09,3.0549
18:44:10,3.0549
18:44:11,3.0537
18:44:12,3.0549
18:44:13,3.0574
18:44:14,3.0549
18:44:15,3.0537
18:44:16,3.0549
18:44:17,3.0537
18:44:18,3.0549
18:44:19,3.0562
18:44:20,3.0562
18:44:21,3.0562
18:44:22,3.0562
18:44:23,3.0574
18:44:24,3.0549
18:44:25,3.0549
18:44:26,3.0574
18:44:27,3.0537
18:44:28,3.0549
18:44:29,3.0562
18:44:30,3.0537
18:44:31,3.0562
18:44:32,3.0537
18:44:33,3.0549
18:44:34,3.0537
18:44:35,3.0574
18:44:36,3.0562
18:44:37,3.0574
18:44:38,3.0513
18:44:39,3.0513
18:44:40,3.0525
18:44:41,3.0549
18:44:42,3.0549
18:44:43,3.0537
18:44:44,3.0574
18:44:45,3.0525
18:44:46,3.0525
18:44:47,3.0549
18:44:48,3.0525
18:44:49,3.0549
18:44:50,3.0525
18:44:51,3.0525
18:44:52,3.0537
18:44:53,3.0537
18:44:54,3.0549
18:44:55,3.0525
18:44:56,3.0549
18:44:57,3.0513
18:44:59,3.0513
18:45:00,3.0513
18:45:01,3.0476
18:45:02,3.0549
18:45:03,3.0525
18:45:04,3.0525
18:45:05,3.0513
18:45:06,3.0501
18:45:07,3.0501
18:45:08,3.0525
18:45:09,3.0488
18:45:10,3.0488
18:45:11,3.0476
18:45:12,3.0501
18:45:13,3.0501
18:45:14,3.0513
18:45:15,3.0476
18:45:16,3.0464
18:45:17,3.0501
18:45:18,3.0501
18:45:19,3.0476
18:45:20,3.0464
18:45:21,3.0464
18:45:22,3.0488
18:45:23,3.0501
18:45:24,3.0476
18:45:25,3.0476
18:45:26,3.0476
18:45:27,3.0452
18:45:28,3.044
18:45:29,3.0452
18:45:30,3.044
18:45:31,3.0464
18:45:32,3.044
18:45:33,3.0427
18:45:34,3.0415
18:45:35,3.0415
18:45:36,3.0403
18:45:37,3.0415
18:45:38,3.0391
18:45:39,3.0427
18:45:40,3.0379
18:45:41,3.0403
18:45:42,3.0342
18:45:43,3.0391
18:45:44,3.0366
18:45:45,3.0342
18:45:46,3.0354
18:45:47,3.0317
18:45:48,3.033
18:45:49,3.0317
18:45:50,3.033
18:45:51,3.033
18:45:52,3.0281
18:45:53,3.0317
18:45:54,3.0281
18:45:55,3.0281
18:45:56,3.0281
18:45:57,3.0305
18:45:58,3.0256
18:45:59,3.0256
18:46:00,3.0232
18:46:02,3.0232
18:46:03,3.0256
18:46:04,3.0195
18:46:05,3.0195
18:46:06,3.0208
18:46:07,3.0183
18:46:08,3.0183
18:46:09,3.0147
18:46:10,3.0208
18:46:11,3.0171
18:46:12,3.0159
18:46:13,3.0098
18:46:14,3.0134
18:46:15,3.0134
18:46:16,3.0134
18:46:17,3.011
18:46:18,3.0085
18:46:19,3.0085
18:46:20,3.0085
18:46:21,3.0085
18:46:22,3.0085
18:46:23,3.0085
18:46:24,3.0073
18:46:25,3.0061
18:46:26,3.0061
18:46:27,3.0024
18:46:28,3.0012
18:46:29,2.9976
18:46:30,3.0012
18:46:31,3.0
18:46:32,2.9988
18:46:33,2.9976
18:46:34,2.9988
18:46:35,2.9963
18:46:36,2.9963
18:46:37,2.9915
18:46:38,2.9927
18:46:39,2.9927
18:46:40,2.9927
18:46:41,2.9927
18:46:42,2.9915
18:46:43,2.9939
18:46:44,2.9927
18:46:45,2.989
18:46:46,2.989
18:46:47,2.9841
18:46:48,2.9878
18:46:49,2.9841
18:46:50,2.9853
18:46:51,2.9817
18:46:52,2.9853
18:46:53,2.9817
18:46:54,2.9829
18:46:55,2.9805
18:46:56,2.9792
18:46:57,2.9744
18:46:58,2.978
18:46:59,2.9756
18:47:00,2.9744
18:47:01,2.9731
18:47:02,2.9719
18:47:03,2.9731
18:47:05,2.9695
18:47:06,2.9707
18:47:07,2.9695
18:47:08,2.9695
18:47:09,2.9646
18:47:10,2.967
18:47:11,2.9646
18:47:12,2.9621
18:47:13,2.9609
18:47:14,2.9597
18:47:15,2.9609
18:47:16,2.9597
18:47:17,2.9573
18:47:18,2.956
18:47:19,2.9548
18:47:20,2.9573
18:47:21,2.9536
18:47:22,2.9536
18:47:23,2.9512
18:47:24,2.9524
18:47:25,2.9487
18:47:26,2.9524
18:47:27,2.9475
18:47:28,2.9499
18:47:29,2.9463
18:47:30,2.9475
18:47:31,2.9426
18:47:32,2.9451
18:47:33,2.9451
18:47:34,2.9426
18:47:35,2.9414
18:47:36,2.9377
18:47:37,2.9402
18:47:38,2.9353
18:47:39,2.9377
18:47:40,2.9341
18:47:41,2.9341
18:47:42,2.9328
18:47:43,2.9341
18:47:44,2.9304
18:47:45,2.9316
18:47:46,2.9292
18:47:47,2.928
18:47:48,2.9255
18:47:49,2.9292
18:47:50,2.9267
18:47:51,2.9292
18:47:52,2.9231
18:47:53,2.9255
18:47:54,2.9231
18:47:55,2.9231
18:47:56,2.9231
18:47:57,2.9243
18:47:58,2.9231
18:47:59,2.9243
18:48:00,2.9231
18:48:01,2.9231
18:48:02,2.9267
18:48:03,2.9267
18:48:04,2.9243
18:48:05,2.9292
18:48:07,2.9255
18:48:08,2.9304
18:48:09,2.9255
18:48:10,2.9267
18:48:11,2.9316
18:48:12,2.9292
18:48:13,2.9304
18:48:14,2.9304
18:48:15,2.9304
18:48:16,2.9292
18:48:17,2.9292
18:48:18,2.9328
18:48:19,2.9365
18:48:20,2.9402
18:48:21,2.9451
18:48:22,2.9475
18:48:23,2.9499
18:48:24,2.9573
18:48:25,2.9658
18:48:26,2.9719
18:48:27,2.9768
18:48:28,2.9829
18:48:29,2.989
18:48:30,2.9915
18:48:31,2.9963
18:48:32,3.0061
18:48:33,3.011
18:48:34,3.0122
18:48:35,3.0171
18:48:36,3.0208
18:48:37,3.0244
18:48:38,3.0281
18:48:39,3.0391
18:48:40,3.0379
18:48:41,3.0464
18:48:42,3.0501
18:48:43,3.0525
18:48:44,3.0549
18:48:45,3.0635
18:48:46,3.0623
18:48:47,3.0647
18:48:48,3.0696
18:48:49,3.0733
18:48:50,3.0769
18:48:51,3.0794
18:48:52,3.0842
18:48:53,3.0842
18:48:54,3.0879
18:48:55,3.0928
18:48:56,3.094
18:48:57,3.1001
18:48:58,3.1038
18:48:59,3.105
18:49:00,3.1111
18:49:01,3.1111
18:49:02,3.1087
18:49:03,3.1099
18:49:04,3.1074
18:49:05,3.1062
18:49:06,3.105
18:49:07,3.1062
18:49:08,3.1001
18:49:10,3.0952
18:49:11,3.0904
18:49:12,3.0879
18:49:13,3.083
18:49:14,3.0769
18:49:15,3.0696
18:49:16,3.0672
18:49:17,3.0586
18:49:18,3.0525
18:49:19,3.0427
18:49:20,3.0379
18:49:21,3.0244
18:49:22,3.022
18:49:23,3.0085
18:49:24,3.0
18:49:25,2.989
18:49:26,2.9817
18:49:27,2.9695
18:49:28,2.9621
18:49:29,2.9499
18:49:30,2.9451
18:49:31,2.9292
18:49:32,2.9194
18:49:33,2.9096
18:49:34,2.8999
18:49:35,2.8901
18:49:36,2.8803
18:49:37,2.8718
18:49:38,2.8645
18:49:39,2.8571
18:49:40,2.8486
18:49:41,2.8474
18:49:42,2.8425
18:49:43,2.8425
18:49:44,2.8388
18:49:45,2.84
18:49:46,2.84
18:49:47,2.8376
18:49:48,2.8376
18:49:49,2.8364
18:49:50,2.8364
18:49:51,2.8364
18:49:52,2.8339
18:49:53,2.8388
18:49:54,2.8352
18:49:55,2.8364
18:49:56,2.8327
18:49:57,2.8352
18:49:58,2.8327
18:49:59,2.8315
18:50:00,2.8315
18:50:01,2.8327
18:50:02,2.8327
18:50:03,2.8303
18:50:04,2.8339
18:50:05,2.8315
18:50:06,2.8339
18:50:07,2.8278
18:50:08,2.8315
18:50:09,2.8303
18:50:10,2.8315
18:50:12,2.8315
18:50:13,2.8327
18:50:14,2.8327
18:50:15,2.8291
18:50:16,2.8315
18:50:17,2.8278
18:50:18,2.8352
18:50:19,2.8303
18:50:20,2.8303
18:50:21,2.8303
18:50:22,2.8278
18:50:23,2.8254
18:50:24,2.8278
18:50:25,2.8278
18:50:26,2.8303
18:50:27,2.8303
18:50:28,2.8303
18:50:29,2.8278
18:50:30,2.8303
18:50:31,2.8327
18:50:32,2.8303
18:50:33,2.8303
18:50:34,2.8278
18:50:35,2.8278
18:50:36,2.8303
18:50:37,2.8266
18:50:38,2.8327
18:50:39,2.8352
18:50:40,2.8315
18:50:41,2.8327
18:50:42,2.8327
18:50:43,2.8352
18:50:44,2.8339
18:50:45,2.8315
18:50:46,2.8352
18:50:47,2.8327
18:50:48,2.8315
18:50:49,2.8327
18:50:50,2.8327
18:50:51,2.8327
18:50:52,2.8315
18:50:53,2.8327
18:50:54,2.8327
18:50:55,2.8315
18:50:56,2.8352
18:50:57,2.8352
18:50:58,2.8339
18:50:59,2.8352
18:51:00,2.8352
18:51:01,2.8339
18:51:02,2.8376
18:51:03,2.8339
18:51:04,2.8352
18:51:05,2.8388
18:51:06,2.8376
18:51:07,2.84
18:51:08,2.8376
18:51:09,2.8388
18:51:10,2.8388
18:51:11,2.8376
18:51:12,2.8425
18:51:14,2.8413
18:51:15,2.8425
18:51:16,2.8425
18:51:17,2.8425
18:51:18,2.8413
18:51:19,2.8437
18:51:20,2.8462
18:51:21,2.8437
18:51:22,2.8462
18:51:23,2.8474
18:51:24,2.8498
18:51:25,2.8462
18:51:26,2.8425
18:51:27,2.8449
18:51:28,2.8498
18:51:29,2.8535
18:51:30,2.851
18:51:31,2.8547
18:51:32,2.851
18:51:33,2.8523
18:51:34,2.8523
18:51:35,2.8523
18:51:36,2.8523
18:51:37,2.8547
18:51:38,2.8547
18:51:39,2.8571
18:51:40,2.8559
18:51:41,2.8571
18:51:42,2.8596
18:51:43,2.8584
18:51:44,2.8608
18:51:45,2.8559
18:51:46,2.8571
18:51:47,2.862
18:51:48,2.862
18:51:49,2.8632
18:51:50,2.862
18:51:51,2.8657
18:51:52,2.8632
18:51:53,2.8657
18:51:54,2.8681
18:51:55,2.8681
18:51:56,2.8694
18:51:57,2.8669
18:51:58,2.8681
18:51:59,2.8681
18:52:00,2.8742
18:52:01,2.873
18:52:02,2.8742
18:52:03,2.873
18:52:04,2.873
18:52:05,2.8755
18:52:06,2.8791
18:52:07,2.8767
18:52:08,2.8755
18:52:09,2.8779
18:52:10,2.8816
18:52:11,2.8828
18:52:12,2.8791
18:52:13,2.8828
18:52:14,2.8852
18:52:15,2.8852
18:52:17,2.8852
18:52:18,2.8852
18:52:19,2.8864
18:52:20,2.8877
18:52:21,2.8889
18:52:22,2.8913
18:52:23,2.8913
18:52:24,2.8926
18:52:25,2.8926
18:52:26,2.8913
18:52:27,2.8974
18:52:28,2.6972
18:52:29,2.8938
18:52:30,2.8962
18:52:31,2.2662
18:52:32,2.9011
18:52:33,2.9011
18:52:34,2.8999
18:52:35,2.9023
18:52:36,2.2039
18:52:37,2.906
18:52:38,2.9084
18:52:39,2.2735
18:52:40,2.9084
18:52:41,2.9084
18:52:42,2.9133
18:52:43,2.9121
18:52:44,2.2308
18:52:45,2.9133
18:52:46,2.9133
18:52:47,2.9158
18:52:48,2.917
18:52:49,2.917
18:52:50,2.9219
18:52:51,2.3138
18:52:52,2.9206
18:52:53,2.9206
18:52:54,2.9255
18:52:55,2.9255
18:52:56,2.928
18:52:57,2.9255
18:52:58,2.9292
18:52:59,2.9255
18:53:00,2.9304
18:53:01,2.9328
18:53:02,2.9304
18:53:03,2.9353
18:53:04,2.9341
18:53:05,2.9353
18:53:06,2.9365
18:53:07,2.9377
18:53:08,2.9365
18:53:09,2.2796
18:53:10,2.9402
18:53:11,2.9426
18:53:12,2.9426
18:53:13,2.9414
18:53:14,2.9426
18:53:15,2.9438
18:53:16,2.4652
18:53:17,2.9475
18:53:19,2.9499
18:53:20,2.9475
18:53:21,2.2186
18:53:22,2.2857
18:53:23,2.3492
18:53:24,2.9536
18:53:25,2.9536
18:53:26,2.9548
18:53:27,2.9548
18:53:28,2.9548
18:53:29,2.9585
18:53:30,2.956
18:53:31,2.9597
18:53:32,2.9621
18:53:33,2.2833
18:53:34,2.9597
18:53:35,2.9646
18:53:36,2.9646
18:53:37,2.9621
18:53:38,2.9646
18:53:39,2.967
18:53:40,2.967
18:53:41,2.9695
18:53:42,2.9707
18:53:43,2.9707
18:53:44,2.9707
18:53:45,2.9731
18:53:46,2.9719
18:53:47,2.2918
18:53:48,2.3309
18:53:49,2.9792
18:53:50,2.9731
18:53:51,2.9695
18:53:52,2.9768
18:53:53,2.9805
18:53:54,2.9805
18:53:55,2.9792
18:53:56,2.9805
18:53:57,2.3053
18:53:58,2.9817
18:53:59,2.9817
18:54:00,2.9829
18:54:01,2.9841
18:54:02,2.7643
18:54:03,2.3504
18:54:04,2.3443
18:54:05,2.9902
18:54:06,2.989
18:54:07,2.3968
18:54:08,2.2918
18:54:09,2.9915
18:54:10,2.9939
18:54:11,2.9927
18:54:12,2.9939
18:54:13,2.9939
18:54:14,2.3284
18:54:15,3.0
18:54:16,2.9939
18:54:17,2.9963
18:54:18,3.0
18:54:19,2.9988
18:54:21,3.0012
18:54:22,2.8132
18:54:23,3.0024
18:54:24,3.0024
18:54:25,3.0061
18:54:26,3.0012
18:54:27,3.0061
18:54:28,3.0037
18:54:29,3.0061
18:54:30,3.0037
18:54:31,3.0049
18:54:32,3.0049
18:54:33,3.0037
18:54:34,3.0134
18:54:35,3.0085
18:54:36,3.0085
18:54:37,3.011
18:54:38,3.0085
18:54:39,3.0122
18:54:40,3.0134
18:54:41,3.011
18:54:42,3.011
18:54:43,3.011
18:54:44,3.011
18:54:45,3.0134
18:54:46,3.0122
18:54:47,3.0147
18:54:48,3.0134
18:54:49,3.0134
18:54:50,3.0159
18:54:51,3.0159
18:54:52,3.0159
18:54:53,3.0195
18:54:54,3.0208
18:54:55,3.0171
18:54:56,3.0195
18:54:57,3.0208
18:54:58,3.0183
18:54:59,3.0232
18:55:00,3.0183
18:55:01,3.0232
18:55:02,3.0232
18:55:03,3.022
18:55:04,3.0256
18:55:05,3.0256
18:55:06,3.0244
18:55:07,3.0256
18:55:08,3.0256
18:55:09,3.0256
18:55:10,3.0269
18:55:11,3.0281
18:55:12,3.0281
18:55:13,3.0281
18:55:14,3.0281
18:55:15,3.0305
18:55:16,3.0305
18:55:17,3.0305
18:55:18,3.0256
18:55:19,3.0317
18:55:20,3.0317
18:55:21,3.0305
18:55:23,3.0305
18:55:24,3.0305
18:55:25,3.033
18:55:26,3.033
18:55:27,3.033
18:55:28,3.0342
18:55:29,3.0317
18:55:30,3.0342
18:55:31,3.0342
18:55:32,3.0354
18:55:33,3.0342
18:55:34,3.0305
18:55:35,3.0379
18:55:36,3.0354
18:55:37,3.0379
18:55:38,3.0391
18:55:39,3.0366
18:55:40,3.0391
18:55:41,3.0403
18:55:42,3.0366
18:55:43,3.0427
18:55:44,3.0366
18:55:45,3.0391
18:55:46,3.0366
18:55:47,3.0366
18:55:48,3.0415
18:55:49,3.0379
18:55:50,3.0354
18:55:51,3.044
18:55:52,3.0403
18:55:53,3.0379
18:55:54,3.0403
18:55:55,3.0464
18:55:56,3.0366
18:55:57,3.0391
18:55:58,3.0427
18:55:59,3.0415
18:56:00,3.0391
18:56:01,3.0379
18:56:02,3.0476
18:56:03,3.0403
18:56:04,3.0391
18:56:05,3.0464
18:56:06,3.0415
18:56:07,3.0403
18:56:08,3.044
18:56:09,3.0403
18:56:10,3.0403
18:56:11,3.0476
18:56:12,3.0415
18:56:13,3.0391
18:56:14,3.0452
18:56:15,3.0403
18:56:16,3.0379
18:56:17,3.0427
18:56:18,3.0476
18:56:19,3.0415
18:56:20,3.0427
18:56:21,3.044
18:56:22,3.0427
18:56:23,3.0427
18:56:24,3.0488
18:56:26,3.0415
18:56:27,3.0415
18:56:28,3.0452
18:56:29,3.0452
18:56:30,3.0391
18:56:31,3.0464
18:56:32,3.0464
18:56:33,3.044
18:56:34,3.0427
18:56:35,3.0513
18:56:36,3.0415
18:56:37,3.0379
18:56:38,3.0391
18:56:39,3.0452
18:56:40,3.0403
18:56:41,3.0415
18:56:42,3.0488
18:56:43,3.0415
18:56:44,3.0427
18:56:45,3.0464
18:56:46,3.0415
18:56:47,3.0464
18:56:48,3.0403
18:56:49,3.0488
18:56:50,3.0488
18:56:51,3.0415
18:56:52,3.0476
18:56:53,3.044
18:56:54,3.0464
18:56:55,3.0476
18:56:56,3.044
18:56:57,3.0476
18:56:58,3.0488
18:56:59,3.0452
18:57:00,3.0488
18:57:01,3.0501
18:57:02,3.0464
18:57:03,3.0476
18:57:04,3.0525
18:57:05,3.0501
18:57:06,3.0537
18:57:07,3.0525
18:57:08,3.0537
18:57:09,3.0586
18:57:10,3.0562
18:57:11,3.0598
18:57:12,3.0672
18:57:13,3.0659
18:57:14,3.0745
18:57:15,3.0769
18:57:16,3.072
18:57:17,3.0794
18:57:18,3.072
18:57:19,3.0745
18:57:20,3.0781
18:57:21,3.0757
18:57:22,3.083
18:57:23,3.0769
18:57:24,3.0769
18:57:25,3.0818
18:57:26,3.0745
18:57:28,3.0818
18:57:29,3.0733
18:57:30,3.0696
18:57:31,3.0696
18:57:32,3.0611
18:57:33,3.0659
18:57:34,3.0586
18:57:35,3.0611
18:57:36,3.0574
18:57:37,3.0525
18:57:38,3.0574
18:57:39,3.0476
18:57:40,3.0513
18:57:41,3.0501
18:57:42,3.0537
18:57:43,3.0488
18:57:44,3.0501
18:57:45,3.0488
18:57:46,3.0464
18:57:47,3.0525
18:57:48,3.0476
18:57:49,3.0513
18:57:50,3.0476
18:57:51,3.0488
18:57:52,3.0488
18:57:53,3.0476
18:57:54,3.0476
18:57:55,3.0488
18:57:56,3.0464
18:57:57,3.0464
18:57:58,3.0488
18:57:59,3.0464
18:58:00,3.0427
18:58:01,3.0525
18:58:02,3.0476
18:58:03,3.0452
18:58:04,3.0488
18:58:05,3.0452
18:58:06,3.0476
18:58:07,3.0501
18:58:08,3.0415
18:58:09,3.0513
18:58:10,3.0476
18:58:11,3.0427
18:58:12,3.0488
18:58:13,3.0427
18:58:14,3.0427
18:58:15,3.0476
18:58:16,3.044
18:58:17,3.0464
18:58:18,3.0403
18:58:19,3.0476
18:58:20,3.0464
18:58:21,3.0415
18:58:22,3.0464
18:58:23,3.0427
18:58:24,3.0488
18:58:25,3.0452
18:58:26,3.0427
18:58:27,3.0464
18:58:28,3.0403
18:58:30,3.0464
18:58:31,3.0415
18:58:32,3.0464
18:58:33,3.0427
18:58:34,3.0427
18:58:35,3.0464
18:58:36,3.0427
18:58:37,3.0476
18:58:38,3.0403
18:58:39,3.0476
18:58:40,3.0415
18:58:41,3.0476
18:58:42,3.0379
18:58:43,3.0452
18:58:44,3.044
18:58:45,3.0415
18:58:46,3.044
18:58:47,3.0427
18:58:48,3.0415
18:58:49,3.0403
18:58:50,3.0415
18:58:51,3.0415
18:58:52,3.0403
18:58:53,3.0403
18:58:54,3.0403
18:58:55,3.0415
18:58:56,3.0403
18:58:57,3.0427
18:58:58,3.0342
18:58:59,3.0391
18:59:00,3.0379
18:59:01,3.0403
18:59:02,3.0354
18:59:03,3.0379
18:59:04,3.0403
18:59:05,3.0379
18:59:06,3.0379
18:59:07,3.0354
18:59:08,3.0391
18:59:09,3.0354
18:59:10,3.0366
18:59:11,3.0391
18:59:12,3.0366
18:59:13,3.0403
18:59:14,3.0379
18:59:15,3.0391
18:59:16,3.0366
18:59:17,3.0379
18:59:18,3.033
18:59:19,3.0354
18:59:20,3.0366
18:59:21,3.0366
18:59:22,3.0366
18:59:23,3.033
18:59:24,3.033
18:59:25,3.0354
18:59:26,3.0379
18:59:27,3.0379
18:59:28,3.033
18:59:29,3.033
18:59:30,3.0354
18:59:31,3.033
18:59:32,3.0379
18:59:34,3.0354
18:59:35,3.0354
18:59:36,3.0366
18:59:37,3.0317
18:59:38,3.0342
18:59:39,3.0354
18:59:40,3.0305
18:59:41,3.0342
18:59:42,3.033
18:59:43,3.033
18:59:44,3.0281
18:59:45,3.0293
18:59:46,3.0379
18:59:47,3.033
18:59:48,3.033
18:59:49,3.0281
18:59:50,3.0305
18:59:51,3.0354
18:59:52,3.0305
18:59:53,3.0354
18:59:54,3.0281
18:59:55,3.0317
18:59:56,3.0317
18:59:57,3.0317
18:59:58,3.0317
18:59:59,3.0293
19:00:00,3.0305
19:00:01,3.0281
19:00:02,3.0281
19:00:03,3.033
19:00:04,3.0293
19:00:05,3.0342
19:00:06,3.0269
19:00:07,3.0305
19:00:08,3.0281
19:00:09,3.0281
19:00:10,3.0293
19:00:11,3.0293
19:00:12,3.0281
19:00:13,3.0281
19:00:14,3.0281
19:00:15,3.0281
19:00:16,3.0256
19:00:17,3.0256
19:00:18,3.0232
19:00:19,3.0305
19:00:20,3.0293
19:00:21,3.0269
19:00:22,3.0293
19:00:23,3.0256
19:00:24,3.0269
19:00:25,3.0281
19:00:26,3.0256
19:00:27,3.0305
19:00:28,3.0244
19:00:29,3.0305
19:00:30,3.022
19:00:31,3.0269
19:00:32,3.022
19:00:33,3.0256
19:00:34,3.0232
19:00:35,3.0232
19:00:37,3.0244
19:00:38,3.0244
19:00:39,3.0232
19:00:40,3.0183
19:00:41,3.0195
19:00:42,3.022
19:00:43,3.0183
19:00:44,3.0208
19:00:45,3.0208
19:00:46,3.0232
19:00:47,3.0183
19:00:48,3.0208
19:00:49,3.0183
19:00:50,3.0159
19:00:51,3.0195
19:00:52,3.0183
19:00:53,3.0147
19:00:54,3.0195
19:00:55,3.0159
19:00:56,3.0183
19:00:57,3.0171
19:00:58,3.0171
19:00:59,3.0147
19:01:00,3.0171
19:01:01,3.0183
19:01:02,3.0183
19:01:03,3.0183
19:01:04,3.011
19:01:05,3.0134
19:01:06,3.0147
19:01:07,3.0122
19:01:08,3.0147
19:01:09,3.0122
19:01:10,3.0159
19:01:11,3.0134
19:01:12,3.0134
19:01:13,3.0134
19:01:14,3.011
19:01:15,3.011
19:01:16,3.0085
19:01:17,3.0098
19:01:18,3.0085
19:01:19,3.0085
19:01:20,3.011
19:01:21,3.0061
19:01:22,3.0073
19:01:23,3.0049
19:01:24,3.0061
19:01:25,3.0085
19:01:26,3.0073
19:01:27,3.0024
19:01:28,3.0061
19:01:29,3.0037
19:01:30,3.0049
19:01:31,3.0049
19:01:32,3.0024
19:01:33,3.0
19:01:34,3.0037
19:01:35,3.0024
19:01:36,3.0
19:01:37,3.0024
19:01:38,3.0012
19:01:39,2.7582
19:01:41,2.9536
19:01:42,2.9756
19:01:43,2.9963
19:01:44,3.0122
19:01:45,3.0085
19:01:46,2.3956
19:01:47,2.2943
19:01:48,2.9573
19:01:49,2.2576
19:01:50,3.0085
19:01:51,3.0073
19:01:52,3.0061
19:01:53,3.0085
19:01:54,3.0073
19:01:55,3.0085
19:01:56,3.011
19:01:57,3.0037
19:01:58,3.0085
19:01:59,3.0037
19:02:00,3.0061
19:02:01,3.0037
19:02:02,3.0073
19:02:03,3.0061
19:02:04,3.0049
19:02:05,3.0037
19:02:06,3.0061
19:02:07,3.0
19:02:08,3.0061
19:02:09,3.0037
19:02:10,3.0024
19:02:11,3.0061
19:02:12,3.0012
19:02:13,3.0061
19:02:14,3.0012
19:02:15,2.9988
19:02:16,3.0012
19:02:17,3.0
19:02:18,3.0037
19:02:19,2.9988
19:02:20,3.0037
19:02:21,3.0024
19:02:22,2.9988
19:02:23,3.0
19:02:24,2.9988
19:02:25,3.0012
19:02:26,3.0012
19:02:27,2.9988
19:02:28,3.0
19:02:29,3.0
19:02:30,2.9988
19:02:31,3.0
19:02:32,2.9951
19:02:33,2.9963
19:02:34,2.9951
19:02:35,2.9976
19:02:36,2.9963
19:02:37,2.9951
19:02:38,2.9939
19:02:39,2.9951
19:02:40,2.9976
19:02:41,2.9951
19:02:43,2.9939
19:02:44,2.9927
19:02:45,2.9939
19:02:46,2.9902
19:02:47,2.9927
19:02:48,2.9927
19:02:49,2.9915
19:02:50,2.9927
19:02:51,2.9915
19:02:52,2.9939
19:02:53,2.9927
19:02:54,2.989
19:02:55,2.989
19:02:56,2.9939
19:02:57,2.9915
19:02:58,2.9902
19:02:59,2.989
19:03:00,2.9927
19:03:01,2.989
19:03:02,2.9902
19:03:03,2.9915
19:03:04,2.9915
19:03:05,2.9902
19:03:06,2.989
19:03:07,2.989
19:03:08,2.9866
19:03:09,2.989
19:03:10,2.9853
19:03:11,2.9866
19:03:12,2.9915
19:03:13,2.989
19:03:14,2.9878
19:03:15,2.9902
19:03:16,2.989
19:03:17,2.9902
19:03:18,2.9878
19:03:19,2.989
19:03:20,2.9853
19:03:21,2.9841
19:03:22,2.9878
19:03:23,2.989
19:03:24,2.9866
19:03:25,2.9817
19:03:26,2.9878
19:03:27,2.9841
19:03:28,2.9841
19:03:29,2.9841
19:03:30,2.9853
19:03:31,2.9866
19:03:32,2.9841
19:03:33,2.9878
19:03:34,2.9841
19:03:35,2.9853
19:03:36,2.9878
19:03:37,2.9866
19:03:38,2.9853
19:03:39,2.9841
19:03:40,2.9853
19:03:41,2.9817
19:03:42,2.9841
19:03:43,2.9841
19:03:45,2.9841
19:03:46,2.9829
19:03:47,2.9841
19:03:48,2.9841
19:03:49,2.9841
19:03:50,2.9866
19:03:51,2.9853
19:03:52,2.989
19:03:53,2.9853
19:03:54,2.9866
19:03:55,2.9878
19:03:56,2.9841
19:03:57,2.9841
19:03:58,2.9853
19:03:59,2.9841
19:04:00,2.9841
19:04:01,2.9878
19:04:02,2.9841
19:04:03,2.9841
19:04:04,2.9841
19:04:05,2.9878
19:04:06,2.9853
19:04:07,2.9878
19:04:08,2.9853
19:04:09,2.9841
19:04:10,2.989
19:04:11,2.9853
19:04:12,2.9853
19:04:13,2.989
19:04:14,2.9866
19:04:15,2.9866
19:04:16,2.9878
19:04:17,2.989
19:04:18,2.989
19:04:19,2.9878
19:04:20,2.989
19:04:21,2.989
19:04:22,2.9866
19:04:23,2.9866
19:04:24,2.9866
19:04:25,2.9853
19:04:26,2.9902
19:04:27,2.989
19:04:28,2.9853
19:04:29,2.9866
19:04:30,2.9866
19:04:31,2.9902
19:04:32,2.9902
19:04:33,2.989
19:04:34,2.9927
19:04:35,2.9853
19:04:36,2.9902
19:04:37,2.989
19:04:38,2.9915
19:04:39,2.989
19:04:40,2.989
19:04:41,2.989
19:04:42,2.9915
19:04:43,2.9915
19:04:44,2.9915
19:04:45,2.9915
19:04:46,2.9902
19:04:48,2.9915
19:04:49,2.989
19:04:50,2.989
19:04:51,2.9927
19:04:52,2.9915
19:04:53,2.9902
19:04:54,2.989
19:04:55,2.9915
19:04:56,2.9902
19:04:57,2.9939
19:04:58,2.9902
19:04:59,2.9927
19:05:00,2.9902
19:05:01,2.9939
19:05:02,2.9902
19:05:03,2.989
19:05:04,2.9927
19:05:05,2.9927
19:05:06,2.9902
19:05:07,2.9915
19:05:08,2.9963
19:05:09,2.9927
19:05:10,2.9915
19:05:11,2.9915
19:05:12,2.9915
19:05:13,2.9915
19:05:14,2.989
19:05:15,2.9939
19:05:16,2.9927
19:05:17,2.9915
19:05:18,2.9915
19:05:19,2.9915
19:05:20,2.9915
19:05:21,2.9915
19:05:22,2.9927
19:05:23,2.9915
19:05:24,2.9939
19:05:25,2.9902
19:05:26,2.9866
19:05:27,2.9902
19:05:28,2.9915
19:05:29,2.9878
19:05:30,2.989
19:05:31,2.989
19:05:32,2.989
19:05:33,2.989
19:05:34,2.9915
19:05:35,2.9915
19:05:36,2.9878
19:05:37,2.9866
19:05:38,2.9915
19:05:39,2.989
19:05:40,2.989
19:05:41,2.9878
19:05:42,2.9866
19:05:43,2.989
19:05:44,2.9853
19:05:45,2.9853
19:05:46,2.9853
19:05:47,2.9866
19:05:48,2.9866
19:05:50,2.9841
19:05:51,2.9866
19:05:52,2.9841
19:05:53,2.9841
19:05:54,2.9866
19:05:55,2.9841
19:05:56,2.9841
19:05:57,2.9841
19:05:58,2.9805
19:05:59,2.9841
19:06:00,2.9841
19:06:01,2.9805
19:06:02,2.9805
19:06:03,2.9817
19:06:04,2.9792
19:06:05,2.9768
19:06:06,2.9792
19:06:07,2.9792
19:06:08,2.978
19:06:09,2.9731
19:06:10,2.978
19:06:11,2.978
19:06:12,2.9744
19:06:13,2.9792
19:06:14,2.9744
19:06:15,2.9744
19:06:16,2.9756
19:06:17,2.9719
19:06:18,2.9744
19:06:19,2.9768
19:06:20,2.9744
19:06:21,2.9695
19:06:22,2.9744
19:06:23,2.9695
19:06:24,2.9695
19:06:25,2.9707
19:06:26,2.9707
19:06:27,2.9658
19:06:28,2.9695
19:06:29,2.967
19:06:30,2.9646
19:06:31,2.9695
19:06:32,2.9646
19:06:33,2.9658
19:06:34,2.9621
19:06:35,2.9646
19:06:36,2.9621
19:06:37,2.9621
19:06:38,2.9621
19:06:39,2.9621
19:06:40,2.9597
19:06:41,2.9621
19:06:42,2.9597
19:06:43,2.9585
19:06:44,2.9609
19:06:45,2.9597
19:06:46,2.9573
19:06:47,2.9597
19:06:48,2.9536
19:06:49,2.956
19:06:50,2.9548
19:06:51,2.9548
19:06:53,2.9548
19:06:54,2.9512
19:06:55,2.9499
19:06:56,2.9524
19:06:57,2.9512
19:06:58,2.9499
19:06:59,2.9512
19:07:00,2.9499
19:07:01,2.9475
19:07:02,2.9475
19:07:03,2.9451
19:07:04,2.9414
19:07:05,2.9475
19:07:06,2.9451
19:07:07,2.9451
19:07:08,2.9451
19:07:09,2.9451
19:07:10,2.9438
19:07:11,2.9451
19:07:12,2.9402
19:07:13,2.9402
19:07:14,2.9414
19:07:15,2.9426
19:07:16,2.9414
19:07:17,2.9402
19:07:18,2.9389
19:07:19,2.9402
19:07:20,2.9353
19:07:21,2.9377
19:07:22,2.9353
19:07:23,2.9365
19:07:24,2.9341
19:07:25,2.9353
19:07:26,2.9328
19:07:27,2.9365
19:07:28,2.9316
19:07:29,2.9341
19:07:30,2.9365
19:07:31,2.9328
19:07:32,2.9304
19:07:33,2.9353
19:07:34,2.9316
19:07:35,2.928
19:07:36,2.9304
19:07:37,2.9304
19:07:38,2.9292
19:07:39,2.9304
19:07:40,2.9304
19:07:41,2.928
19:07:42,2.9304
19:07:43,2.9292
19:07:44,2.9255
19:07:45,2.9255
19:07:46,2.9267
19:07:47,2.9255
19:07:48,2.9255
19:07:49,2.9219
19:07:50,2.9206
19:07:51,2.9255
19:07:52,2.9219
19:07:53,2.9243
19:07:55,2.9267
19:07:56,2.9267
19:07:57,2.9231
19:07:58,2.9231
19:07:59,2.9194
19:08:00,2.9206
19:08:01,2.9243
19:08:02,2.9231
19:08:03,2.9255
19:08:04,2.9194
19:08:05,2.9194
19:08:06,2.9206
19:08:07,2.9182
19:08:08,2.9182
19:08:09,2.9182
19:08:10,2.917
19:08:11,2.9206
19:08:12,2.9194
19:08:13,2.917
19:08:14,2.9182
19:08:15,2.9194
19:08:16,2.9158
19:08:17,2.9206
19:08:18,2.9182
19:08:19,2.9145
19:08:20,2.9158
19:08:21,2.9133
19:08:22,2.9158
19:08:23,2.9158
19:08:24,2.9133
19:08:25,2.9158
19:08:26,2.917
19:08:27,2.9133
19:08:28,2.9158
19:08:29,2.917
19:08:30,2.9133
19:08:31,2.9133
19:08:32,2.9158
19:08:33,2.9133
19:08:34,2.9158
19:08:35,2.9121
19:08:36,2.9109
19:08:37,2.9133
19:08:38,2.9145
19:08:39,2.9121
19:08:40,2.9133
19:08:41,2.9145
19:08:42,2.9109
19:08:43,2.9109
19:08:44,2.9145
19:08:45,2.9145
19:08:46,2.9109
19:08:47,2.9096
19:08:48,2.9121
19:08:49,2.9133
19:08:50,2.9121
19:08:51,2.9121
19:08:52,2.9121
19:08:53,2.9109
19:08:54,2.9133
19:08:55,2.9096
19:08:56,2.9121
19:08:58,2.9133
19:08:59,2.9084
19:09:00,2.9133
19:09:01,2.9096
19:09:02,2.9084
19:09:03,2.9121
19:09:04,2.9109
19:09:05,2.9096
19:09:06,2.9121
19:09:07,2.9109
19:09:08,2.9096
19:09:09,2.9109
19:09:10,2.9096
19:09:11,2.906
19:09:12,2.9084
19:09:13,2.9121
19:09:14,2.9096
19:09:15,2.9096
19:09:16,2.9133
19:09:17,2.9084
19:09:18,2.9109
19:09:19,2.9109
19:09:20,2.9084
19:09:21,2.9072
19:09:22,2.9109
19:09:23,2.9096
19:09:24,2.9145
19:09:25,2.9084
19:09:26,2.9084
19:09:27,2.9084
19:09:28,2.9084
19:09:29,2.9084
19:09:30,2.9109
19:09:31,2.9109
19:09:32,2.9084
19:09:33,2.906
19:09:34,2.9109
19:09:35,2.906
19:09:36,2.9084
19:09:37,2.9096
19:09:38,2.9133
19:09:39,2.9084
19:09:40,2.9072
19:09:41,2.906
19:09:42,2.9109
19:09:43,2.9121
19:09:44,2.9133
19:09:45,2.9096
19:09:46,2.9084
19:09:47,2.9109
19:09:48,2.9109
19:09:49,2.9096
19:09:50,2.9084
19:09:51,2.9096
19:09:52,2.9072
19:09:53,2.906
19:09:54,2.9072
19:09:55,2.906
19:09:56,2.9109
19:09:57,2.9048
19:09:58,2.9084
19:09:59,2.9072
19:10:01,2.9048
19:10:02,2.9096
19:10:03,2.9023
19:10:04,2.906
19:10:05,2.906
19:10:06,2.9048
19:10:07,2.9048
19:10:08,2.9084
19:10:09,2.906
19:10:10,2.9011
19:10:11,2.9072
19:10:12,2.9048
19:10:13,2.9011
19:10:14,2.9048
19:10:15,2.9072
19:10:16,2.9023
19:10:17,2.906
19:10:18,2.9048
19:10:19,2.8999
19:10:20,2.9035
19:10:21,2.9011
19:10:22,2.8999
19:10:23,2.906
19:10:24,2.9011
19:10:25,2.9011
19:10:26,2.9048
19:10:27,2.9011
19:10:28,2.9011
19:10:29,2.9011
19:10:30,2.9023
19:10:31,2.9011
19:10:32,2.8999
19:10:33,2.8987
19:10:34,2.8987
19:10:35,2.9011
19:10:36,2.8999
19:10:37,2.8974
19:10:38,2.9011
19:10:39,2.9011
19:10:40,2.8974
19:10:41,2.9023
19:10:42,2.8999
19:10:43,2.8987
19:10:44,2.8999
19:10:45,2.8987
19:10:46,2.8974
19:10:47,2.8999
19:10:48,2.8962
19:10:49,2.8926
19:10:50,2.8974
19:10:51,2.8962
19:10:52,2.895
19:10:53,2.8962
19:10:54,2.8938
19:10:55,2.8913
19:10:56,2.8962
19:10:57,2.8938
19:10:58,2.8913
19:10:59,2.8926
19:11:00,2.8938
19:11:01,2.8926
19:11:03,2.8938
19:11:04,2.8901
19:11:05,2.8913
19:11:06,2.8913
19:11:07,2.8913
19:11:08,2.8913
19:11:09,2.8913
19:11:10,2.8901
19:11:11,2.8913
19:11:12,2.8864
19:11:13,2.8913
19:11:14,2.8913
19:11:15,2.8901
19:11:16,2.8901
19:11:17,2.8889
19:11:18,2.8864
19:11:19,2.8877
19:11:20,2.8913
19:11:21,2.8864
19:11:22,2.8889
19:11:23,2.8877
19:11:24,2.8889
19:11:25,2.8864
19:11:26,2.8852
19:11:27,2.8877
19:11:28,2.8852
19:11:29,2.8864
19:11:30,2.884
19:11:31,2.884
19:11:32,2.8864
19:11:33,2.884
19:11:34,2.8852
19:11:35,2.8816
19:11:36,2.884
19:11:37,2.884
19:11:38,2.8791
19:11:39,2.8828
19:11:40,2.8816
19:11:41,2.8803
19:11:42,2.8803
19:11:43,2.8803
19:11:44,2.8816
19:11:45,2.8791
19:11:46,2.8803
19:11:47,2.8791
19:11:48,2.8803
19:11:49,2.8791
19:11:50,2.8803
19:11:51,2.8803
19:11:52,2.8791
19:11:53,2.8803
19:11:54,2.8779
19:11:55,2.8779
19:11:56,2.8767
19:11:57,2.8767
19:11:58,2.8755
19:11:59,2.8755
19:12:00,2.8791
19:12:01,2.8742
19:12:02,2.8742
19:12:03,2.8755
19:12:04,2.8742
19:12:05,2.8767
19:12:07,2.8718
19:12:08,2.8767
19:12:09,2.8718
19:12:10,2.873
19:12:11,2.873
19:12:12,2.8718
19:12:13,2.8718
19:12:14,2.8694
19:12:15,2.8742
19:12:16,2.8718
19:12:17,2.8718
19:12:18,2.8718
19:12:19,2.8694
19:12:20,2.8718
19:12:21,2.8694
19:12:22,2.8742
19:12:23,2.8681
19:12:24,2.8706
19:12:25,2.8718
19:12:26,2.8706
19:12:27,2.8669
19:12:28,2.8706
19:12:29,2.8657
19:12:30,2.8694
19:12:31,2.8718
19:12:32,2.8669
19:12:33,2.8694
19:12:34,2.8681
19:12:35,2.8645
19:12:36,2.8669
19:12:37,2.8694
19:12:38,2.8669
19:12:39,2.8669
19:12:40,2.8669
19:12:41,2.8657
19:12:42,2.8694
19:12:43,2.8645
19:12:44,2.8645
19:12:45,2.8645
19:12:46,2.862
19:12:47,2.8632
19:12:48,2.8657
19:12:49,2.862
19:12:50,2.8596
19:12:51,2.8657
19:12:52,2.8657
19:12:53,2.8657
19:12:54,2.8608
19:12:55,2.8596
19:12:56,2.862
19:12:57,2.862
19:12:58,2.862
19:12:59,2.8632
19:13:00,2.8571
19:13:01,2.8584
19:13:02,2.8608
19:13:03,2.8632
19:13:04,2.862
19:13:05,2.8596
19:13:06,2.8596
19:13:07,2.8596
19:13:08,2.862
19:13:10,2.8596
19:13:11,2.8584
19:13:12,2.8596
19:13:13,2.8559
19:13:14,2.8571
19:13:15,2.8596
19:13:16,2.8571
19:13:17,2.8584
19:13:18,2.8559
19:13:19,2.8547
19:13:20,2.8523
19:13:21,2.8535
19:13:22,2.8523
19:13:23,2.8498
19:13:24,2.8535
19:13:25,2.8523
19:13:26,2.851
19:13:27,2.8523
19:13:28,2.8535
19:13:29,2.8523
19:13:30,2.851
19:13:31,2.851
19:13:32,2.8498
19:13:33,2.8498
19:13:34,2.8498
19:13:35,2.8486
19:13:36,2.8498
19:13:37,2.8486
19:13:38,2.8474
19:13:39,2.8449
19:13:40,2.8449
19:13:41,2.8474
19:13:42,2.8474
19:13:43,2.8474
19:13:44,2.8449
19:13:45,2.8474
19:13:46,2.8449
19:13:47,2.8437
19:13:48,2.8437
19:13:49,2.8474
19:13:50,2.8437
19:13:51,2.8425
19:13:52,2.84
19:13:53,2.84
19:13:54,2.8449
19:13:55,2.8413
19:13:56,2.84
19:13:57,2.8425
19:13:58,2.8425
19:13:59,2.8425
19:14:00,2.8376
19:14:01,2.8425
19:14:02,2.8413
19:14:03,2.8376
19:14:04,2.8364
19:14:05,2.8388
19:14:06,2.8352
19:14:07,2.8364
19:14:08,2.8364
19:14:09,2.8352
19:14:10,2.8339
19:14:11,2.8376
19:14:13,2.8315
19:14:14,2.8364
19:14:15,2.8352
19:14:16,2.8327
19:14:17,2.8339
19:14:18,2.8339
19:14:19,2.8327
19:14:20,2.8315
19:14:21,2.8303
19:14:22,2.8315
19:14:23,2.8303
19:14:24,2.8278
19:14:25,2.8278
19:14:26,2.8278
19:14:27,2.8278
19:14:28,2.8278
19:14:29,2.8266
19:14:30,2.188
19:14:31,2.8254
19:14:32,2.8266
19:14:33,2.8278
19:14:34,2.8266
19:14:35,2.243
19:14:36,2.2344
19:14:37,2.8217
19:14:38,2.823
19:14:39,2.8205
19:14:40,2.823
19:14:41,2.8205
19:14:42,2.8205
19:14:43,2.149
19:14:44,2.1245
19:14:45,2.1172
19:14:46,2.8144
19:14:47,2.8181
19:14:48,2.8144
19:14:49,2.1734
19:14:50,2.8156
19:14:51,2.8132
19:14:52,2.8132
19:14:53,2.8132
19:14:54,2.8144
19:14:55,2.243
19:14:56,2.2308
19:14:57,2.8132
19:14:58,2.8107
19:14:59,2.812
19:15:00,2.8083
19:15:01,2.2759
19:15:02,2.8107
19:15:03,2.8095
19:15:04,2.8107
19:15:05,2.8046
19:15:06,2.8059
19:15:07,2.2027
19:15:08,2.8034
19:15:09,2.8071
19:15:10,2.8034
19:15:11,2.8034
19:15:12,2.7998
19:15:13,2.801
19:15:14,2.149
19:15:16,2.1905
19:15:17,2.2173
19:15:18,2.7998
19:15:19,2.7973
19:15:20,2.7985
19:15:21,2.7985
19:15:22,2.7985
19:15:23,2.7949
19:15:24,2.7961
19:15:25,2.7985
19:15:26,2.7949
19:15:27,2.2186
19:15:28,2.3089
19:15:29,2.1319
19:15:30,2.7924
19:15:31,2.7949
19:15:32,2.7949
19:15:33,2.7924
19:15:34,2.79
19:15:35,2.7888
19:15:36,2.7912
19:15:37,2.7888
19:15:38,2.7863
19:15:39,2.7851
19:15:40,2.7888
19:15:41,2.7888
19:15:42,2.1697
19:15:43,2.7851
19:15:44,2.7839
19:15:45,2.7827
19:15:46,2.7851
19:15:47,2.7814
19:15:48,2.0366
19:15:49,2.7827
19:15:50,2.779
19:15:51,2.779
19:15:52,2.779
19:15:53,2.7802
19:15:54,2.779
19:15:55,2.7766
19:15:56,2.7753
19:15:57,2.779
19:15:58,2.1917
19:15:59,2.7741
19:16:00,2.1233
19:16:01,2.7741
19:16:02,2.7741
19:16:03,2.7692
19:16:04,2.1245
19:16:05,2.105
19:16:06,2.7717
19:16:07,2.7705
19:16:08,2.7692
19:16:09,2.7668
19:16:10,2.7668
19:16:11,2.7668
19:16:12,2.0904
19:16:13,2.7668
19:16:14,2.7619
19:16:15,2.7631
19:16:16,2.7643
19:16:17,2.7631
19:16:19,2.7643
19:16:20,2.7631
19:16:21,2.7582
19:16:22,2.7595
19:16:23,2.105
19:16:24,2.1148
19:16:25,2.757
19:16:26,2.2234
19:16:27,2.7582
19:16:28,2.7546
19:16:29,2.7546
19:16:30,2.7521
19:16:31,2.7558
19:16:32,2.7534
19:16:33,2.7534
19:16:34,2.7509
19:16:35,2.7497
19:16:36,2.7521
19:16:37,2.7485
19:16:38,2.7473
19:16:39,2.7485
19:16:40,2.7485
19:16:41,2.7448
19:16:42,2.7485
19:16:43,2.7436
19:16:44,2.7473
19:16:45,2.7424
19:16:46,2.7436
19:16:47,2.7424
19:16:48,2.7399
19:16:49,2.7424
19:16:50,2.7399
19:16:51,2.7399
19:16:52,2.7387
19:16:53,2.7375
19:16:54,2.735
19:16:55,2.7375
19:16:56,2.735
19:16:57,2.7338
19:16:58,2.735
19:16:59,2.7326
19:17:00,2.7314
19:17:01,2.735
19:17:02,2.7326
19:17:03,2.735
19:17:04,2.7326
19:17:05,2.7326
19:17:06,2.7314
19:17:07,2.7302
19:17:08,2.7289
19:17:09,2.7253
19:17:10,2.7289
19:17:11,2.7277
19:17:12,2.7265
19:17:13,2.7253
19:17:14,2.7253
19:17:15,2.7265
19:17:16,2.7228
19:17:17,2.7253
19:17:18,2.7228
19:17:20,2.7253
19:17:21,2.7204
19:17:22,2.7241
19:17:23,2.7204
19:17:24,2.7228
19:17:25,2.7204
19:17:26,2.7216
19:17:27,2.7179
19:17:28,2.7179
19:17:29,2.7167
19:17:30,2.7167
19:17:31,2.7155
19:17:32,2.7118
19:17:33,2.7167
19:17:34,2.7143
19:17:35,2.7155
19:17:36,2.7155
19:17:37,2.7131
19:17:38,2.7131
19:17:39,2.7155
19:17:40,2.7155
19:17:41,2.7106
19:17:42,2.7106
19:17:43,2.7094
19:17:44,2.7143
19:17:45,2.7143
19:17:46,2.7094
19:17:47,2.7094
19:17:48,2.7082
19:17:49,2.707
19:17:50,2.7106
19:17:51,2.7106
19:17:52,2.7082
19:17:53,2.7082
19:17:54,2.707
19:17:55,2.707
19:17:56,2.7106
19:17:57,2.7106
19:17:58,2.7057
19:17:59,2.707
19:18:00,2.7057
19:18:01,2.707
19:18:02,2.7094
19:18:03,2.7033
19:18:04,2.707
19:18:05,2.7057
19:18:06,2.7057
19:18:07,2.707
19:18:08,2.7033
19:18:09,2.7033
19:18:10,2.7082
19:18:11,2.7057
19:18:12,2.7045
19:18:13,2.7057
19:18:14,2.7057
19:18:15,2.7045
19:18:16,2.7033
19:18:17,2.7033
19:18:18,2.7009
19:18:19,2.6996
19:18:20,2.7045
19:18:21,2.7045
19:18:22,2.7021
19:18:24,2.7021
19:18:25,2.7033
19:18:26,2.7009
19:18:27,2.7057
19:18:28,2.7009
19:18:29,2.7045
19:18:30,2.7009
19:18:31,2.7033
19:18:32,2.7045
19:18:33,2.7021
19:18:34,2.7009
19:18:35,2.7009
19:18:36,2.7009
19:18:37,2.7045
19:18:38,2.7033
19:18:39,2.7021
19:18:40,2.7033
19:18:41,2.7057
19:18:42,2.7009
19:18:43,2.7021
19:18:44,2.7045
19:18:45,2.7009
19:18:46,2.7021
19:18:47,2.7021
19:18:48,2.7045
19:18:49,2.7033
19:18:50,2.7057
19:18:51,2.7009
19:18:52,2.7033
19:18:53,2.7033
19:18:54,2.7009
19:18:55,2.7033
19:18:56,2.7033
19:18:57,2.7033
19:18:58,2.7057
19:18:59,2.7033
19:19:00,2.7045
19:19:01,2.7057
19:19:02,2.7009
19:19:03,2.7033
19:19:04,2.7033
19:19:05,2.7009
19:19:06,2.7033
19:19:07,2.7033
19:19:08,2.7033
19:19:09,2.7057
19:19:10,2.7009
19:19:11,2.7033
19:19:12,2.7009
19:19:13,2.7057
19:19:14,2.7021
19:19:15,2.7057
19:19:16,2.7009
19:19:17,2.7057
19:19:18,2.7033
19:19:19,2.707
19:19:20,2.7045
19:19:21,2.7033
19:19:22,2.6996
19:19:23,2.7033
19:19:24,2.7045
19:19:26,2.7033
19:19:27,2.7009
19:19:28,2.7045
19:19:29,2.7033
19:19:30,2.7045
19:19:31,2.7045
19:19:32,2.7045
19:19:33,2.707
19:19:34,2.707
19:19:35,2.7045
19:19:36,2.7021
19:19:37,2.7033
19:19:38,2.7021
19:19:39,2.7021
19:19:40,2.7021
19:19:41,2.7057
19:19:42,2.7057
19:19:43,2.7045
19:19:44,2.7021
19:19:45,2.7045
19:19:46,2.7045
19:19:47,2.7021
19:19:48,2.7009
19:19:49,2.7009
19:19:50,2.7057
19:19:51,2.7033
19:19:52,2.7033
19:19:53,2.7033
19:19:54,2.7009
19:19:55,2.7045
19:19:56,2.7057
19:19:57,2.7009
19:19:58,2.7057
19:19:59,2.707
19:20:00,2.7009
19:20:01,2.7057
19:20:02,2.7057
19:20:03,2.7033
19:20:04,2.7045
19:20:05,2.7021
19:20:06,2.7033
19:20:07,2.7057
19:20:08,2.7033
19:20:09,2.6996
19:20:10,2.7009
19:20:11,2.7009
19:20:12,2.7057
19:20:13,2.7021
19:20:14,2.6996
19:20:15,2.7021
19:20:16,2.7009
19:20:17,2.7045
19:20:18,2.7021
19:20:19,2.7009
19:20:20,2.7033
19:20:21,2.7009
19:20:22,2.7021
19:20:23,2.7033
19:20:24,2.7021
19:20:25,2.7009
19:20:26,2.7033
19:20:27,2.7009
19:20:28,2.7033
19:20:30,2.7033
19:20:31,2.7009
19:20:32,2.7009
19:20:33,2.6984
19:20:34,2.7033
19:20:35,2.7009
19:20:36,2.6984
19:20:37,2.7033
19:20:38,2.7021
19:20:39,2.7057
19:20:40,2.6996
19:20:41,2.7009
19:20:42,2.6996
19:20:43,2.6996
19:20:44,2.6996
19:20:45,2.7009
19:20:46,2.7009
19:20:47,2.7009
19:20:48,2.6984
19:20:49,2.6996
19:20:50,2.7009
19:20:51,2.7021
19:20:52,2.7009
19:20:53,2.7033
19:20:54,2.7009
19:20:55,2.7009
19:20:56,2.6996
19:20:57,2.7021
19:20:58,2.7009
19:20:59,2.6996
19:21:00,2.7009
19:21:01,2.6972
19:21:02,2.7033
19:21:03,2.6996
19:21:04,2.6984
19:21:05,2.6996
19:21:06,2.6996
19:21:07,2.7033
19:21:08,2.6972
19:21:09,2.7009
19:21:10,2.7009
19:21:11,2.7021
19:21:12,2.6996
19:21:13,2.6984
19:21:14,2.6984
19:21:15,2.7033
19:21:16,2.6984
19:21:17,2.7009
19:21:18,2.7009
19:21:19,2.7021
19:21:20,2.7009
19:21:21,2.7021
19:21:22,2.6996
19:21:23,2.7009
19:21:24,2.6984
19:21:25,2.7009
19:21:26,2.6996
19:21:27,2.7009
19:21:28,2.6984
19:21:29,2.7009
19:21:30,2.6996
19:21:31,2.6984
19:21:33,2.7009
19:21:34,2.6972
19:21:35,2.7021
19:21:36,2.696
19:21:37,2.7009
19:21:38,2.696
19:21:39,2.6996
19:21:40,2.6972
19:21:41,2.6996
19:21:42,2.6972
19:21:43,2.6996
19:21:44,2.6996
19:21:45,2.696
19:21:46,2.696
19:21:47,2.6947
19:21:48,2.6984
19:21:49,2.6984
19:21:50,2.6667
19:21:51,2.6728
19:21:52,2.6813
19:21:53,2.0708
19:21:54,2.0134
19:21:55,2.0501
19:21:56,2.7094
19:21:57,2.7094
19:21:58,2.7155
19:21:59,2.7131
19:22:00,2.7155
19:22:01,2.7155
19:22:02,2.7179
19:22:03,2.7155
19:22:04,2.7179
19:22:05,2.7118
19:22:06,2.7167
19:22:07,2.7192
19:22:08,2.7155
19:22:09,2.7143
19:22:10,2.7131
19:22:11,2.7143
19:22:12,2.7131
19:22:13,2.7155
19:22:14,2.7143
19:22:15,2.7155
19:22:16,2.7082
19:22:17,2.7118
19:22:18,2.7131
19:22:19,2.7131
19:22:20,2.7131
19:22:21,2.7118
19:22:22,2.7106
19:22:23,2.7106
19:22:24,2.7094
19:22:25,2.7131
19:22:26,2.7082
19:22:27,2.7082
19:22:28,2.7094
19:22:29,2.7057
19:22:30,2.7094
19:22:31,2.7045
19:22:32,2.7057
19:22:33,2.7082
19:22:35,2.7057
19:22:36,2.707
19:22:37,2.7045
19:22:38,2.7057
19:22:39,2.7057
19:22:40,2.707
19:22:41,2.707
19:22:42,2.7045
19:22:43,2.7045
19:22:44,2.7021
19:22:45,2.7057
19:22:46,2.7033
19:22:47,2.7009
19:22:48,2.7009
19:22:49,2.7033
19:22:50,2.7021
19:22:51,2.7009
19:22:52,2.6996
19:22:53,2.7009
19:22:54,2.7009
19:22:55,2.7021
19:22:56,2.6996
19:22:57,2.6972
19:22:58,2.6984
19:22:59,2.6947
19:23:00,2.6984
19:23:01,2.696
19:23:02,2.696
19:23:03,2.696
19:23:04,2.696
19:23:05,2.6935
19:23:06,2.696
19:23:07,2.6947
19:23:08,2.6923
19:23:09,2.6935
19:23:10,2.6935
19:23:11,2.6947
19:23:12,2.6911
19:23:13,2.6935
19:23:14,2.6899
19:23:15,2.6935
19:23:16,2.6911
19:23:17,2.6911
19:23:18,2.6899
19:23:19,2.6911
19:23:20,2.6874
19:23:21,2.6874
19:23:22,2.6911
19:23:23,2.6862
19:23:24,2.6899
19:23:25,2.6874
19:23:26,2.6862
19:23:27,2.6862
19:23:28,2.685
19:23:29,2.685
19:23:30,2.6813
19:23:31,2.6825
19:23:32,2.6813
19:23:33,2.6862
19:23:34,2.6825
19:23:35,2.6838
19:23:36,2.6801
19:23:38,2.6813
19:23:39,2.6813
19:23:40,2.6801
19:23:41,2.6801
19:23:42,2.6813
19:23:43,2.6789
19:23:44,2.6764
19:23:45,2.6777
19:23:46,2.6764
19:23:47,2.6777
19:23:48,2.6764
19:23:49,2.6752
19:23:50,2.674
19:23:51,2.6752
19:23:52,2.674
19:23:53,2.6764
19:23:54,2.6703
19:23:55,2.674
19:23:56,2.6728
19:23:57,2.6691
19:23:58,2.6716
19:23:59,2.6716
19:24:00,2.6691
19:24:01,2.6679
19:24:02,2.6716
19:24:03,2.6667
19:24:04,2.6691
19:24:05,2.6667
19:24:06,2.6667
19:24:07,2.6654
19:24:08,2.6691
19:24:09,2.6667
19:24:10,2.6667
19:24:11,2.6654
19:24:12,2.663
19:24:13,2.6654
19:24:14,2.6642
19:24:15,2.6618
19:24:16,2.6654
19:24:17,2.6618
19:24:18,2.6654
19:24:19,2.6618
19:24:20,2.663
19:24:21,2.6593
19:24:22,2.6569
19:24:23,2.6569
19:24:24,2.6569
19:24:25,2.6606
19:24:26,2.6569
19:24:27,2.6593
19:24:28,2.6593
19:24:29,2.6593
19:24:30,2.6593
19:24:31,2.6569
19:24:32,2.6545
19:24:33,2.6557
19:24:34,2.6569
19:24:35,2.6569
19:24:36,2.6508
19:24:37,2.652
19:24:38,2.6545
19:24:39,2.6545
19:24:41,2.6545
19:24:42,2.652
19:24:43,2.652
19:24:44,2.6496
19:24:45,2.6532
19:24:46,2.652
19:24:47,2.6508
19:24:48,2.6545
19:24:49,2.652
19:24:50,2.6508
19:24:51,2.6471
19:24:52,2.6508
19:24:53,2.6496
19:24:54,2.6471
19:24:55,2.6471
19:24:56,2.6496
19:24:57,2.6471
19:24:58,2.6435
19:24:59,2.6471
19:25:00,2.6435
19:25:01,2.6471
19:25:02,2.6484
19:25:03,2.6447
19:25:04,2.6435
19:25:05,2.6471
19:25:06,2.6447
19:25:07,2.6435
19:25:08,2.6435
19:25:09,2.6422
19:25:10,2.6459
19:25:11,2.6435
19:25:12,2.6447
19:25:13,2.6398
19:25:14,2.6422
19:25:15,2.641
19:25:16,2.6398
19:25:17,2.641
19:25:18,2.6398
19:25:19,2.6398
19:25:20,2.6374
19:25:21,2.6386
19:25:22,2.6398
19:25:23,2.6386
19:25:24,2.6374
19:25:25,2.6374
19:25:26,2.6386
19:25:27,2.6374
19:25:28,2.6386
19:25:29,2.6374
19:25:30,2.6374
19:25:31,2.6361
19:25:32,2.6361
19:25:33,2.6374
19:25:34,2.6349
19:25:35,2.6361
19:25:36,2.6349
19:25:37,2.6361
19:25:38,2.6349
19:25:39,2.6349
19:25:40,2.6313
19:25:41,2.6349
19:25:42,2.6349
19:25:44,2.6325
19:25:45,2.6313
19:25:46,2.6349
19:25:47,2.6313
19:25:48,2.6325
19:25:49,2.6325
19:25:50,2.6325
19:25:51,2.6325
19:25:52,2.63
19:25:53,2.6276
19:25:54,2.6276
19:25:55,2.6276
19:25:56,2.63
19:25:57,2.6239
19:25:58,2.6276
19:25:59,2.6276
19:26:00,2.6276
19:26:01,2.6276
19:26:02,2.6227
19:26:03,2.6239
19:26:04,2.6264
19:26:05,2.6227
19:26:06,2.6227
19:26:07,2.6227
19:26:08,2.6227
19:26:09,2.6215
19:26:10,2.6252
19:26:11,2.6215
19:26:12,2.6178
19:26:13,2.6239
19:26:14,2.6227
19:26:15,2.6227
19:26:16,2.6215
19:26:17,2.6203
19:26:18,2.619
19:26:19,2.6178
19:26:20,2.6178
19:26:21,2.6215
19:26:22,2.6203
19:26:23,2.619
19:26:24,2.6215
19:26:25,2.6178
19:26:26,2.619
19:26:27,2.6166
19:26:28,2.6166
19:26:29,2.6154
19:26:30,2.6166
19:26:31,2.6166
19:26:32,2.6142
19:26:33,2.6178
19:26:34,2.6129
19:26:35,2.6154
19:26:36,2.6129
19:26:37,2.6129
19:26:38,2.6129
19:26:39,2.6129
19:26:40,2.6105
19:26:41,2.6081
19:26:42,2.6129
19:26:43,2.6056
19:26:44,2.6105
19:26:45,2.6129
19:26:47,2.6117
19:26:48,2.6129
19:26:49,2.6105
19:26:50,2.6081
19:26:51,2.6081
19:26:52,2.6105
19:26:53,2.6105
19:26:54,2.6056
19:26:55,2.6068
19:26:56,2.6105
19:26:57,2.6068
19:26:58,2.6068
19:26:59,2.6032
19:27:00,2.6044
19:27:01,2.6044
19:27:02,2.6081
19:27:03,2.6032
19:27:04,2.6056
19:27:05,2.6044
19:27:06,2.602
19:27:07,2.6068
19:27:08,2.6032
19:27:09,2.6056
19:27:10,2.6032
19:27:11,2.6044
19:27:12,2.602
19:27:13,2.6056
19:27:14,2.5995
19:27:15,2.5995
19:27:16,2.6032
19:27:17,2.5983
19:27:18,2.6044
19:27:19,2.6007
19:27:20,2.602
19:27:21,2.6007
19:27:22,2.5983
19:27:23,2.5995
19:27:24,2.6007
19:27:25,2.5995
19:27:26,2.5995
19:27:27,2.5983
19:27:28,2.5983
19:27:29,2.5983
19:27:30,2.5958
19:27:31,2.5983
19:27:32,2.5958
19:27:33,2.5983
19:27:34,2.5971
19:27:35,2.5995
19:27:36,2.5971
19:27:37,2.5983
19:27:38,2.5958
19:27:39,2.5971
19:27:40,2.5958
19:27:41,2.5971
19:27:42,2.5934
19:27:43,2.5958
19:27:44,2.5946
19:27:45,2.5946
19:27:46,2.5897
19:27:47,2.5958
19:27:48,2.5934
19:27:49,2.5958
19:27:51,2.5934
19:27:52,2.5934
19:27:53,2.591
19:27:54,2.5922
19:27:55,2.5922
19:27:56,2.5922
19:27:57,2.5885
19:27:58,2.5922
19:27:59,2.5885
19:28:00,2.5922
19:28:01,2.5897
19:28:02,2.5885
19:28:03,2.5861
19:28:04,2.5885
19:28:05,2.5873
19:28:06,2.5885
19:28:07,2.5885
19:28:08,2.5836
19:28:09,2.5873
19:28:10,2.5873
19:28:11,2.5873
19:28:12,2.5861
19:28:13,2.5885
19:28:14,2.5861
19:28:15,2.5836
19:28:16,2.5849
19:28:17,2.5849
19:28:18,2.5836
19:28:19,2.5873
19:28:20,2.5849
19:28:21,2.5849
19:28:22,2.5824
19:28:23,2.58
19:28:24,2.5849
19:28:25,2.5775
19:28:26,2.5836
19:28:27,2.5788
19:28:28,2.5788
19:28:29,2.5788
19:28:30,2.5788
19:28:31,2.5788
19:28:32,2.5788
19:28:33,2.5763
19:28:34,2.5788
19:28:35,2.58
19:28:36,2.5763
19:28:37,2.5788
19:28:38,2.5763
19:28:39,2.5775
19:28:40,2.5775
19:28:41,2.5775
19:28:42,2.5751
19:28:43,2.5775
19:28:44,2.5751
19:28:45,2.5775
19:28:46,2.5763
19:28:47,2.5775
19:28:48,2.5714
19:28:49,2.5714
19:28:50,2.5726
19:28:51,2.5714
19:28:52,2.5726
19:28:54,2.5739
19:28:55,2.5739
19:28:56,2.5702
19:28:57,2.5714
19:28:58,2.569
19:28:59,2.5702
19:29:00,2.5702
19:29:01,2.569
19:29:02,2.569
19:29:03,2.569
19:29:04,2.5678
19:29:05,2.5678
19:29:06,2.5653
19:29:07,2.5665
19:29:08,2.5665
19:29:09,2.5678
19:29:10,2.569
19:29:11,2.5665
19:29:12,2.5665
19:29:13,2.5665
19:29:14,2.569
19:29:15,2.5665
19:29:16,2.5653
19:29:17,2.5617
19:29:18,2.5641
19:29:19,2.5629
19:29:20,2.5641
19:29:21,2.5604
19:29:22,2.5641
19:29:23,2.5604
19:29:24,2.5641
19:29:25,2.5629
19:29:26,2.5617
19:29:27,2.5592
19:29:28,2.5629
19:29:29,2.5592
19:29:30,2.5617
19:29:31,2.5592
19:29:32,2.5604
19:29:33,2.5592
19:29:34,2.558
19:29:35,2.5568
19:29:36,2.5592
19:29:37,2.5592
19:29:38,2.5604
19:29:39,2.5592
19:29:40,2.558
19:29:41,2.558
19:29:42,2.5568
19:29:43,2.5592
19:29:44,2.5556
19:29:45,2.5556
19:29:46,2.5556
19:29:47,2.5543
19:29:48,2.5531
19:29:49,2.5543
19:29:50,2.5556
19:29:51,2.5543
19:29:52,2.5543
19:29:53,2.5543
19:29:54,2.5543
19:29:55,2.5519
19:29:57,2.5519
19:29:58,2.5543
19:29:59,2.5543
19:30:00,2.5543
19:30:01,2.5519
19:30:02,2.5543
19:30:03,2.5543
19:30:04,2.5531
19:30:05,2.5519
19:30:06,2.5495
19:30:07,2.5531
19:30:08,2.5495
19:30:09,2.5446
19:30:10,2.5531
19:30:11,2.5495
19:30:12,2.5519
19:30:13,2.5519
19:30:14,2.5519
19:30:15,2.5519
19:30:16,2.5495
19:30:17,2.5495
19:30:18,2.5495
19:30:19,2.5482
19:30:20,2.5482
19:30:21,2.5507
19:30:22,2.5495
19:30:23,2.5519
19:30:24,2.547
19:30:25,2.5519
19:30:26,2.547
19:30:27,2.5495
19:30:28,2.547
19:30:29,2.5495
19:30:30,2.5495
19:30:31,2.5482
19:30:32,2.5507
19:30:33,2.5446
19:30:34,2.5458
19:30:35,2.547
19:30:36,2.5446
19:30:37,2.5458
19:30:38,2.5458
19:30:39,2.5482
19:30:40,2.5409
19:30:41,2.547
19:30:42,2.5446
19:30:43,2.5433
19:30:44,2.5433
19:30:45,2.547
19:30:46,2.5446
19:30:47,2.5446
19:30:48,2.5446
19:30:49,2.5421
19:30:50,2.5421
19:30:51,2.5433
19:30:52,2.5409
19:30:53,2.5433
19:30:54,2.5421
19:30:55,2.5397
19:30:56,2.5421
19:30:57,2.5397
19:30:58,2.5409
19:31:00,2.5433
19:31:01,2.536
19:31:02,2.5397
19:31:03,2.5385
19:31:04,2.5397
19:31:05,2.5421
19:31:06,2.5397
19:31:07,2.5421
19:31:08,2.5348
19:31:09,2.5372
19:31:10,2.5397
19:31:11,2.5348
19:31:12,2.536
19:31:13,2.5372
19:31:14,2.5372
19:31:15,2.536
19:31:16,2.5336
19:31:17,2.5348
19:31:18,2.5311
19:31:19,2.536
19:31:20,2.5348
19:31:21,2.5336
19:31:22,2.5324
19:31:23,2.5324
19:31:24,2.5324
19:31:25,2.5299
19:31:26,2.5275
19:31:27,2.5299
19:31:28,2.5311
19:31:29,2.5275
19:31:30,2.5263
19:31:31,2.5287
19:31:32,2.5275
19:31:33,2.5299
19:31:34,2.5275
19:31:35,2.5299
19:31:36,2.525
19:31:37,2.525
19:31:38,2.5263
19:31:39,2.5263
19:31:40,2.5226
19:31:41,2.5238
19:31:42,2.5238
19:31:43,2.5214
19:31:44,2.5226
19:31:45,2.5226
19:31:46,2.5214
19:31:47,2.5214
19:31:48,2.5214
19:31:49,2.5189
19:31:50,2.5214
19:31:51,2.5201
19:31:52,2.5214
19:31:53,2.5189
19:31:54,2.5201
19:31:55,2.5189
19:31:56,2.5189
19:31:57,2.5153
19:31:58,2.5177
19:31:59,2.5201
19:32:00,2.5153
19:32:02,2.5189
19:32:03,2.5153
19:32:04,2.5177
19:32:05,2.5128
19:32:06,2.514
19:32:07,2.5165
19:32:08,2.5092
19:32:09,2.5128
19:32:10,2.514
19:32:11,2.5104
19:32:12,2.5116
19:32:13,2.5116
19:32:14,2.5067
19:32:15,2.5128
19:32:16,2.5079
19:32:17,2.5092
19:32:18,2.5104
19:32:19,2.5067
19:32:20,2.5079
19:32:21,2.5092
19:32:22,2.5043
19:32:23,2.5055
19:32:24,2.5092
19:32:25,2.5031
19:32:26,2.5055
19:32:27,2.5067
19:32:28,2.5031
19:32:29,2.5031
19:32:30,2.5055
19:32:31,2.5031
19:32:32,2.5018
19:32:33,2.5055
19:32:34,2.5018
19:32:35,2.4994
19:32:36,2.5043
19:32:37,2.4994
19:32:38,2.4982
19:32:39,2.4957
19:32:40,2.5006
19:32:41,2.4994
19:32:42,2.4945
19:32:43,2.4933
19:32:44,2.4982
19:32:45,2.4957
19:32:46,2.4908
19:32:47,2.4945
19:32:48,2.4969
19:32:49,2.4908
19:32:50,2.4908
19:32:51,2.4945
19:32:52,2.4896
19:32:53,2.4933
19:32:54,2.4921
19:32:55,2.4884
19:32:56,2.4933
19:32:57,2.4884
19:32:58,2.4872
19:32:59,2.4896
19:33:00,2.4896
19:33:01,2.4835
19:33:02,2.4847
19:33:03,2.4884
19:33:05,2.486
19:33:06,2.486
19:33:07,2.486
19:33:08,2.486
19:33:09,2.4872
19:33:10,2.4835
19:33:11,2.4835
19:33:12,2.4847
19:33:13,2.4823
19:33:14,2.4811
19:33:15,2.4847
19:33:16,2.4799
19:33:17,2.4823
19:33:18,2.4786
19:33:19,2.4811
19:33:20,2.4811
19:33:21,2.4823
19:33:22,2.4799
19:33:23,2.4799
19:33:24,2.4811
19:33:25,2.4799
19:33:26,2.4799
19:33:27,2.4799
19:33:28,2.4786
19:33:29,2.4786
19:33:30,2.4799
19:33:31,2.475
19:33:32,2.4774
19:33:33,2.475
19:33:34,2.4762
19:33:35,2.4762
19:33:36,2.4713
19:33:37,2.4737
19:33:38,2.4737
19:33:39,2.475
19:33:40,2.4762
19:33:41,2.4725
19:33:42,2.4725
19:33:43,2.4725
19:33:44,2.4725
19:33:45,2.4725
19:33:46,2.4725
19:33:47,2.4725
19:33:48,2.4689
19:33:49,2.4689
19:33:50,2.4701
19:33:51,2.4676
19:33:52,2.4689
19:33:53,2.4689
19:33:54,2.4689
19:33:55,2.4713
19:33:56,2.4664
19:33:57,2.4652
19:33:58,2.464
19:33:59,2.4676
19:34:00,2.4652
19:34:01,2.4652
19:34:02,2.4628
19:34:03,2.4615
19:34:04,2.4628
19:34:05,2.4628
19:34:06,2.4615
19:34:07,2.4615
19:34:09,2.4615
19:34:10,2.4615
19:34:11,2.4603
19:34:12,2.4591
19:34:13,2.4579
19:34:14,2.4579
19:34:15,2.4579
19:34:16,2.4603
19:34:17,2.4567
19:34:18,2.4567
19:34:19,2.4567
19:34:20,2.4554
19:34:21,2.4554
19:34:22,2.4542
19:34:23,2.4518
19:34:24,2.4542
19:34:25,2.4542
19:34:26,2.4518
19:34:27,2.4505
19:34:28,2.4518
19:34:29,2.453
19:34:30,2.4481
19:34:31,2.4481
19:34:32,2.453
19:34:33,2.4493
19:34:34,2.4493
19:34:35,2.4469
19:34:36,2.4505
19:34:37,2.4493
19:34:38,2.4444
19:34:39,2.4444
19:34:40,2.4432
19:34:41,2.4444
19:34:42,2.4457
19:34:43,2.4432
19:34:44,2.442
19:34:45,2.4371
19:34:46,2.442
19:34:47,2.4408
19:34:48,2.4408
19:34:49,2.4396
19:34:50,2.4383
19:34:51,2.4371
19:34:52,2.4371
19:34:53,2.4359
19:34:54,2.4371
19:34:55,2.4383
19:34:56,2.4347
19:34:57,2.4335
19:34:58,2.4371
19:34:59,2.4347
19:35:00,2.4335
19:35:01,2.4335
19:35:02,2.4322
19:35:03,2.4347
19:35:04,2.4298
19:35:05,2.431
19:35:06,2.4322
19:35:07,2.431
19:35:08,2.4286
19:35:09,2.431
19:35:10,2.4274
19:35:12,2.4274
19:35:13,2.4286
19:35:14,2.4274
19:35:15,2.4274
19:35:16,2.4274
19:35:17,2.4225
19:35:18,2.4274
19:35:19,2.4225
19:35:20,2.42
19:35:21,2.4225
19:35:22,2.4225
19:35:23,2.4212
19:35:24,2.4225
19:35:25,2.4212
19:35:26,2.4212
19:35:27,2.42
19:35:28,2.4176
19:35:29,2.4176
19:35:30,2.4188
19:35:31,2.4176
19:35:32,2.4176
19:35:33,2.42
19:35:34,2.4176
19:35:35,2.4176
19:35:36,2.4127
19:35:37,2.4139
19:35:38,2.4151
19:35:39,2.4139
19:35:40,2.4127
19:35:41,2.4139
19:35:42,2.4115
19:35:43,2.4127
19:35:44,2.4115
19:35:45,2.4127
19:35:46,2.4115
19:35:47,2.409
19:35:48,2.409
19:35:49,2.409
19:35:50,2.4103
19:35:51,2.4103
19:35:52,2.4042
19:35:53,2.4066
19:35:54,2.4029
19:35:55,2.4054
19:35:56,2.4029
19:35:57,2.4054
19:35:58,2.4042
19:35:59,2.4029
19:36:00,2.4029
19:36:01,2.4029
19:36:02,2.4042
19:36:03,2.4029
19:36:04,2.4017
19:36:05,2.4029
19:36:06,2.398
19:36:07,2.4029
19:36:08,2.3956
19:36:09,2.398
19:36:10,2.4005
19:36:11,2.398
19:36:12,2.3968
19:36:13,2.3932
19:36:15,2.3932
19:36:16,2.3956
19:36:17,2.3932
19:36:18,2.3956
19:36:19,2.3919
19:36:20,2.3907
19:36:21,2.3919
19:36:22,2.3907
19:36:23,2.3883
19:36:24,2.3907
19:36:25,2.3883
19:36:26,2.3883
19:36:27,2.3858
19:36:28,2.3834
19:36:29,2.3858
19:36:30,2.3858
19:36:31,1.7949
19:36:32,2.3846
19:36:33,2.3846
19:36:34,2.3883
19:36:35,2.3834
19:36:36,2.3834
19:36:37,2.3834
19:36:38,1.8022
19:36:39,2.3785
19:36:40,2.381
19:36:41,2.3785
19:36:42,2.3773
19:36:43,2.3736
19:36:44,2.3773
19:36:45,1.8315
19:36:46,1.8071
19:36:47,2.3077
19:36:48,1.7485
19:36:49,2.3736
19:36:50,2.3736
19:36:51,2.3736
19:36:52,2.3712
19:36:53,2.3724
19:36:54,2.37
19:36:55,2.3724
19:36:56,2.37
19:36:57,2.3675
19:36:58,2.3736
19:36:59,2.3687
19:37:00,2.3663
19:37:01,1.7656
19:37:02,2.3663
19:37:03,1.8205
19:37:04,2.3675
19:37:05,2.3651
19:37:06,2.3639
19:37:07,2.3663
19:37:08,2.3639
19:37:09,2.3639
19:37:10,2.3663
19:37:11,2.3626
19:37:12,2.3602
19:37:13,2.3626
19:37:14,1.8095
19:37:15,1.7521
19:37:17,2.3614
19:37:18,2.3578
19:37:19,2.3565
19:37:20,2.3639
19:37:21,1.8364
19:37:22,2.3565
19:37:23,2.3565
19:37:24,2.3578
19:37:25,2.3529
19:37:26,2.3516
19:37:27,2.3541
19:37:28,2.3541
19:37:29,2.3504
19:37:30,2.3504
19:37:31,2.3529
19:37:32,2.3516
19:37:33,1.7937
19:37:34,2.3492
19:37:35,2.3516
19:37:36,2.3468
19:37:37,2.3492
19:37:38,1.8168
19:37:39,2.348
19:37:40,1.8632
19:37:41,2.3443
19:37:42,2.3443
19:37:43,2.3443
19:37:44,2.3443
19:37:45,2.3443
19:37:46,2.3419
19:37:47,1.7778
19:37:48,2.3407
19:37:49,2.3443
19:37:50,2.3394
19:37:51,2.3419
19:37:52,2.3394
19:37:53,1.7253
19:37:54,2.3382
19:37:55,2.3346
19:37:56,2.337
19:37:57,2.337
19:37:58,2.337
19:37:59,2.3346
19:38:00,1.7094
19:38:01,2.3358
19:38:02,2.3321
19:38:03,1.8071
19:38:04,2.3346
19:38:05,2.3321
19:38:06,1.7424
19:38:07,2.3309
19:38:08,2.3309
19:38:09,2.3333
19:38:10,2.3309
19:38:11,2.3321
19:38:12,1.7167
19:38:13,2.3272
19:38:14,2.3284
19:38:15,2.3297
19:38:16,2.3309
19:38:17,2.3272
19:38:18,2.326
19:38:20,2.3272
19:38:21,1.8571
19:38:22,2.3272
19:38:23,2.3248
19:38:24,2.3248
19:38:25,1.7045
19:38:26,2.1233
19:38:27,2.326
19:38:28,2.3236
19:38:29,2.3223
19:38:30,2.3223
19:38:31,2.3248
19:38:32,2.3199
19:38:33,2.3211
19:38:34,2.3223
19:38:35,2.3199
19:38:36,2.3248
19:38:37,2.3236
19:38:38,2.3187
19:38:39,2.3199
19:38:40,2.3162
19:38:41,2.3175
19:38:42,2.3187
19:38:43,2.315
19:38:44,2.3187
19:38:45,2.315
19:38:46,2.3187
19:38:47,2.315
19:38:48,2.315
19:38:49,2.315
19:38:50,2.3114
19:38:51,2.3138
19:38:52,2.315
19:38:53,2.3126
19:38:54,2.3138
19:38:55,2.315
19:38:56,2.3126
19:38:57,2.3138
19:38:58,2.3089
19:38:59,2.3114
19:39:00,2.3126
19:39:01,2.3101
19:39:02,2.3077
19:39:03,2.3089
19:39:04,2.3077
19:39:05,2.3077
19:39:06,2.3089
19:39:07,2.3065
19:39:08,2.3077
19:39:09,2.3053
19:39:10,2.3053
19:39:11,2.304
19:39:12,2.3065
19:39:13,2.304
19:39:14,2.304
19:39:15,2.3065
19:39:16,2.304
19:39:17,2.3053
19:39:18,2.3028
19:39:19,2.3016
19:39:20,2.3016
19:39:21,2.3004
19:39:22,2.3028
19:39:24,2.2991
19:39:25,2.2991
19:39:26,2.2991
19:39:27,2.2991
19:39:28,2.2991
19:39:29,2.2967
19:39:30,2.2979
19:39:31,2.2979
19:39:32,2.2967
19:39:33,2.2967
19:39:34,2.2955
19:39:35,2.2967
19:39:36,2.293
19:39:37,2.2943
19:39:38,2.2955
19:39:39,2.2955
19:39:40,2.2943
19:39:41,2.2918
19:39:42,2.2955
19:39:43,2.293
19:39:44,2.293
19:39:45,2.293
19:39:46,2.2918
19:39:47,2.2906
19:39:48,2.293
19:39:49,2.2906
19:39:50,2.2906
19:39:51,2.2882
19:39:52,2.2918
19:39:53,2.2857
19:39:54,2.2894
19:39:55,2.2882
19:39:56,2.2882
19:39:57,2.2857
19:39:58,2.2882
19:39:59,2.2857
19:40:00,2.2882
19:40:01,2.2857
19:40:02,2.2833
19:40:03,2.2869
19:40:04,2.2857
19:40:05,2.2821
19:40:06,2.2821
19:40:07,2.2833
19:40:08,2.2869
19:40:09,2.2821
19:40:10,2.2833
19:40:11,2.2833
19:40:12,2.2796
19:40:13,2.2796
19:40:14,2.2821
19:40:15,2.2796
19:40:16,2.2772
19:40:17,2.2784
19:40:18,2.2796
19:40:19,2.2759
19:40:20,2.2759
19:40:21,2.2808
19:40:22,2.2735
19:40:23,2.2747
19:40:24,2.2747
19:40:25,2.2747
19:40:27,2.2735
19:40:28,2.2747
19:40:29,2.2747
19:40:30,2.2711
19:40:31,2.2686
19:40:32,2.2698
19:40:33,2.2723
19:40:34,2.2686
19:40:35,2.2711
19:40:36,2.2698
19:40:37,2.2711
19:40:38,2.2674
19:40:39,2.2674
19:40:40,2.2662
19:40:41,2.2686
19:40:42,2.2674
19:40:43,2.2662
19:40:44,2.2674
19:40:45,2.2662
19:40:46,2.2637
19:40:47,2.2662
19:40:48,2.2662
19:40:49,2.2625
19:40:50,2.2625
19:40:51,2.2637
19:40:52,2.2625
19:40:53,2.2601
19:40:54,2.2625
19:40:55,2.2613
19:40:56,2.2601
19:40:57,2.2613
19:40:58,2.2589
19:40:59,2.2576
19:41:00,2.2589
19:41:01,2.2601
19:41:02,2.2576
19:41:03,2.2564
19:41:04,2.2576
19:41:05,2.2564
19:41:06,2.2564
19:41:07,2.2552
19:41:08,2.2552
19:41:09,2.254
19:41:10,2.254
19:41:11,2.2527
19:41:12,2.2552
19:41:13,2.2503
19:41:14,2.2491
19:41:15,2.2515
19:41:16,2.2503
19:41:17,2.2515
19:41:18,2.2503
19:41:19,2.2515
19:41:20,2.2491
19:41:21,2.2491
19:41:22,2.2491
19:41:23,2.2491
19:41:24,2.2454
19:41:25,2.2418
19:41:26,2.2479
19:41:27,2.2454
19:41:28,2.2454
19:41:30,2.2466
19:41:31,2.243
19:41:32,2.243
19:41:33,2.2442
19:41:34,2.243
19:41:35,2.2405
19:41:36,2.243
19:41:37,2.2405
19:41:38,2.2405
19:41:39,2.2405
19:41:40,2.2369
19:41:41,2.2381
19:41:42,2.2381
19:41:43,2.2381
19:41:44,2.2393
19:41:45,2.2369
19:41:46,2.2381
19:41:47,2.2357
19:41:48,2.2344
19:41:49,2.2369
19:41:50,2.2344
19:41:51,2.2357
19:41:52,2.232
19:41:53,2.2332
19:41:54,2.2332
19:41:55,2.232
19:41:56,2.232
19:41:57,2.2332
19:41:58,2.2295
19:41:59,1.9866
19:42:00,2.1245
19:42:01,2.1429
19:42:02,2.1587
19:42:03,2.1783
19:42:04,1.5788
19:42:05,1.5946
19:42:06,2.2186
19:42:07,2.2259
19:42:08,2.2222
19:42:09,2.2234
19:42:10,2.2247
19:42:11,2.221
19:42:12,2.2247
19:42:13,2.2198
19:42:14,2.2198
19:42:15,2.2247
19:42:16,2.2198
19:42:17,2.2186
19:42:18,2.2198
19:42:19,2.2173
19:42:20,2.2173
19:42:21,2.2198
19:42:22,2.2173
19:42:23,2.2173
19:42:24,2.2161
19:42:25,2.2173
19:42:26,2.2137
19:42:27,2.2149
19:42:28,2.2161
19:42:29,2.2112
19:42:30,2.2125
19:42:31,2.2149
19:42:33,2.2149
19:42:34,2.2112
19:42:35,2.2088
19:42:36,2.2125
19:42:37,2.2125
19:42:38,2.2088
19:42:39,2.2112
19:42:40,2.2125
19:42:41,2.2088
19:42:42,2.2088
19:42:43,2.2076
19:42:44,2.2076
19:42:45,2.2063
19:42:46,2.2051
19:42:47,2.2076
19:42:48,2.2076
19:42:49,2.2027
19:42:50,2.2051
19:42:51,2.2063
19:42:52,2.2051
19:42:53,2.2027
19:42:54,2.2027
19:42:55,2.2063
19:42:56,2.2039
19:42:57,2.2027
19:42:58,2.2027
19:42:59,2.2002
19:43:00,2.2002
19:43:01,2.2002
19:43:02,2.2027
19:43:03,2.2002
19:43:04,2.199
19:43:05,2.2002
19:43:06,2.199
19:43:07,2.2002
19:43:08,2.1978
19:43:09,2.1978
19:43:10,2.1978
19:43:11,2.1978
19:43:12,2.1954
19:43:13,2.1978
19:43:14,2.1978
19:43:15,2.1978
19:43:16,2.1929
19:43:17,2.1917
19:43:18,2.1966
19:43:19,2.1941
19:43:20,2.1941
19:43:21,2.1929
19:43:22,2.1954
19:43:23,2.1905
19:43:24,2.1929
19:43:25,2.1929
19:43:26,2.1917
19:43:27,2.1893
19:43:28,2.1917
19:43:29,2.1929
19:43:30,2.1917
19:43:31,2.1893
19:43:32,2.1905
19:43:33,2.188
19:43:34,2.188
19:43:35,2.1868
19:43:36,2.188
19:43:38,2.188
19:43:39,2.1856
19:43:40,2.1856
19:43:41,2.188
19:43:42,2.1844
19:43:43,2.1856
19:43:44,2.1868
19:43:45,2.1856
19:43:46,2.1832
19:43:47,2.1856
19:43:48,2.1844
19:43:49,2.1832
19:43:50,2.1832
19:43:51,2.1795
19:43:52,2.1832
19:43:53,2.1795
19:43:54,2.1819
19:43:55,2.1783
19:43:56,2.1795
19:43:57,2.177
19:43:58,2.1807
19:43:59,2.1807
19:44:00,2.1783
19:44:01,2.177
19:44:02,2.1758
19:44:03,2.1783
19:44:04,2.177
19:44:05,2.1795
19:44:06,2.1783
19:44:07,2.1746
19:44:08,2.1758
19:44:09,2.177
19:44:10,2.1734
19:44:11,2.1734
19:44:12,2.1758
19:44:13,2.1734
19:44:14,2.1722
19:44:15,2.1734
19:44:16,2.1709
19:44:17,2.1734
19:44:18,2.1709
19:44:19,2.1709
19:44:20,2.1697
19:44:21,2.1697
19:44:22,2.1709
19:44:23,2.1673
19:44:24,2.1673
19:44:25,2.1685
19:44:26,2.1673
19:44:27,2.1685
19:44:28,2.1648
19:44:29,2.1661
19:44:30,2.1673
19:44:31,2.1648
19:44:32,2.1661
19:44:33,2.1661
19:44:34,2.1636
19:44:35,2.16
19:44:36,2.1624
19:44:37,2.1636
19:44:38,2.1624
19:44:39,2.1612
19:44:40,2.1636
19:44:42,2.1612
19:44:43,2.1612
19:44:44,2.1612
19:44:45,2.1612
19:44:46,2.1612
19:44:47,2.1587
19:44:48,2.1612
19:44:49,2.1587
19:44:50,2.1587
19:44:51,2.1563
19:44:52,2.1587
19:44:53,2.1551
19:44:54,2.1538
19:44:55,2.1551
19:44:56,2.1563
19:44:57,2.1563
19:44:58,2.1538
19:44:59,2.1538
19:45:00,2.1538
19:45:01,2.1538
19:45:02,2.1538
19:45:03,2.1514
19:45:04,2.1526
19:45:05,2.1514
19:45:06,2.1514
19:45:07,2.1502
19:45:08,2.1538
19:45:09,2.149
19:45:10,2.1465
19:45:11,2.1502
19:45:12,2.1514
19:45:13,2.1477
19:45:14,2.149
19:45:15,2.1477
19:45:16,2.149
19:45:17,2.1465
19:45:18,2.1465
19:45:19,2.1477
19:45:20,2.1477
19:45:21,2.1441
19:45:22,2.1453
19:45:23,2.1441
19:45:24,2.1453
19:45:25,2.1441
19:45:26,2.1429
19:45:27,2.1441
19:45:28,2.1429
19:45:29,2.1441
19:45:30,2.1429
19:45:31,2.1404
19:45:32,2.1416
19:45:33,2.1429
19:45:34,2.1404
19:45:35,2.1404
19:45:36,2.1404
19:45:37,2.1392
19:45:38,2.1392
19:45:39,2.1416
19:45:40,2.1368
19:45:41,2.1392
19:45:42,2.138
19:45:43,2.138
19:45:45,2.1343
19:45:46,2.1355
19:45:47,2.1368
19:45:48,2.138
19:45:49,2.1343
19:45:50,2.1343
19:45:51,2.1343
19:45:52,2.1355
19:45:53,2.1331
19:45:54,2.1343
19:45:55,2.1331
19:45:56,2.1306
19:45:57,2.1331
19:45:58,2.1319
19:45:59,2.1319
19:46:00,2.1306
19:46:01,2.1319
19:46:02,2.1294
19:46:03,2.1294
19:46:04,2.1319
19:46:05,2.1282
19:46:06,2.1282
19:46:07,2.1294
19:46:08,2.127
19:46:09,2.127
19:46:10,2.1245
19:46:11,2.1245
19:46:12,2.1258
19:46:13,2.1245
19:46:14,2.1245
19:46:15,2.1245
19:46:16,2.1233
19:46:17,2.1233
19:46:18,2.1233
19:46:19,2.1197
19:46:20,2.1221
19:46:21,2.1209
19:46:22,2.1184
19:46:23,2.1197
19:46:24,2.1209
19:46:25,2.1184
19:46:26,2.1184
19:46:27,2.116
19:46:28,2.1184
19:46:29,2.1148
19:46:30,2.116
19:46:31,2.1184
19:46:32,2.116
19:46:33,2.1123
19:46:34,2.1148
19:46:35,2.1148
19:46:36,2.1148
19:46:37,2.1111
19:46:38,2.1111
19:46:39,2.1148
19:46:40,2.1099
19:46:41,2.1123
19:46:42,2.1099
19:46:43,2.1111
19:46:44,2.1087
19:46:45,2.1099
19:46:47,2.1074
19:46:48,2.1074
19:46:49,2.1074
19:46:50,2.1062
19:46:51,2.1062
19:46:52,2.1062
19:46:53,2.1074
19:46:54,2.1026
19:46:55,2.1026
19:46:56,2.1038
19:46:57,2.105
19:46:58,2.1026
19:46:59,2.1026
19:47:00,2.1001
19:47:01,2.1026
19:47:02,2.1026
19:47:03,2.1001
19:47:04,2.1013
19:47:05,2.0989
19:47:06,2.1001
19:47:07,2.0989
19:47:08,2.1013
19:47:09,2.0977
19:47:10,2.0977
19:47:11,2.0989
19:47:12,2.0952
19:47:13,2.0977
19:47:14,2.0965
19:47:15,2.0952
19:47:16,2.0952
19:47:17,2.0952
19:47:18,2.0928
19:47:19,2.094
19:47:20,2.0928
19:47:21,2.094
19:47:22,2.0904
19:47:23,2.0916
19:47:24,2.0891
19:47:25,2.0904
19:47:26,2.0891
19:47:27,2.0916
19:47:28,2.0879
19:47:29,2.0879
19:47:30,2.0879
19:47:31,2.0904
19:47:32,2.0879
19:47:33,2.0867
19:47:34,2.0855
19:47:35,2.0855
19:47:36,2.0855
19:47:37,2.0867
19:47:38,2.0842
19:47:39,2.0818
19:47:40,2.083
19:47:41,2.083
19:47:42,2.0818
19:47:43,2.0781
19:47:44,2.0794
19:47:45,2.0794
19:47:46,2.0806
19:47:47,2.0806
19:47:48,2.0806
19:47:49,2.0794
19:47:51,2.0794
19:47:52,2.0757
19:47:53,2.0757
19:47:54,2.0745
19:47:55,2.0757
19:47:56,2.0745
19:47:57,2.0745
19:47:58,2.0757
19:47:59,2.0745
19:48:00,2.0745
19:48:01,2.0733
19:48:02,2.0733
19:48:03,2.0708
19:48:04,2.0708
19:48:05,2.0708
19:48:06,2.0708
19:48:07,2.0708
19:48:08,2.0684
19:48:09,2.0696
19:48:10,2.0684
19:48:11,2.0684
19:48:12,2.0684
19:48:13,2.0659
19:48:14,2.0659
19:48:15,2.0659
19:48:16,2.0659
19:48:17,2.0659
19:48:18,2.0635
19:48:19,2.0635
19:48:20,2.0623
19:48:21,2.0623
19:48:22,2.0611
19:48:23,2.0611
19:48:24,2.0623
19:48:25,2.0623
19:48:26,2.0623
19:48:27,2.0623
19:48:28,2.0598
19:48:29,2.0611
19:48:30,2.0598
19:48:31,2.0598
19:48:32,2.0586
19:48:33,2.0586
19:48:34,2.0549
19:48:35,2.0586
19:48:36,2.0562
19:48:37,2.0549
19:48:38,2.0562
19:48:39,2.0549
19:48:40,2.0537
19:48:41,2.0525
19:48:42,2.0537
19:48:43,2.0549
19:48:44,2.0525
19:48:45,2.0549
19:48:46,2.0525
19:48:47,2.0525
19:48:48,2.0513
19:48:49,2.0501
19:48:50,2.0488
19:48:51,2.0501
19:48:52,2.0501
19:48:54,2.0488
19:48:55,2.0488
19:48:56,2.0488
19:48:57,2.0452
19:48:58,2.0476
19:48:59,2.044
19:49:00,2.0464
19:49:01,2.044
19:49:02,2.0464
19:49:03,2.0427
19:49:04,2.0452
19:49:05,2.0427
19:49:06,2.0427
19:49:07,2.0391
19:49:08,2.0427
19:49:09,2.0415
19:49:10,2.0415
19:49:11,2.0415
19:49:12,2.0391
19:49:13,2.0379
19:49:14,2.0415
19:49:15,2.0391
19:49:16,2.0391
19:49:17,2.0366
19:49:18,2.0354
19:49:19,2.0342
19:49:20,2.0366
19:49:21,2.0366
19:49:22,2.033
19:49:23,2.0354
19:49:24,2.0354
19:49:25,2.0354
19:49:26,2.0317
19:49:27,2.0317
19:49:28,2.0305
19:49:29,2.033
19:49:30,2.0317
19:49:31,2.0305
19:49:32,2.0317
19:49:33,2.0269
19:49:34,2.0281
19:49:35,2.0293
19:49:36,2.0269
19:49:37,2.0269
19:49:38,2.0269
19:49:39,2.0269
19:49:40,2.0256
19:49:41,2.0256
19:49:42,2.0244
19:49:43,2.0232
19:49:44,2.0232
19:49:45,2.0232
19:49:46,2.0232
19:49:47,2.022
19:49:48,2.022
19:49:49,2.0195
19:49:50,2.0195
19:49:51,2.0183
19:49:52,2.0195
19:49:53,2.0171
19:49:54,2.0183
19:49:55,2.0171
19:49:56,2.0171
19:49:58,2.0183
19:49:59,2.0171
19:50:00,2.0147
19:50:01,2.0159
19:50:02,2.0147
19:50:03,2.0147
19:50:04,2.0134
19:50:05,2.0122
19:50:06,2.0122
19:50:07,2.0098
19:50:08,2.0122
19:50:09,2.0122
19:50:10,2.0061
19:50:11,2.0085
19:50:12,2.0073
19:50:13,2.0085
19:50:14,2.0085
19:50:15,2.0073
19:50:16,2.0073
19:50:17,2.0061
19:50:18,2.0073
19:50:19,2.0049
19:50:20,2.0037
19:50:21,2.0037
19:50:22,2.0037
19:50:23,2.0024
19:50:24,2.0012
19:50:25,2.0012
19:50:26,2.0
19:50:27,2.0012
19:50:28,2.0
19:50:29,2.0
19:50:30,2.0
19:50:31,1.9963
19:50:32,1.9963
19:50:33,1.9976
19:50:34,1.9951
19:50:35,1.9951
19:50:36,1.9939
19:50:37,1.9939
19:50:38,1.9927
19:50:39,1.9927
19:50:40,1.9915
19:50:41,1.989
19:50:42,1.9915
19:50:43,1.9878
19:50:44,1.989
19:50:45,1.9902
19:50:46,1.989
19:50:47,1.9878
19:50:48,1.9853
19:50:49,1.9853
19:50:50,1.9866
19:50:51,1.9841
19:50:52,1.9841
19:50:53,1.9841
19:50:54,1.9829
19:50:55,1.9829
19:50:56,1.9829
19:50:57,1.978
19:50:58,1.9817
19:50:59,1.978
19:51:00,1.9768
19:51:02,1.9792
19:51:03,1.9756
19:51:04,1.9756
19:51:05,1.9768
19:51:06,1.9756
19:51:07,1.9744
19:51:08,1.9744
19:51:09,1.9719
19:51:10,1.9719
19:51:11,1.9719
19:51:12,1.9707
19:51:13,1.9707
19:51:14,1.9695
19:51:15,1.9683
19:51:16,1.9658
19:51:17,1.967
19:51:18,1.9683
19:51:19,1.9646
19:51:20,1.967
19:51:21,1.9634
19:51:22,1.9646
19:51:23,1.9621
19:51:24,1.9621
19:51:25,1.9621
19:51:26,1.9609
19:51:27,1.9609
19:51:28,1.956
19:51:29,1.9585
19:51:30,1.956
19:51:31,1.9573
19:51:32,1.9548
19:51:33,1.9548
19:51:34,1.956
19:51:35,1.956
19:51:36,1.956
19:51:37,1.9512
19:51:38,1.9499
19:51:39,1.9512
19:51:40,1.9499
19:51:41,1.9536
19:51:42,1.9487
19:51:43,1.9451
19:51:44,1.9487
19:51:45,1.9451
19:51:46,1.9487
19:51:47,1.9438
19:51:48,1.9438
19:51:49,1.9451
19:51:50,1.9426
19:51:51,1.9426
19:51:52,1.9426
19:51:53,1.9389
19:51:54,1.9389
19:51:55,1.9389
19:51:56,1.9389
19:51:57,1.9365
19:51:58,1.9365
19:51:59,1.9341
19:52:00,1.9365
19:52:01,1.9328
19:52:03,1.9328
19:52:04,1.9341
19:52:05,1.9292
19:52:06,1.9316
19:52:07,1.9292
19:52:08,1.9316
19:52:09,1.9292
19:52:10,1.928
19:52:11,1.928
19:52:12,1.9243
19:52:13,1.9243
19:52:14,1.9255
19:52:15,1.9206
19:52:16,1.9219
19:52:17,1.9219
19:52:18,1.9194
19:52:19,1.9219
19:52:20,1.9194
19:52:21,1.9194
19:52:22,1.9182
19:52:23,1.917
19:52:24,1.9158
19:52:25,1.9158
19:52:26,1.9158
19:52:27,1.9145
19:52:28,1.9133
19:52:29,1.9133
19:52:30,1.9109
19:52:31,1.9121
19:52:32,1.9109
19:52:33,1.9084
19:52:34,1.9084
19:52:35,1.9084
19:52:36,1.9072
19:52:37,1.9035
19:52:38,1.906
19:52:39,1.9035
19:52:40,1.9048
19:52:41,1.9023
19:52:42,1.9011
19:52:43,1.9023
19:52:44,1.8999
19:52:45,1.8999
19:52:46,1.9011
19:52:47,1.8974
19:52:48,1.8974
19:52:49,1.8962
19:52:50,1.895
19:52:51,1.8938
19:52:52,1.895
19:52:53,1.8926
19:52:54,1.8926
19:52:55,1.8926
19:52:56,1.8889
19:52:57,1.8889
19:52:58,1.8889
19:52:59,1.8877
19:53:00,1.8852
19:53:01,1.8864
19:53:02,1.8864
19:53:03,1.884
19:53:04,1.884
19:53:06,1.884
19:53:07,1.8803
19:53:08,1.8803
19:53:09,1.8791
19:53:10,1.8816
19:53:11,1.8779
19:53:12,1.8779
19:53:13,1.8779
19:53:14,1.8779
19:53:15,1.8755
19:53:16,1.8755
19:53:17,1.873
19:53:18,1.8681
19:53:19,1.8706
19:53:20,1.8706
19:53:21,1.8706
19:53:22,1.8669
19:53:23,1.8681
19:53:24,1.8657
19:53:25,1.8657
19:53:26,1.862
19:53:27,1.8632
19:53:28,1.8608
19:53:29,1.8632
19:53:30,1.8608
19:53:31,1.8571
19:53:32,1.8584
19:53:33,1.8571
19:53:34,1.8584
19:53:35,1.8559
19:53:36,1.8559
19:53:37,1.8535
19:53:38,1.8535
19:53:39,1.8498
19:53:40,1.8498
19:53:41,1.851
19:53:42,1.8474
19:53:43,1.8474
19:53:44,1.8462
19:53:45,1.8462
19:53:46,1.8449
19:53:47,1.8425
19:53:48,1.8425
19:53:49,1.8425
19:53:50,1.8388
19:53:51,1.84
19:53:52,1.8388
19:53:53,1.8376
19:53:54,1.8364
19:53:55,1.8364
19:53:56,1.8339
19:53:57,1.8364
19:53:58,1.8327
19:53:59,1.8315
19:54:00,1.8303
19:54:01,1.8315
19:54:02,1.8278
19:54:03,1.8291
19:54:04,1.8254
19:54:05,1.8266
19:54:06,1.823
19:54:08,1.8242
19:54:09,1.823
19:54:10,1.8217
19:54:11,1.8193
19:54:12,1.8193
19:54:13,1.8205
19:54:14,1.8181
19:54:15,1.8168
19:54:16,1.8156
19:54:17,1.8156
19:54:18,1.812
19:54:19,1.812
19:54:20,1.8144
19:54:21,1.8095
19:54:22,1.8107
19:54:23,1.8083
19:54:24,1.8095
19:54:25,1.8071
19:54:26,1.8071
19:54:27,1.8071
19:54:28,1.8046
19:54:29,1.8022
19:54:30,1.801
19:54:31,1.8022
19:54:32,1.7998
19:54:33,1.7985
19:54:34,1.7985
19:54:35,1.7973
19:54:36,1.7949
19:54:37,1.7937
19:54:38,1.7949
19:54:39,1.7924
19:54:40,1.7912
19:54:41,1.79
19:54:42,1.79
19:54:43,1.7875
19:54:44,1.7851
19:54:45,1.7875
19:54:46,1.7839
19:54:47,1.7839
19:54:48,1.7827
19:54:49,1.7827
19:54:50,1.7814
19:54:51,1.7778
19:54:52,1.779
19:54:53,1.779
19:54:54,1.7766
19:54:55,1.7741
19:54:56,1.7753
19:54:57,1.7729
19:54:58,1.7729
19:54:59,1.7705
19:55:00,1.7692
19:55:01,1.7705
19:55:02,1.7692
19:55:03,1.768
19:55:04,1.7631
19:55:05,1.7631
19:55:06,1.7631
19:55:07,1.7631
19:55:08,1.7607
19:55:09,1.7607
19:55:11,1.7582
19:55:12,1.7595
19:55:13,1.7582
19:55:14,1.7534
19:55:15,1.7546
19:55:16,1.7534
19:55:17,1.7509
19:55:18,1.7521
19:55:19,1.7485
19:55:20,1.7473
19:55:21,1.746
19:55:22,1.7485
19:55:23,1.746
19:55:24,1.7411
19:55:25,1.7424
19:55:26,1.7411
19:55:27,1.7411
19:55:28,1.7387
19:55:29,1.7399
19:55:30,1.7375
19:55:31,1.7375
19:55:32,1.7363
19:55:33,1.7338
19:55:34,1.7314
19:55:35,1.7326
19:55:36,1.7277
19:55:37,1.7289
19:55:38,1.7277
19:55:39,1.7265
19:55:40,1.7253
19:55:41,1.7253
19:55:42,1.7241
19:55:43,1.7241
19:55:44,1.7192
19:55:45,1.7204
19:55:46,1.7179
19:55:47,1.7167
19:55:48,1.7167
19:55:49,1.7167
19:55:50,1.7143
19:55:51,1.7106
19:55:52,1.7118
19:55:53,1.7094
19:55:54,1.7094
19:55:55,1.707
19:55:56,1.7057
19:55:57,1.7045
19:55:58,1.7045
19:55:59,1.7021
19:56:00,1.7033
19:56:01,1.6996
19:56:02,1.6996
19:56:03,1.6984
19:56:04,1.6984
19:56:05,1.6947
19:56:06,1.6947
19:56:07,1.6923
19:56:08,1.6923
19:56:09,1.6899
19:56:10,1.6911
19:56:11,1.6862
19:56:13,1.6862
19:56:14,1.6874
19:56:15,1.685
19:56:16,1.685
19:56:17,1.6813
19:56:18,1.6813
19:56:19,1.6801
19:56:20,1.6801
19:56:21,1.6777
19:56:22,1.6764
19:56:23,1.6728
19:56:24,1.674
19:56:25,1.6703
19:56:26,1.6716
19:56:27,1.6703
19:56:28,1.6691
19:56:29,1.6679
19:56:30,1.6667
19:56:31,1.6654
19:56:32,1.663
19:56:33,1.6618
19:56:34,1.6618
19:56:35,1.6606
19:56:36,1.6593
19:56:37,1.6581
19:56:38,1.6557
19:56:39,1.6545
19:56:40,1.6508
19:56:41,1.6508
19:56:42,1.6496
19:56:43,1.6496
19:56:44,1.6484
19:56:45,1.6471
19:56:46,1.6447
19:56:47,1.6459
19:56:48,1.641
19:56:49,1.6398
19:56:50,1.6398
19:56:51,1.6386
19:56:52,1.6374
19:56:53,1.6337
19:56:54,1.6337
19:56:55,1.6313
19:56:56,1.6325
19:56:57,1.63
19:56:58,1.6313
19:56:59,1.6264
19:57:00,1.6264
19:57:01,1.6252
19:57:02,1.6239
19:57:03,1.6239
19:57:04,1.6227
19:57:05,1.619
19:57:06,1.6166
19:57:07,1.6166
19:57:08,1.6166
19:57:09,1.6166
19:57:10,1.6142
19:57:11,1.6093
19:57:12,1.6081
19:57:13,1.6093
19:57:15,1.6068
19:57:16,1.6068
19:57:17,1.6068
19:57:18,1.6032
19:57:19,1.602
19:57:20,1.602
19:57:21,1.6007
19:57:22,1.5995
19:57:23,1.5971
19:57:24,1.5958
19:57:25,1.5946
19:57:26,1.5934
19:57:27,1.591
19:57:28,1.591
19:57:29,1.5922
19:57:30,1.5897
19:57:31,1.5873
19:57:32,1.5873
19:57:33,1.5849
19:57:34,1.5836
19:57:35,1.5824
19:57:36,1.5824
19:57:37,1.5812
19:57:38,1.58
19:57:39,1.5763
19:57:40,1.5751
19:57:41,1.5751
19:57:42,1.5726
19:57:43,1.5726
19:57:44,1.5702
19:57:45,1.5702
19:57:46,1.5678
19:57:47,1.5665
19:57:48,1.5641
19:57:49,1.5629
19:57:50,1.5629
19:57:51,1.5617
19:57:52,1.5604
19:57:53,1.558
19:57:54,1.5568
19:57:55,1.5568
19:57:56,1.5531
19:57:57,1.5531
19:57:58,1.5519
19:57:59,1.5519
19:58:00,1.5507
19:58:01,1.5495
19:58:02,1.5482
19:58:03,1.547
19:58:04,1.5446
19:58:05,1.5421
19:58:06,1.5433
19:58:07,1.5421
19:58:08,1.5397
19:58:09,1.5372
19:58:10,1.536
19:58:11,1.5348
19:58:12,1.5336
19:58:13,1.5299
19:58:14,1.5311
19:58:15,1.5311
19:58:16,1.5287
19:58:18,1.5287
19:58:19,1.5275
19:58:20,1.525
19:58:21,1.525
19:58:22,1.5226
19:58:23,1.5214
19:58:24,1.5201
19:58:25,1.5201
19:58:26,1.5153
19:58:27,1.5165
19:58:28,0.9744
19:58:29,1.514
19:58:30,1.5128
19:58:31,1.5128
19:58:32,1.5104
19:58:33,1.5104
19:58:34,1.5067
19:58:35,1.5055
19:58:36,1.5043
19:58:37,1.5018
19:58:38,1.5031
19:58:39,0.9487
19:58:40,0.9243
19:58:41,1.4994
19:58:42,1.4982
19:58:43,1.4957
19:58:44,0.9158
19:58:45,1.4908
19:58:46,1.4908
19:58:47,1.4908
19:58:48,1.4884
19:58:49,1.4872
19:58:50,1.486
19:58:51,0.8547
19:58:52,1.4847
19:58:53,1.4823
19:58:54,1.4811
19:58:55,1.4823
19:58:56,1.4799
19:58:57,1.4799
19:58:58,1.4774
19:58:59,1.475
19:59:00,1.4725
19:59:01,1.4725
19:59:02,1.4725
19:59:03,1.4701
19:59:04,1.4676
19:59:05,1.4689
19:59:06,0.851
19:59:07,0.9548
19:59:08,1.464
19:59:09,1.4628
19:59:10,1.4615
19:59:11,1.4591
19:59:12,1.4603
19:59:13,1.4603
19:59:14,1.4567
19:59:15,0.9621
19:59:16,0.884
19:59:17,0.8083
19:59:18,1.4518
19:59:20,1.4505
19:59:21,1.4469
19:59:22,1.4469
19:59:23,1.4481
19:59:24,1.4481
19:59:25,1.4457
19:59:26,1.4432
19:59:27,1.4408
19:59:28,0.9267
19:59:29,1.4396
19:59:30,1.4408
19:59:31,1.4371
19:59:32,1.4347
19:59:33,0.8523
19:59:34,0.8584
19:59:35,1.4335
19:59:36,1.431
19:59:37,1.4298
19:59:38,1.4286
19:59:39,1.4261
19:59:40,0.9536
19:59:41,0.8999
19:59:42,1.4249
19:59:43,1.4212
19:59:44,1.4212
19:59:45,1.4188
19:59:46,1.4164
19:59:47,0.9426
19:59:48,1.4188
19:59:49,1.4176
19:59:50,1.4151
19:59:51,1.4127
19:59:52,0.9853
19:59:53,1.4103
19:59:54,1.4078
19:59:55,1.409
19:59:56,1.4066
19:59:57,1.4078
19:59:58,1.4066
19:59:59,1.4054
20:00:00,1.4017
20:00:01,1.3993
20:00:02,0.7766
20:00:03,1.4017
20:00:04,1.4005
20:00:05,1.3968
20:00:06,1.3956
20:00:07,1.3919
20:00:08,1.3932
20:00:09,1.3944
20:00:10,1.3907
20:00:11,0.8193
20:00:12,1.3871
20:00:13,1.3871
20:00:14,1.3871
20:00:15,1.3858
20:00:16,1.3822
20:00:17,1.3834
20:00:18,1.3822
20:00:19,1.3797
20:00:21,1.3797
20:00:22,0.8535
20:00:23,1.3773
20:00:24,1.3748
20:00:25,1.3748
20:00:26,1.3736
20:00:27,1.3736
20:00:28,1.3712
20:00:29,1.3675
20:00:30,1.3687
20:00:31,1.3687
20:00:32,1.3663
20:00:33,1.3639
20:00:34,1.3651
20:00:35,1.3639
20:00:36,1.3614
20:00:37,1.3614
20:00:38,1.3614
20:00:39,1.3602
20:00:40,1.3578
20:00:41,1.3565
20:00:42,1.3565
20:00:43,1.3553
20:00:44,1.3529
20:00:45,1.3492
20:00:46,1.3529
20:00:47,1.3516
20:00:48,1.348
20:00:49,1.348
20:00:50,1.3455
20:00:51,1.3455
20:00:52,1.3431
20:00:53,1.3431
20:00:54,1.3419
20:00:55,1.3394
20:00:56,1.3382
20:00:57,1.3394
20:00:58,1.3382
20:00:59,1.3346
20:01:00,1.3346
20:01:01,1.3333
20:01:02,1.3309
20:01:03,1.3309
20:01:04,1.3297
20:01:05,1.3297
20:01:06,1.3272
20:01:07,1.326
20:01:08,1.3248
20:01:09,1.3236
20:01:10,1.3236
20:01:11,1.3199
20:01:12,1.3211
20:01:13,1.3187
20:01:14,1.3175
20:01:15,1.315
20:01:16,1.3175
20:01:17,1.3162
20:01:18,1.315
20:01:19,1.3101
20:01:20,1.3126
20:01:21,1.3101
20:01:22,1.3089
20:01:24,1.3065
20:01:25,1.3089
20:01:26,1.3065
20:01:27,1.304
20:01:28,1.304
20:01:29,1.3016
20:01:30,1.3016
20:01:31,1.3004
20:01:32,1.2991
20:01:33,1.2955
20:01:34,1.2955
20:01:35,1.2943
20:01:36,1.2943
20:01:37,1.293
20:01:38,1.2918
20:01:39,1.2894
20:01:40,1.2894
20:01:41,1.2894
20:01:42,1.2882
20:01:43,1.2857
20:01:44,1.2845
20:01:45,1.2845
20:01:46,1.2821
20:01:47,1.2808
20:01:48,1.2808
20:01:49,1.2784
20:01:50,1.2759
20:01:51,1.2747
20:01:52,1.2747
20:01:53,1.2747
20:01:54,1.2723
20:01:55,1.2723
20:01:56,1.2686
20:01:57,1.2711
20:01:58,1.2686
20:01:59,1.2662
20:02:00,1.265
20:02:01,1.265
20:02:02,1.2625
20:02:03,1.2601
20:02:04,1.2601
20:02:05,1.2601
20:02:06,1.2589
20:02:07,1.2552
20:02:08,1.2564
20:02:09,1.1966
20:02:10,1.2039
20:02:11,1.2088
20:02:12,1.2149
20:02:13,1.2186
20:02:14,0.6105
20:02:15,0.6093
20:02:16,0.6398
20:02:17,0.6337
20:02:18,1.2503
20:02:19,1.2527
20:02:20,1.2515
20:02:21,1.2479
20:02:22,1.2466
20:02:23,1.2442
20:02:24,1.2466
20:02:26,1.2442
20:02:27,1.2405
20:02:28,1.2418
20:02:29,1.2405
20:02:30,1.2381
20:02:31,1.2369
20:02:32,1.2357
20:02:33,1.2357
20:02:34,1.2344
20:02:35,1.2308
20:02:36,1.232
20:02:37,1.2308
20:02:38,1.2283
20:02:39,1.2259
20:02:40,1.2271
20:02:41,1.2247
20:02:42,1.2234
20:02:43,1.221
20:02:44,1.221
20:02:45,1.2198
20:02:46,1.2173
20:02:47,1.2149
20:02:48,1.2137
20:02:49,1.2149
20:02:50,1.2137
20:02:51,1.2112
20:02:52,1.2088
20:02:53,1.2088
20:02:54,1.2088
20:02:55,1.2051
20:02:56,1.2039
20:02:57,1.2051
20:02:58,1.2039
20:02:59,1.2015
20:03:00,1.2002
20:03:01,1.199
20:03:02,1.1978
20:03:03,1.1966
20:03:04,1.1929
20:03:05,1.1917
20:03:06,1.1905
20:03:07,1.1917
20:03:08,1.1893
20:03:09,1.1868
20:03:10,1.1856
20:03:11,1.1844
20:03:12,1.1844
20:03:13,1.1832
20:03:14,1.1819
20:03:15,1.1795
20:03:16,1.1783
20:03:17,1.1758
20:03:18,1.1758
20:03:19,1.1746
20:03:20,1.1734
20:03:21,1.1722
20:03:22,1.1709
20:03:23,1.1673
20:03:24,1.1673
20:03:25,1.1673
20:03:26,1.1636
20:03:28,1.1624
20:03:29,1.1612
20:03:30,1.1624
20:03:31,1.1612
20:03:32,1.1575
20:03:33,1.1563
20:03:34,1.1551
20:03:35,1.1551
20:03:36,1.1526
20:03:37,1.1502
20:03:38,1.1477
20:03:39,1.1502
20:03:40,1.1465
20:03:41,1.1453
20:03:42,1.1429
20:03:43,1.1429
20:03:44,1.1429
20:03:45,1.138
20:03:46,1.138
20:03:47,1.1368
20:03:48,1.1368
20:03:49,1.1355
20:03:50,1.1331
20:03:51,1.1306
20:03:52,1.1294
20:03:53,1.1294
20:03:54,1.1294
20:03:55,1.1258
20:03:56,1.1245
20:03:57,1.1233
20:03:58,1.1221
20:03:59,1.1209
20:04:00,1.1184
20:04:01,1.1184
20:04:02,1.1172
20:04:03,1.1148
20:04:04,1.1123
20:04:05,1.1123
20:04:06,1.1111
20:04:07,1.1111
20:04:08,1.1074
20:04:09,1.1074
20:04:10,1.105
20:04:11,1.1038
20:04:12,1.1013
20:04:13,1.1013
20:04:14,1.0989
20:04:15,1.0977
20:04:16,1.0977
20:04:17,1.094
20:04:18,1.094
20:04:19,1.0916
20:04:20,1.094
20:04:21,1.0904
20:04:22,1.0867
20:04:23,1.0879
20:04:24,1.0842
20:04:25,1.0842
20:04:26,1.083
20:04:27,1.0818
20:04:28,1.0806
20:04:30,1.0781
20:04:31,1.0769
20:04:32,1.0757
20:04:33,1.0745
20:04:34,1.0733
20:04:35,1.0708
20:04:36,1.0696
20:04:37,1.0708
20:04:38,1.0672
20:04:39,1.0647
20:04:40,1.0647
20:04:41,1.0647
20:04:42,1.0623
20:04:43,1.0611
20:04:44,1.0586
20:04:45,1.0562
20:04:46,1.0562
20:04:47,1.0562
20:04:48,1.0549
20:04:49,1.0525
20:04:50,1.0501
20:04:51,1.0488
20:04:52,1.0501
20:04:53,1.0476
20:04:54,1.0452
20:04:55,1.0452
20:04:56,1.0415
20:04:57,1.0403
20:04:58,1.0415
20:04:59,1.0379
20:05:00,1.0379
20:05:01,1.0354
20:05:02,1.0354
20:05:03,1.033
20:05:04,1.0305
20:05:05,1.0293
20:05:06,1.0305
20:05:07,1.0281
20:05:08,1.0256
20:05:09,1.0244
20:05:10,1.0232
20:05:11,1.0232
20:05:12,1.0208
20:05:13,1.0195
20:05:14,1.0183
20:05:15,1.0171
20:05:16,1.0171
20:05:17,1.0147
20:05:18,1.0122
20:05:19,1.011
20:05:20,1.011
20:05:21,1.0098
20:05:22,1.0073
20:05:23,1.0061
20:05:24,1.0049
20:05:25,1.0024
20:05:26,1.0024
20:05:27,0.9988
20:05:28,0.9988
20:05:29,0.9988
20:05:30,0.9976
20:05:32,0.9939
20:05:33,0.9939
20:05:34,0.9927
20:05:35,0.9915
20:05:36,0.9902
20:05:37,0.989
20:05:38,0.989
20:05:39,0.9866
20:05:40,0.9853
20:05:41,0.9829
20:05:42,0.9805
20:05:43,0.9805
20:05:44,0.978
20:05:45,0.9768
20:05:46,0.9756
20:05:47,0.9744
20:05:48,0.9731
20:05:49,0.9719
20:05:50,0.9707
20:05:51,0.9683
20:05:52,0.967
20:05:53,0.9658
20:05:54,0.9658
20:05:55,0.9634
20:05:56,0.9621
20:05:57,0.9609
20:05:58,0.9597
20:05:59,0.9573
20:06:00,0.9573
20:06:01,0.956
20:06:02,0.9536
20:06:03,0.9536
20:06:04,0.9524
20:06:05,0.9512
20:06:06,0.9487
20:06:07,0.9475
20:06:08,0.9475
20:06:09,0.9451
20:06:10,0.9438
20:06:11,0.9426
20:06:12,0.9414
20:06:13,0.9402
20:06:14,0.9377
20:06:15,0.9377
20:06:16,0.9365
20:06:17,0.9353
20:06:18,0.9328
20:06:19,0.9328
20:06:20,0.9304
20:06:21,0.9292
20:06:22,0.928
20:06:23,0.9255
20:06:24,0.9255
20:06:25,0.9243
20:06:26,0.9219
20:06:27,0.9206
20:06:28,0.9194
20:06:29,0.9182
20:06:30,0.9182
20:06:31,0.917
20:06:32,0.9158
20:06:34,0.9133
20:06:35,0.9109
20:06:36,0.9133
20:06:37,0.9109
20:06:38,0.9084
20:06:39,0.9072
20:06:40,0.9048
20:06:41,0.9048
20:06:42,0.9035
20:06:43,0.9011
20:06:44,0.9011
20:06:45,0.9011
20:06:46,0.8987
20:06:47,0.8962
20:06:48,0.8962
20:06:49,0.895
20:06:50,0.8926
20:06:51,0.8926
20:06:52,0.8913
20:06:53,0.8889
20:06:54,0.8877
20:06:55,0.8864
20:06:56,0.8852
20:06:57,0.884
20:06:58,0.884
20:06:59,0.8816
20:07:00,0.8803
20:07:01,0.8779
20:07:02,0.8791
20:07:03,0.8767
20:07:04,0.8755
20:07:05,0.8742
20:07:06,0.873
20:07:07,0.8718
20:07:08,0.8718
20:07:09,0.8706
20:07:10,0.8694
20:07:11,0.8681
20:07:12,0.8657
20:07:13,0.8645
20:07:14,0.8645
20:07:15,0.8645
20:07:16,0.862
20:07:17,0.8608
20:07:18,0.8596
20:07:19,0.8596
20:07:20,0.8584
20:07:21,0.8584
20:07:22,0.8559
20:07:23,0.8547
20:07:24,0.8535
20:07:25,0.8535
20:07:26,0.851
20:07:27,0.851
20:07:28,0.8498
20:07:29,0.8486
20:07:30,0.8462
20:07:31,0.8462
20:07:32,0.8462
20:07:33,0.8449
20:07:34,0.8437
20:07:36,0.8425
20:07:37,0.8437
20:07:38,0.84
20:07:39,0.84
20:07:40,0.8376
20:07:41,0.8388
20:07:42,0.8376
20:07:43,0.8364
20:07:44,0.8352
20:07:45,0.8339
20:07:46,0.8339
20:07:47,0.8339
20:07:48,0.8315
20:07:49,0.8315
20:07:50,0.8303
20:07:51,0.8278
20:07:52,0.8278
20:07:53,0.8291
20:07:54,0.8278
20:07:55,0.8278
20:07:56,0.8254
20:07:57,0.8242
20:07:58,0.8242
20:07:59,0.823
20:08:00,0.8217
20:08:01,0.8217
20:08:02,0.8205
20:08:03,0.8181
20:08:04,0.8181
20:08:05,0.8181
20:08:06,0.8193
20:08:07,0.8181
20:08:08,0.8168
20:08:09,0.8168
20:08:10,0.8144
20:08:11,0.8132
20:08:12,0.8132
20:08:13,0.8132
20:08:14,0.8132
20:08:15,0.8132
20:08:16,0.8107
20:08:17,0.8095
20:08:18,0.8071
20:08:19,0.8083
20:08:20,0.8095
20:08:21,0.8083
20:08:22,0.8071
20:08:23,0.8059
20:08:24,0.8059
20:08:25,0.8046
20:08:26,0.8046
20:08:27,0.8034
20:08:28,0.8034
20:08:29,0.8022
20:08:30,0.801
20:08:31,0.7998
20:08:32,0.801
20:08:33,0.801
20:08:34,0.7985
20:08:35,0.7985
20:08:36,0.7985
20:08:38,0.7985
20:08:39,0.7961
20:08:40,0.7961
20:08:41,0.7961
20:08:42,0.7937
20:08:43,0.7937
20:08:44,0.7924
20:08:45,0.7924
20:08:46,0.7912
20:08:47,0.7924
20:08:48,0.7912
20:08:49,0.7912
20:08:50,0.7888
20:08:51,0.7888
20:08:52,0.7875
20:08:53,0.7875
20:08:54,0.7875
20:08:55,0.7863
20:08:56,0.7863
20:08:57,0.7851
20:08:58,0.7839
20:08:59,0.7839
20:09:00,0.7814
20:09:01,0.7802
20:09:02,0.7802
20:09:03,0.7814
20:09:04,0.7802
20:09:05,0.7778
20:09:06,0.7778
20:09:07,0.7778
20:09:08,0.7766
20:09:09,0.7766
20:09:10,0.7766
20:09:11,0.7741
20:09:12,0.7717
20:09:13,0.7717
20:09:14,0.7717
20:09:15,0.7717
20:09:16,0.7717
20:09:17,0.7692
20:09:18,0.7692
20:09:19,0.768
20:09:20,0.7668
20:09:21,0.7668
20:09:22,0.7656
20:09:23,0.7656
20:09:24,0.7643
20:09:25,0.7643
20:09:26,0.7619
20:09:27,0.7631
20:09:28,0.7619
20:09:29,0.7607
20:09:30,0.7607
20:09:31,0.757
20:09:32,0.7582
20:09:33,0.757
20:09:34,0.7558
20:09:35,0.7546
20:09:36,0.7534
20:09:37,0.7534
20:09:38,0.7521
20:09:40,0.7521
20:09:41,0.7509
20:09:42,0.7497
20:09:43,0.7497
20:09:44,0.7485
20:09:45,0.7473
20:09:46,0.7448
20:09:47,0.746
20:09:48,0.746
20:09:49,0.7436
20:09:50,0.7436
20:09:51,0.7411
20:09:52,0.7411
20:09:53,0.7399
20:09:54,0.7399
20:09:55,0.7387
20:09:56,0.7375
20:09:57,0.735
20:09:58,0.7363
20:09:59,0.735
20:10:00,0.7326
20:10:01,0.7326
20:10:02,0.7314
20:10:03,0.7302
20:10:04,0.7289
20:10:05,0.7277
20:10:06,0.7277
20:10:07,0.7253
20:10:08,0.7253
20:10:09,0.7241
20:10:10,0.7241
20:10:11,0.7228
20:10:12,0.7216
20:10:13,0.7204
20:10:14,0.7179
20:10:15,0.7179
20:10:16,0.7167
20:10:17,0.7155
20:10:18,0.7155
20:10:19,0.7155
20:10:20,0.7118
20:10:21,0.7118
20:10:22,0.7094
20:10:23,0.7106
20:10:24,0.7082
20:10:25,0.707
20:10:26,0.7057
20:10:27,0.7045
20:10:28,0.7033
20:10:29,0.7045
20:10:30,0.7033
20:10:31,0.7021
20:10:32,0.7009
20:10:33,0.6996
20:10:34,0.6984
20:10:35,0.6972
20:10:36,0.696
20:10:37,0.6935
20:10:38,0.6935
20:10:39,0.6911
20:10:40,0.6911
20:10:42,0.6923
20:10:43,0.6886
20:10:44,0.6886
20:10:45,0.6874
20:10:46,0.6874
20:10:47,0.685
20:10:48,0.6838
20:10:49,0.6825
20:10:50,0.6813
20:10:51,0.6813
20:10:52,0.6801
20:10:53,0.6777
20:10:54,0.6777
20:10:55,0.6777
20:10:56,0.6764
20:10:57,0.674
20:10:58,0.6716
20:10:59,0.6716
20:11:00,0.6703
20:11:01,0.6703
20:11:02,0.6691
20:11:03,0.6667
20:11:04,0.6667
20:11:05,0.6654
20:11:06,0.6642
20:11:07,0.6618
20:11:08,0.6618
20:11:09,0.6606
20:11:10,0.6593
20:11:11,0.6581
20:11:12,0.6569
20:11:13,0.6557
20:11:14,0.6532
20:11:15,0.6532
20:11:16,0.652
20:11:17,0.6508
20:11:18,0.6496
20:11:19,0.6484
20:11:20,0.6484
20:11:21,0.6459
20:11:22,0.6447
20:11:23,0.6435
20:11:24,0.641
20:11:25,0.641
20:11:26,0.6398
20:11:27,0.6386
20:11:28,0.6374
20:11:29,0.6374
20:11:30,0.6349
20:11:31,0.6325
20:11:32,0.6325
20:11:33,0.63
20:11:34,0.63
20:11:35,0.6288
20:11:36,0.6276
20:11:37,0.6264
20:11:38,0.6252
20:11:39,0.6239
20:11:40,0.6215
20:11:41,0.6203
20:11:42,0.619
20:11:44,0.6178
20:11:45,0.6166
20:11:46,0.6154
20:11:47,0.6142
20:11:48,0.6129
20:11:49,0.6105
20:11:50,0.6093
20:11:51,0.6093
20:11:52,0.6081
20:11:53,0.6056
20:11:54,0.6056
20:11:55,0.6032
20:11:56,0.6007
20:11:57,0.5995
20:11:58,0.5995
20:11:59,0.5983
20:12:00,0.5971
20:12:01,0.5958
20:12:02,0.5946
20:12:03,0.5922
20:12:04,0.591
20:12:05,0.5897
20:12:06,0.5885
20:12:07,0.5873
20:12:08,0.5861
20:12:09,0.5849
20:12:10,0.5836
20:12:11,0.5824
20:12:12,0.58
20:12:13,0.5788
20:12:14,0.5775
20:12:15,0.5763
20:12:16,0.5739
20:12:17,0.5726
20:12:18,0.5714
20:12:19,0.5702
20:12:20,0.569
20:12:21,0.5665
20:12:22,0.5653
20:12:23,0.5641
20:12:24,0.5641
20:12:25,0.5617
20:12:26,0.5604
20:12:27,0.5592
20:12:28,0.558
20:12:29,0.5543
20:12:30,0.5531
20:12:31,0.5519
20:12:32,0.5507
20:12:33,0.5495
20:12:34,0.5482
20:12:35,0.547
20:12:36,0.5458
20:12:37,0.5421
20:12:38,0.5421
20:12:39,0.5397
20:12:40,0.5385
20:12:41,0.5372
20:12:42,0.536
20:12:43,0.5348
20:12:44,0.5336
20:12:46,0.5311
20:12:47,0.5287
20:12:48,0.5275
20:12:49,0.5263
20:12:50,0.525
20:12:51,0.5226
20:12:52,0.5214
20:12:53,0.5214
20:12:54,0.5177
20:12:55,0.5165
20:12:56,0.5153
20:12:57,0.514
20:12:58,0.5116
20:12:59,0.5104
20:13:00,0.5092
20:13:01,0.5079
20:13:02,0.5055
20:13:03,0.5043
20:13:04,0.5031
20:13:05,0.5006
20:13:06,0.4994
20:13:07,0.4982
20:13:08,0.4969
20:13:09,0.4957
20:13:10,0.4945
20:13:11,0.4921
20:13:12,0.4896
20:13:13,0.4884
20:13:14,0.4872
20:13:15,0.486
20:13:16,0.4835
20:13:17,0.4835
20:13:18,0.4811
20:13:19,0.4786
20:13:20,0.4774
20:13:21,0.475
20:13:22,0.4737
20:13:23,0.4737
20:13:24,0.4713
20:13:25,0.4701
20:13:26,0.4676
20:13:27,0.4664
20:13:28,0.464
20:13:29,0.464
20:13:30,0.4615
20:13:31,0.4603
20:13:32,0.4591
20:13:33,0.4567
20:13:34,0.4554
20:13:35,0.4542
20:13:36,0.4518
20:13:37,0.4518
20:13:38,0.4493
20:13:39,0.4481
20:13:40,0.4469
20:13:41,0.4457
20:13:42,0.442
20:13:43,0.4408
20:13:44,0.4396
20:13:45,0.4383
20:13:46,0.4371
20:13:48,0.4359
20:13:49,0.4322
20:13:50,0.4322
20:13:51,0.431
20:13:52,0.4286
20:13:53,0.4274
20:13:54,0.4274
20:13:55,0.4237
20:13:56,0.4225
20:13:57,0.4212
20:13:58,0.4212
20:13:59,0.4188
20:14:00,0.4176
20:14:01,0.4164
20:14:02,0.4139
20:14:03,0.4115
20:14:04,0.4115
20:14:05,0.4103
20:14:06,0.4078
20:14:07,0.4066
20:14:08,0.4066
20:14:09,0.4042
20:14:10,0.4017
20:14:11,0.4005
20:14:12,0.398
20:14:13,0.398
20:14:14,0.3968
20:14:15,0.3956
20:14:16,0.3944
20:14:17,0.3919
20:14:18,0.3907
20:14:19,0.3895
20:14:20,0.3883
20:14:21,0.3871
20:14:22,0.3858
20:14:23,0.3846
20:14:24,0.3822
20:14:25,0.381
20:14:26,0.3797
20:14:27,0.3773
20:14:28,0.3773
20:14:29,0.3761
20:14:30,0.3748
20:14:31,0.3748
20:14:32,0.3712
20:14:33,0.37
20:14:34,0.3687
20:14:35,0.3675
20:14:36,0.3663
20:14:37,0.3651
20:14:38,0.3639
20:14:39,0.3626
20:14:40,0.3626
20:14:41,0.359
20:14:42,0.3578
20:14:43,0.3565
20:14:44,0.3553
20:14:45,0.3541
20:14:46,0.3529
20:14:47,0.3516
20:14:48,0.3504
20:14:50,0.3492
20:14:51,0.3492
20:14:52,0.3468
20:14:53,0.3455
20:14:54,0.3443
20:14:55,0.3431
20:14:56,0.3431
20:14:57,0.3419
20:14:58,0.3394
20:14:59,0.3382
20:15:00,0.337
20:15:01,0.3358
20:15:02,0.3333
20:15:03,0.3333
20:15:04,0.3321
20:15:05,0.3321
20:15:06,0.3309
20:15:07,0.3297
20:15:08,0.3284
20:15:09,0.326
20:15:10,0.3248
20:15:11,0.3236
20:15:12,0.3223
20:15:13,0.3223
20:15:14,0.3211
20:15:15,0.3199
20:15:16,0.3199
20:15:17,0.3175
20:15:18,0.3162
20:15:19,0.3162
20:15:20,0.315
20:15:21,0.3126
20:15:22,0.3114
20:15:23,0.3101
20:15:24,0.3089
20:15:25,0.3077
20:15:26,0.3077
20:15:27,0.3065
20:15:28,0.3053
20:15:29,0.3053
20:15:30,0.304
20:15:31,0.3028
20:15:32,0.3004
20:15:33,0.2991
20:15:34,0.2979
20:15:35,0.2979
20:15:36,0.2967
20:15:37,0.2955
20:15:38,0.2955
20:15:39,0.2943
20:15:40,0.2943
20:15:41,0.2906
20:15:42,0.2906
20:15:43,0.2894
20:15:44,0.2882
20:15:45,0.2882
20:15:46,0.2869
20:15:47,0.2869
20:15:48,0.2857
20:15:49,0.2845
20:15:50,0.2845
20:15:52,0.2821
20:15:53,0.2808
20:15:54,0.2796
20:15:55,0.2796
20:15:56,0.2784
20:15:57,0.2772
20:15:58,0.2772
20:15:59,0.2759
20:16:00,0.2747
20:16:01,0.2735
20:16:02,0.2723
20:16:03,0.2711
20:16:04,0.2711
20:16:05,0.2711
20:16:06,0.2698
20:16:07,0.2698
20:16:08,0.2698
20:16:09,0.2674
20:16:10,0.2662
20:16:11,0.265
20:16:12,0.2637
20:16:13,0.2637
20:16:14,0.2637
20:16:15,0.2625
20:16:16,0.2625
20:16:17,0.2613
20:16:18,0.2613
20:16:19,0.2589
20:16:20,0.2576
20:16:21,0.2576
20:16:22,0.2564
20:16:23,0.2564
20:16:24,0.2564
20:16:25,0.2552
20:16:26,0.2552
20:16:27,0.254
20:16:28,0.2527
20:16:29,0.2527
20:16:30,0.2527
20:16:31,0.2515
20:16:32,0.2503
20:16:33,0.2491
20:16:34,0.2479
20:16:35,0.2479
20:16:36,0.2466
20:16:37,0.2466
20:16:38,0.2466
20:16:39,0.2454
20:16:40,0.2454
20:16:41,0.2442
20:16:42,0.2442
20:16:43,0.243
20:16:44,0.2418
20:16:45,0.2405
20:16:46,0.2405
20:16:47,0.2393
20:16:48,0.2393
20:16:49,0.2393
20:16:50,0.2393
20:16:51,0.2381
20:16:52,0.2381
20:16:54,0.2369
20:16:55,0.2369
20:16:56,0.2357
20:16:57,0.2344
20:16:58,0.2344
20:16:59,0.2332
20:17:00,0.232
20:17:01,0.232
20:17:02,0.232
20:17:03,0.232
20:17:04,0.2308
20:17:05,0.2308
20:17:06,0.2308
20:17:07,0.2283
20:17:08,0.2283
20:17:09,0.2271
20:17:10,0.2271
20:17:11,0.2271
20:17:12,0.2271
20:17:13,0.2271
20:17:14,0.2259
20:17:15,0.2259
20:17:16,0.2247
20:17:17,0.2234
20:17:18,0.2234
20:17:19,0.2222
20:17:20,0.2222
20:17:21,0.2222
20:17:22,0.2222
20:17:23,0.221
20:17:24,0.221
20:17:25,0.221
20:17:26,0.2198
20:17:27,0.2186
20:17:28,0.2186
20:17:29,0.2173
20:17:30,0.2173
20:17:31,0.2173
20:17:32,0.2161
20:17:33,0.2161
20:17:34,0.2173
20:17:35,0.2161
20:17:36,0.2149
20:17:37,0.2149
20:17:38,0.2149
20:17:39,0.2125
20:17:40,0.2125
20:17:41,0.2125
20:17:42,0.2125
20:17:43,0.2125
20:17:44,0.2125
20:17:45,0.2125
20:17:46,0.2112
20:17:47,0.21
20:17:48,0.2088
20:17:49,0.2088
20:17:50,0.2088
20:17:51,0.2088
20:17:52,0.2088
20:17:53,0.2088
20:17:54,0.2076
20:17:55,0.2076
20:17:57,0.2076
20:17:58,0.2063
20:17:59,0.2051
20:18:00,0.2051
20:18:01,0.2051
20:18:02,0.2039
20:18:03,0.2039
20:18:04,0.2039
20:18:05,0.2039
20:18:06,0.2039
20:18:07,0.2027
20:18:08,0.2027
20:18:09,0.2015
20:18:10,0.2015
20:18:11,0.2002
20:18:12,0.2002
20:18:13,0.2015
20:18:14,0.2002
20:18:15,0.199
20:18:16,0.1978
20:18:17,0.199
20:18:18,0.199
20:18:19,0.199
20:18:20,0.199
20:18:21,0.1978
20:18:22,0.1966
20:18:23,0.1966
20:18:24,0.1954
20:18:25,0.1954
20:18:26,0.1941
20:18:27,0.1954
20:18:28,0.1954
20:18:29,0.1941
20:18:30,0.1941
20:18:31,0.1941
20:18:32,0.1929
20:18:33,0.1917
20:18:34,0.1917
20:18:35,0.1917
20:18:36,0.1905
20:18:37,0.1905
20:18:38,0.1917
20:18:39,0.1905
20:18:40,0.1905
20:18:41,0.1905
20:18:42,0.1893
20:18:43,0.1893
20:18:44,0.1893
20:18:45,0.1893
20:18:46,0.188
20:18:47,0.1868
20:18:48,0.1868
20:18:49,0.1856
20:18:50,0.1868
20:18:51,0.1868
20:18:52,0.1856
20:18:53,0.1856
20:18:54,0.1856
20:18:55,0.1844
20:18:56,0.1832
20:18:57,0.1832
20:18:59,0.1844
20:19:00,0.1832
20:19:01,0.1832
20:19:02,0.1819
20:19:03,0.1819
20:19:04,0.1807
20:19:05,0.1807
20:19:06,0.1819
20:19:07,0.1807
20:19:08,0.1807
20:19:09,0.1807
20:19:10,0.1783
20:19:11,0.1783
20:19:12,0.1783
20:19:13,0.1795
20:19:14,0.1783
20:19:15,0.1783
20:19:16,0.177
20:19:17,0.1758
20:19:18,0.1758
20:19:19,0.1758
20:19:20,0.1758
20:19:21,0.1758
20:19:22,0.1758
20:19:23,0.1758
20:19:24,0.1746
20:19:25,0.1734
20:19:26,0.1734
20:19:27,0.1734
20:19:28,0.1734
20:19:29,0.1734
20:19:30,0.1722
20:19:31,0.1722
20:19:32,0.1709
20:19:33,0.1722
20:19:34,0.1722
20:19:35,0.1722
20:19:36,0.1709
20:19:37,0.1697
20:19:38,0.1697
20:19:39,0.1697
20:19:40,0.1697
20:19:41,0.1697
20:19:42,0.1685
20:19:43,0.1685
20:19:44,0.1673
20:19:45,0.1685
20:19:46,0.1685
20:19:47,0.1685
20:19:48,0.1673
20:19:49,0.1661
20:19:50,0.1661
20:19:51,0.1661
20:19:52,0.1661
20:19:53,0.1661
20:19:54,0.1661
20:19:55,0.1648
20:19:56,0.1648
20:19:57,0.1648
20:19:58,0.1648
20:19:59,0.1648
20:20:01,0.1624
20:20:02,0.1636
20:20:03,0.1636
20:20:04,0.1636
20:20:05,0.1624
20:20:06,0.1612
20:20:07,0.1612
20:20:08,0.1612
20:20:09,0.1624
20:20:10,0.1612
20:20:11,0.1612
20:20:12,0.16
20:20:13,0.16
20:20:14,0.1587
20:20:15,0.1612
20:20:16,0.16
20:20:17,0.16
20:20:18,0.16
20:20:19,0.1587
20:20:20,0.1575
20:20:21,0.1587
20:20:22,0.1587
20:20:23,0.1587
20:20:24,0.1587
20:20:25,0.1575
20:20:26,0.1563
20:20:27,0.0
20:20:28,0.1587
20:20:29,0.1575
20:20:30,0.1575
20:20:31,0.1563
20:20:32,0.1563
20:20:33,0.0
20:20:34,0.1563
20:20:35,0.0
20:20:36,0.0
20:20:37,0.1807
20:20:38,0.1563
20:20:39,0.0
20:20:40,0.1587
20:20:41,0.1624
20:20:42,0.1538
20:20:43,0.1538
20:20:44,0.1538
20:20:45,0.1636
20:20:46,0.0
20:20:47,0.1526
20:20:48,0.1526
20:20:49,0.1526
20:20:50,0.1526
20:20:51,0.1624
20:20:52,0.0
20:20:53,0.1514
20:20:54,0.1514
20:20:55,0.1514
20:20:56,0.1514
20:20:57,0.0
20:20:58,0.0
20:20:59,0.1502
20:21:00,0.1502
20:21:02,0.1514
20:21:03,0.1514
20:21:04,0.1514
20:21:05,0.1502
20:21:06,0.149
20:21:07,0.149
20:21:08,0.0
20:21:09,0.1502
20:21:10,0.1502
20:21:11,0.0
20:21:12,0.0
20:21:13,0.1477
20:21:14,0.1477
20:21:15,0.149
20:21:16,0.149
20:21:17,0.1477
20:21:18,0.0
20:21:19,0.149
20:21:20,0.1477
20:21:21,0.1477
20:21:22,0.1477
20:21:23,0.0
20:21:24,0.1526
20:21:25,0.1465
20:21:26,0.1453
20:21:27,0.1465
20:21:28,0.1465
20:21:29,0.1465
20:21:30,0.0
20:21:31,0.1453
20:21:32,0.1441
20:21:33,0.1453
20:21:34,0.1453
20:21:35,0.0
20:21:36,0.1453
20:21:37,0.1465
20:21:38,0.1441
20:21:39,0.1453
20:21:40,0.1441
20:21:41,0.1453
20:21:42,0.149
20:21:43,0.1429
20:21:44,0.1453
20:21:45,0.1477
20:21:46,0.1441
20:21:47,0.1416
20:21:48,0.1429
20:21:49,0.1429
20:21:50,0.1429
20:21:51,0.1429
20:21:52,0.0
20:21:53,0.1416
20:21:54,0.1416
20:21:55,0.1429
20:21:56,0.1429
20:21:57,0.1404
20:21:58,0.0
20:21:59,0.0
20:22:00,0.1416
20:22:01,0.0
20:22:02,0.1404
20:22:03,0.1404
20:22:05,0.1404
20:22:06,0.1416
20:22:07,0.0
20:22:08,0.1429
20:22:09,0.1392
20:22:10,0.1392
20:22:11,0.1502
20:22:12,0.1453
20:22:13,0.1392
20:22:14,0.1392
20:22:15,0.138
20:22:16,0.0
20:22:17,0.1392
20:22:18,0.1392
20:22:19,0.0
20:22:20,0.0
20:22:21,0.1734
20:22:22,0.1819
20:22:23,0.1844
20:22:24,0.1807
20:22:25,0.1685
20:22:26,0.1538
20:22:27,0.1392
20:22:28,0.1819
20:22:29,0.1832
20:22:30,0.1819
20:22:31,0.1832
20:22:32,0.1819
20:22:33,0.1807
20:22:34,0.1807
20:22:35,0.1819
20:22:36,0.1819
20:22:37,0.1807
20:22:38,0.1807
20:22:39,0.1807
20:22:40,0.1795
20:22:41,0.1795
20:22:42,0.1795
20:22:43,0.1795
20:22:44,0.1807
20:22:45,0.1795
20:22:46,0.1783
20:22:47,0.1783
20:22:48,0.1795
20:22:49,0.1795
20:22:50,0.1795
20:22:51,0.1783
20:22:52,0.177
20:22:53,0.1783
20:22:54,0.1783
20:22:55,0.1783
20:22:56,0.177
20:22:57,0.177
20:22:58,0.177
20:22:59,0.177
20:23:00,0.177
20:23:01,0.177
20:23:02,0.1758
20:23:03,0.1758
20:23:04,0.1758
20:23:05,0.1758
20:23:07,0.1758
20:23:08,0.1758
20:23:09,0.1746
20:23:10,0.1746
20:23:11,0.1746
20:23:12,0.1734
20:23:13,0.1734
20:23:14,0.1746
20:23:15,0.1746
20:23:16,0.1746
20:23:17,0.1734
20:23:18,0.1734
20:23:19,0.1722
20:23:20,0.1734
20:23:21,0.1734
20:23:22,0.1734
20:23:23,0.1722
20:23:24,0.1722
20:23:25,0.1722
20:23:26,0.1722
20:23:27,0.1734
20:23:28,0.1709
20:23:29,0.1709
20:23:30,0.1709
20:23:31,0.1722
20:23:32,0.1722
20:23:33,0.1722
20:23:34,0.1709
20:23:35,0.1697
20:23:36,0.1697
20:23:37,0.1709
20:23:38,0.1709
20:23:39,0.1709
20:23:40,0.1697
20:23:41,0.1709
20:23:42,0.1697
20:23:43,0.1685
20:23:44,0.1685
20:23:45,0.1685
20:23:46,0.1697
20:23:47,0.1697
20:23:48,0.1697
20:23:49,0.1697
20:23:50,0.1673
20:23:51,0.1673
20:23:52,0.1673
20:23:53,0.1685
20:23:54,0.1685
20:23:55,0.1685
20:23:56,0.1685
20:23:57,0.1673
20:23:58,0.1661
20:23:59,0.1661
20:24:00,0.1673
20:24:01,0.1673
20:24:02,0.1673
20:24:03,0.1661
20:24:04,0.1661
20:24:05,0.1648
20:24:06,0.1661
20:24:07,0.1661
20:24:09,0.1661
20:24:10,0.1661
20:24:11,0.1648
20:24:12,0.1648
20:24:13,0.1636
20:24:14,0.1648
20:24:15,0.1648
20:24:16,0.1648
20:24:17,0.1636
20:24:18,0.1636
20:24:19,0.1636
20:24:20,0.1648
20:24:21,0.1636
20:24:22,0.1648
20:24:23,0.1636
20:24:24,0.1624
20:24:25,0.1624
20:24:26,0.1636
20:24:27,0.1636
20:24:28,0.1636
20:24:29,0.1636
20:24:30,0.1612
20:24:31,0.1612
20:24:32,0.1612
20:24:33,0.1624
20:24:34,0.1624
20:24:35,0.1624
20:24:36,0.1612
20:24:37,0.1612
20:24:38,0.16
20:24:39,0.1612
20:24:40,0.1612
20:24:41,0.1612
20:24:42,0.16
20:24:43,0.1587
20:24:44,0.1587
20:24:45,0.1587
20:24:46,0.16
20:24:47,0.16
20:24:48,0.16
20:24:49,0.1575
20:24:50,0.1575
20:24:51,0.1575
20:24:52,0.1587
20:24:53,0.1587
20:24:54,0.1587
20:24:55,0.1575
20:24:56,0.1563
20:24:57,0.1563
20:24:58,0.1575
20:24:59,0.1575
20:25:00,0.1563
20:25:01,0.1575
20:25:02,0.1551
20:25:03,0.1551
20:25:04,0.1551
20:25:05,0.1563
20:25:06,0.1563
20:25:07,0.1538
20:25:08,0.1538
20:25:09,0.1551
20:25:11,0.1551
20:25:12,0.1551
20:25:13,0.1538
20:25:14,0.1526
20:25:15,0.1538
20:25:16,0.1538
20:25:17,0.1526
20:25:18,0.1526
20:25:19,0.1514
20:25:20,0.1526
20:25:21,0.1526
20:25:22,0.1514
20:25:23,0.1514
20:25:24,0.1514
20:25:25,0.1514
20:25:26,0.1514
20:25:27,0.1514
20:25:28,0.1502
20:25:29,0.149
20:25:30,0.1514
20:25:31,0.1502
20:25:32,0.1502
20:25:33,0.149
20:25:34,0.149
20:25:35,0.149
20:25:36,0.149
20:25:37,0.149
20:25:38,0.1477
20:25:39,0.1477
20:25:40,0.1465
20:25:41,0.1477
20:25:42,0.1477
20:25:43,0.1477
20:25:44,0.1465
20:25:45,0.1453
20:25:46,0.1477
20:25:47,0.1465
20:25:48,0.1453
20:25:49,0.1453
20:25:50,0.1441
20:25:51,0.1453
20:25:52,0.1453
20:25:53,0.1441
20:25:54,0.1441
20:25:55,0.1441
20:25:56,0.1441
20:25:57,0.1441
20:25:58,0.1429
20:25:59,0.1429
20:26:00,0.1429
20:26:01,0.1429
20:26:02,0.1429
20:26:03,0.1416
20:26:04,0.1416
20:26:05,0.1404
20:26:06,0.1416
20:26:07,0.1416
20:26:08,0.1404
20:26:09,0.1392
20:26:10,0.1392
20:26:11,0.1404
20:26:12,0.1404
20:26:14,0.1404
20:26:15,0.138
20:26:16,0.138
20:26:17,0.138
20:26:18,0.1392
20:26:19,0.138
20:26:20,0.138
20:26:21,0.1368
20:26:22,0.1368
20:26:23,0.1355
20:26:24,0.1368
20:26:25,0.1368
20:26:26,0.1368
20:26:27,0.1355
20:26:28,0.1343
20:26:29,0.1343
20:26:30,0.1343
20:26:31,0.1343
20:26:32,0.1343
20:26:33,0.1343
20:26:34,0.1331
20:26:35,0.1319
20:26:36,0.1319
20:26:37,0.1319
20:26:38,0.1331
20:26:39,0.1331
20:26:40,0.1319
20:26:41,0.1306
20:26:42,0.1319
20:26:43,0.1319
20:26:44,0.1306
20:26:45,0.1294
20:26:46,0.1294
20:26:47,0.1294
20:26:48,0.1294
20:26:49,0.1294
20:26:50,0.1282
20:26:51,0.1282
20:26:52,0.127
20:26:53,0.1282
20:26:54,0.1282
20:26:55,0.1282
20:26:56,0.127
20:26:57,0.1258
20:26:58,0.1258
20:26:59,0.127
20:27:00,0.127
20:27:01,0.1258
20:27:02,0.1245
20:27:03,0.1245
20:27:04,0.1258
20:27:05,0.1245
20:27:06,0.1245
20:27:07,0.1233
20:27:08,0.1233
20:27:09,0.1233
20:27:10,0.1233
20:27:11,0.1233
20:27:12,0.1233
20:27:13,0.1221
20:27:15,0.1209
20:27:16,0.1221
20:27:17,0.1221
20:27:18,0.1209
20:27:19,0.1209
20:27:20,0.1209
20:27:21,0.1209
20:27:22,0.1209
20:27:23,0.1197
20:27:24,0.1184
20:27:25,0.1197
20:27:26,0.1197
20:27:27,0.1184
20:27:28,0.1184
20:27:29,0.1172
20:27:30,0.1184
20:27:31,0.1184
20:27:32,0.1172
20:27:33,0.1172
20:27:34,0.116
20:27:35,0.1172
20:27:36,0.1172
20:27:37,0.116
20:27:38,0.1148
20:27:39,0.116
20:27:40,0.116
20:27:41,0.1148
20:27:42,0.1148
20:27:43,0.1148
20:27:44,0.1148
20:27:45,0.1148
20:27:46,0.1136
20:27:47,0.1123
20:27:48,0.1136
20:27:49,0.1136
20:27:50,0.1136
20:27:51,0.1123
20:27:52,0.1111
20:27:53,0.1123
20:27:54,0.1123
20:27:55,0.1099
20:27:56,0.1099
20:27:57,0.1099
20:27:58,0.1111
20:27:59,0.1099
20:28:00,0.1087
20:28:01,0.1087
20:28:02,0.1087
20:28:03,0.1099
20:28:04,0.1087
20:28:05,0.1074
20:28:06,0.1074
20:28:07,0.1087
20:28:08,0.1087
20:28:09,0.1062
20:28:10,0.1062
20:28:11,0.1062
20:28:12,0.1074
20:28:13,0.1062
20:28:14,0.105
20:28:15,0.105
20:28:16,0.1062
20:28:18,0.1062
20:28:19,0.1038
20:28:20,0.1038
20:28:21,0.105
20:28:22,0.105
20:28:23,0.1038
20:28:24,0.1026
20:28:25,0.1038
20:28:26,0.1038
20:28:27,0.1038
20:28:28,0.1026
20:28:29,0.1026
20:28:30,0.1026
20:28:31,0.1026
20:28:32,0.1013
20:28:33,0.1013
20:28:34,0.1013
20:28:35,0.1013
20:28:36,0.1013
20:28:37,0.1001
20:28:38,0.1001
20:28:39,0.1001
20:28:40,0.1001
20:28:41,0.0989
20:28:42,0.0989
20:28:43,0.1001
20:28:44,0.1001
20:28:45,0.0989
20:28:46,0.0989
20:28:47,0.0989
20:28:48,0.0989
20:28:49,0.0977
20:28:50,0.0977
20:28:51,0.0989
20:28:52,0.0965
20:28:53,0.0965
20:28:54,0.0977
20:28:55,0.0977
20:28:56,0.0952
20:28:57,0.0952
20:28:58,0.0965
20:28:59,0.0965
20:29:00,0.0952
20:29:01,0.0965
20:29:02,0.0965
20:29:03,0.094
20:29:04,0.094
20:29:05,0.0952
20:29:06,0.094
20:29:07,0.094
20:29:08,0.0952
20:29:09,0.094
20:29:10,0.0928
20:29:11,0.0928
20:29:12,0.094
20:29:13,0.0928
20:29:14,0.0916
20:29:15,0.0928
20:29:16,0.0928
20:29:17,0.0916
20:29:18,0.0904
20:29:19,0.0916
20:29:21,0.0928
20:29:22,0.0904
20:29:23,0.0904
20:29:24,0.0916
20:29:25,0.0916
20:29:26,0.0904
20:29:27,0.0904
20:29:28,0.0916
20:29:29,0.0904
20:29:30,0.0928
20:29:31,0.094
20:29:32,0.094
20:29:33,0.0928
20:29:34,0.094
20:29:35,0.094
20:29:36,0.0928
20:29:37,0.0916
20:29:38,0.0928
20:29:39,0.0928
20:29:40,0.0916
20:29:41,0.0916
20:29:42,0.0928
20:29:43,0.0916
20:29:44,0.0904
20:29:45,0.0916
20:29:46,0.0916
20:29:47,0.0904
20:29:48,0.0891
20:29:49,0.0904
20:29:50,0.0904
20:29:51,0.0891
20:29:52,0.0904
20:29:53,0.0904
20:29:54,0.0879
20:29:55,0.0891
20:29:56,0.0891
20:29:57,0.0879
20:29:58,0.0891
20:29:59,0.0891
20:30:00,0.0867
20:30:01,0.0879
20:30:02,0.0879
20:30:03,0.0867
20:30:04,0.0855
20:30:05,0.0867
20:30:06,0.0879
20:30:07,0.0855
20:30:08,0.0867
20:30:09,0.0867
20:30:10,0.0855
20:30:11,0.0842
20:30:12,0.0855
20:30:13,0.0855
20:30:14,0.0842
20:30:15,0.0855
20:30:16,0.0855
20:30:17,0.083
20:30:18,0.083
20:30:19,0.0842
20:30:20,0.083
20:30:21,0.0818
20:30:22,0.083
